[     210ms] [INFO] %cDownload the React DevTools for a better development experience: https://react.dev/link/react-devtools font-weight:bold @ http://localhost:3000/_next/static/chunks/node_modules_next_dist_f3530cac._.js:2297
[     256ms] [LOG] [HMR] connected @ http://localhost:3000/_next/static/chunks/node_modules_next_dist_f3530cac._.js:2297
[    6753ms] [LOG] [Fast Refresh] rebuilding @ http://localhost:3000/_next/static/chunks/node_modules_next_dist_f3530cac._.js:2297
[    6984ms] [LOG] [Fast Refresh] done in 312ms @ http://localhost:3000/_next/static/chunks/node_modules_next_dist_f3530cac._.js:2297
[   14528ms] [LOG] [Fast Refresh] rebuilding @ http://localhost:3000/_next/static/chunks/node_modules_next_dist_f3530cac._.js:2297
[   14529ms] [LOG] [Fast Refresh] done in 114ms @ http://localhost:3000/_next/static/chunks/node_modules_next_dist_f3530cac._.js:2297
[  325275ms] [LOG] [Fast Refresh] rebuilding @ http://localhost:3000/_next/static/chunks/node_modules_next_dist_f3530cac._.js:2297
[  325432ms] [LOG] [Fast Refresh] done in 236ms @ http://localhost:3000/_next/static/chunks/node_modules_next_dist_f3530cac._.js:2297
[  394386ms] [LOG] [Fast Refresh] rebuilding @ http://localhost:3000/_next/static/chunks/node_modules_next_dist_f3530cac._.js:2297
[  394506ms] [LOG] [Fast Refresh] done in 197ms @ http://localhost:3000/_next/static/chunks/node_modules_next_dist_f3530cac._.js:2297
[  396018ms] [LOG] [Fast Refresh] rebuilding @ http://localhost:3000/_next/static/chunks/node_modules_next_dist_f3530cac._.js:2297
[  396108ms] [LOG] [Fast Refresh] done in 197ms @ http://localhost:3000/_next/static/chunks/node_modules_next_dist_f3530cac._.js:2297
[  400620ms] [LOG] [Fast Refresh] rebuilding @ http://localhost:3000/_next/static/chunks/node_modules_next_dist_f3530cac._.js:2297
[  400732ms] [LOG] [Fast Refresh] done in 191ms @ http://localhost:3000/_next/static/chunks/node_modules_next_dist_f3530cac._.js:2297
[  403102ms] [LOG] [Fast Refresh] rebuilding @ http://localhost:3000/_next/static/chunks/node_modules_next_dist_f3530cac._.js:2297
[  403164ms] [LOG] [Fast Refresh] done in 114ms @ http://localhost:3000/_next/static/chunks/node_modules_next_dist_f3530cac._.js:2297
[  466519ms] [LOG] [Fast Refresh] rebuilding @ http://localhost:3000/_next/static/chunks/node_modules_next_dist_f3530cac._.js:2297
[  466815ms] [LOG] [Fast Refresh] done in 405ms @ http://localhost:3000/_next/static/chunks/node_modules_next_dist_f3530cac._.js:2297
[  530776ms] [LOG] [Fast Refresh] rebuilding @ http://localhost:3000/_next/static/chunks/node_modules_next_dist_f3530cac._.js:2297
[  530889ms] [LOG] [Fast Refresh] done in 189ms @ http://localhost:3000/_next/static/chunks/node_modules_next_dist_f3530cac._.js:2297
[  632128ms] [LOG] [Fast Refresh] rebuilding @ http://localhost:3000/_next/static/chunks/node_modules_next_dist_f3530cac._.js:2297
[  632191ms] [LOG] [Fast Refresh] done in 123ms @ http://localhost:3000/_next/static/chunks/node_modules_next_dist_f3530cac._.js:2297
[  694346ms] [LOG] [Fast Refresh] rebuilding @ http://localhost:3000/_next/static/chunks/node_modules_next_dist_f3530cac._.js:2297
[  694424ms] [LOG] [Fast Refresh] done in 144ms @ http://localhost:3000/_next/static/chunks/node_modules_next_dist_f3530cac._.js:2297
[  739072ms] [LOG] [Fast Refresh] rebuilding @ http://localhost:3000/_next/static/chunks/node_modules_next_dist_f3530cac._.js:2297
[  739228ms] [LOG] [Fast Refresh] done in 261ms @ http://localhost:3000/_next/static/chunks/node_modules_next_dist_f3530cac._.js:2297
[  953391ms] [LOG] [Fast Refresh] rebuilding @ http://localhost:3000/_next/static/chunks/node_modules_next_dist_f3530cac._.js:2297
[  953401ms] [LOG] [Fast Refresh] done in 113ms @ http://localhost:3000/_next/static/chunks/node_modules_next_dist_f3530cac._.js:2297
[ 1270783ms] [LOG] [Fast Refresh] rebuilding @ http://localhost:3000/_next/static/chunks/node_modules_next_dist_f3530cac._.js:2297
[ 1271311ms] [LOG] [Fast Refresh] done in 568ms @ http://localhost:3000/_next/static/chunks/node_modules_next_dist_f3530cac._.js:2297
[ 1314429ms] [LOG] [Fast Refresh] rebuilding @ http://localhost:3000/_next/static/chunks/node_modules_next_dist_f3530cac._.js:2297
[ 1314564ms] [LOG] [Fast Refresh] done in 197ms @ http://localhost:3000/_next/static/chunks/node_modules_next_dist_f3530cac._.js:2297
[ 1314675ms] [LOG] [Fast Refresh] rebuilding @ http://localhost:3000/_next/static/chunks/node_modules_next_dist_f3530cac._.js:2297
[ 1315295ms] [LOG] [Fast Refresh] done in 730ms @ http://localhost:3000/_next/static/chunks/node_modules_next_dist_f3530cac._.js:2297
[ 1315482ms] [LOG] [Fast Refresh] rebuilding @ http://localhost:3000/_next/static/chunks/node_modules_next_dist_f3530cac._.js:2297
[ 1315489ms] [LOG] [Fast Refresh] done in 111ms @ http://localhost:3000/_next/static/chunks/node_modules_next_dist_f3530cac._.js:2297
[ 1315683ms] [LOG] [Fast Refresh] rebuilding @ http://localhost:3000/_next/static/chunks/node_modules_next_dist_f3530cac._.js:2297
[ 1315685ms] [LOG] [Fast Refresh] done in 112ms @ http://localhost:3000/_next/static/chunks/node_modules_next_dist_f3530cac._.js:2297
[ 1491031ms] [LOG] [Fast Refresh] rebuilding @ http://localhost:3000/_next/static/chunks/node_modules_next_dist_f3530cac._.js:2297
[ 1491224ms] [LOG] [Fast Refresh] done in 299ms @ http://localhost:3000/_next/static/chunks/node_modules_next_dist_f3530cac._.js:2297
[ 1506222ms] [LOG] [Fast Refresh] rebuilding @ http://localhost:3000/_next/static/chunks/node_modules_next_dist_f3530cac._.js:2297
[ 1506223ms] [LOG] [Fast Refresh] done in 109ms @ http://localhost:3000/_next/static/chunks/node_modules_next_dist_f3530cac._.js:2297
[ 1523435ms] [LOG] [Fast Refresh] rebuilding @ http://localhost:3000/_next/static/chunks/node_modules_next_dist_f3530cac._.js:2297
[ 1523980ms] [ERROR] ./app/music/charts/ChartsPageClient.tsx:494:10
Ecmascript file had an error
  492 | }
  493 |
> 494 | function FakeBundlePreview({ album }: { album: AlbumResourcePack }) {
      |          ^^^^^^^^^^^^^^^^^
  495 |   return (
  496 |     <div className={styles.bundleMock}>
  497 |       <div className={styles.bundleStack} aria-hidden="true">

the name `FakeBundlePreview` is defined multiple times

Import trace:
  Server Component:
    ./app/music/charts/ChartsPageClient.tsx
    ./app/music/charts/page.tsx @ http://localhost:3000/_next/static/chunks/node_modules_next_dist_f3530cac._.js:3127
[ 1523981ms] [ERROR] ./app/music/charts/ChartsPageClient.tsx:455:10
Ecmascript file had an error
  453 | }
  454 |
> 455 | function FakeChordChart({ title, selectedKey }: { title: string; selectedKey: string }) {
      |          ^^^^^^^^^^^^^^
  456 |   return (
  457 |     <div className={styles.pdfMock}>
  458 |       <div className={styles.pdfToolbar} aria-hidden="true">

the name `FakeChordChart` is defined multiple times

Import trace:
  Server Component:
    ./app/music/charts/ChartsPageClient.tsx
    ./app/music/charts/page.tsx @ http://localhost:3000/_next/static/chunks/node_modules_next_dist_f3530cac._.js:3127
[ 1523981ms] [ERROR] ./app/music/charts/ChartsPageClient.tsx:106:10
Ecmascript file had an error
  104 | }
  105 |
> 106 | function getAlbumProduct(album: AlbumResourcePack, resourceType: ResourceType) {
      |          ^^^^^^^^^^^^^^^
  107 |   return album.products[resourceType] ?? album.products["Full Pack"] ?? Object.values(album.products)[0];
  108 | }
  109 |

the name `getAlbumProduct` is defined multiple times

Import trace:
  Server Component:
    ./app/music/charts/ChartsPageClient.tsx
    ./app/music/charts/page.tsx @ http://localhost:3000/_next/static/chunks/node_modules_next_dist_f3530cac._.js:3127
[ 1523981ms] [ERROR] ./app/music/charts/ChartsPageClient.tsx:102:10
Ecmascript file had an error
  100 | }
  101 |
> 102 | function getSongProduct(song: SongResource, resourceType: Exclude<ResourceType, "Full Pack">) {
      |          ^^^^^^^^^^^^^^
  103 |   return song.products[resourceType] ?? song.products[DEFAULT_SONG_RESOURCE];
  104 | }
  105 |

the name `getSongProduct` is defined multiple times

Import trace:
  Server Component:
    ./app/music/charts/ChartsPageClient.tsx
    ./app/music/charts/page.tsx @ http://localhost:3000/_next/static/chunks/node_modules_next_dist_f3530cac._.js:3127
[ 1524147ms] [ERROR] ./app/music/charts/ChartsPageClient.tsx:494:10
Ecmascript file had an error
  492 | }
  493 |
> 494 | function FakeBundlePreview({ album }: { album: AlbumResourcePack }) {
      |          ^^^^^^^^^^^^^^^^^
  495 |   return (
  496 |     <div className={styles.bundleMock}>
  497 |       <div className={styles.bundleStack} aria-hidden="true">

the name `FakeBundlePreview` is defined multiple times

Import trace:
  Server Component:
    ./app/music/charts/ChartsPageClient.tsx
    ./app/music/charts/page.tsx @ http://localhost:3000/_next/static/chunks/node_modules_next_dist_f3530cac._.js:3127
[ 1524147ms] [ERROR] ./app/music/charts/ChartsPageClient.tsx:455:10
Ecmascript file had an error
  453 | }
  454 |
> 455 | function FakeChordChart({ title, selectedKey }: { title: string; selectedKey: string }) {
      |          ^^^^^^^^^^^^^^
  456 |   return (
  457 |     <div className={styles.pdfMock}>
  458 |       <div className={styles.pdfToolbar} aria-hidden="true">

the name `FakeChordChart` is defined multiple times

Import trace:
  Server Component:
    ./app/music/charts/ChartsPageClient.tsx
    ./app/music/charts/page.tsx @ http://localhost:3000/_next/static/chunks/node_modules_next_dist_f3530cac._.js:3127
[ 1524147ms] [ERROR] ./app/music/charts/ChartsPageClient.tsx:106:10
Ecmascript file had an error
  104 | }
  105 |
> 106 | function getAlbumProduct(album: AlbumResourcePack, resourceType: ResourceType) {
      |          ^^^^^^^^^^^^^^^
  107 |   return album.products[resourceType] ?? album.products["Full Pack"] ?? Object.values(album.products)[0];
  108 | }
  109 |

the name `getAlbumProduct` is defined multiple times

Import trace:
  Server Component:
    ./app/music/charts/ChartsPageClient.tsx
    ./app/music/charts/page.tsx @ http://localhost:3000/_next/static/chunks/node_modules_next_dist_f3530cac._.js:3127
[ 1524148ms] [ERROR] ./app/music/charts/ChartsPageClient.tsx:102:10
Ecmascript file had an error
  100 | }
  101 |
> 102 | function getSongProduct(song: SongResource, resourceType: Exclude<ResourceType, "Full Pack">) {
      |          ^^^^^^^^^^^^^^
  103 |   return song.products[resourceType] ?? song.products[DEFAULT_SONG_RESOURCE];
  104 | }
  105 |

the name `getSongProduct` is defined multiple times

Import trace:
  Server Component:
    ./app/music/charts/ChartsPageClient.tsx
    ./app/music/charts/page.tsx @ http://localhost:3000/_next/static/chunks/node_modules_next_dist_f3530cac._.js:3127
[ 1524241ms] [ERROR] ./app/music/charts/ChartsPageClient.tsx:494:10
Ecmascript file had an error
  492 | }
  493 |
> 494 | function FakeBundlePreview({ album }: { album: AlbumResourcePack }) {
      |          ^^^^^^^^^^^^^^^^^
  495 |   return (
  496 |     <div className={styles.bundleMock}>
  497 |       <div className={styles.bundleStack} aria-hidden="true">

the name `FakeBundlePreview` is defined multiple times

Import trace:
  Server Component:
    ./app/music/charts/ChartsPageClient.tsx
    ./app/music/charts/page.tsx @ http://localhost:3000/_next/static/chunks/node_modules_next_dist_f3530cac._.js:3127
[ 1524241ms] [ERROR] ./app/music/charts/ChartsPageClient.tsx:455:10
Ecmascript file had an error
  453 | }
  454 |
> 455 | function FakeChordChart({ title, selectedKey }: { title: string; selectedKey: string }) {
      |          ^^^^^^^^^^^^^^
  456 |   return (
  457 |     <div className={styles.pdfMock}>
  458 |       <div className={styles.pdfToolbar} aria-hidden="true">

the name `FakeChordChart` is defined multiple times

Import trace:
  Server Component:
    ./app/music/charts/ChartsPageClient.tsx
    ./app/music/charts/page.tsx @ http://localhost:3000/_next/static/chunks/node_modules_next_dist_f3530cac._.js:3127
[ 1524241ms] [ERROR] ./app/music/charts/ChartsPageClient.tsx:106:10
Ecmascript file had an error
  104 | }
  105 |
> 106 | function getAlbumProduct(album: AlbumResourcePack, resourceType: ResourceType) {
      |          ^^^^^^^^^^^^^^^
  107 |   return album.products[resourceType] ?? album.products["Full Pack"] ?? Object.values(album.products)[0];
  108 | }
  109 |

the name `getAlbumProduct` is defined multiple times

Import trace:
  Server Component:
    ./app/music/charts/ChartsPageClient.tsx
    ./app/music/charts/page.tsx @ http://localhost:3000/_next/static/chunks/node_modules_next_dist_f3530cac._.js:3127
[ 1524242ms] [ERROR] ./app/music/charts/ChartsPageClient.tsx:102:10
Ecmascript file had an error
  100 | }
  101 |
> 102 | function getSongProduct(song: SongResource, resourceType: Exclude<ResourceType, "Full Pack">) {
      |          ^^^^^^^^^^^^^^
  103 |   return song.products[resourceType] ?? song.products[DEFAULT_SONG_RESOURCE];
  104 | }
  105 |

the name `getSongProduct` is defined multiple times

Import trace:
  Server Component:
    ./app/music/charts/ChartsPageClient.tsx
    ./app/music/charts/page.tsx @ http://localhost:3000/_next/static/chunks/node_modules_next_dist_f3530cac._.js:3127
[ 1524327ms] [ERROR] ./app/music/charts/ChartsPageClient.tsx:494:10
Ecmascript file had an error
  492 | }
  493 |
> 494 | function FakeBundlePreview({ album }: { album: AlbumResourcePack }) {
      |          ^^^^^^^^^^^^^^^^^
  495 |   return (
  496 |     <div className={styles.bundleMock}>
  497 |       <div className={styles.bundleStack} aria-hidden="true">

the name `FakeBundlePreview` is defined multiple times

Import trace:
  Server Component:
    ./app/music/charts/ChartsPageClient.tsx
    ./app/music/charts/page.tsx @ http://localhost:3000/_next/static/chunks/node_modules_next_dist_f3530cac._.js:3127
[ 1524328ms] [ERROR] ./app/music/charts/ChartsPageClient.tsx:455:10
Ecmascript file had an error
  453 | }
  454 |
> 455 | function FakeChordChart({ title, selectedKey }: { title: string; selectedKey: string }) {
      |          ^^^^^^^^^^^^^^
  456 |   return (
  457 |     <div className={styles.pdfMock}>
  458 |       <div className={styles.pdfToolbar} aria-hidden="true">

the name `FakeChordChart` is defined multiple times

Import trace:
  Server Component:
    ./app/music/charts/ChartsPageClient.tsx
    ./app/music/charts/page.tsx @ http://localhost:3000/_next/static/chunks/node_modules_next_dist_f3530cac._.js:3127
[ 1524328ms] [ERROR] ./app/music/charts/ChartsPageClient.tsx:106:10
Ecmascript file had an error
  104 | }
  105 |
> 106 | function getAlbumProduct(album: AlbumResourcePack, resourceType: ResourceType) {
      |          ^^^^^^^^^^^^^^^
  107 |   return album.products[resourceType] ?? album.products["Full Pack"] ?? Object.values(album.products)[0];
  108 | }
  109 |

the name `getAlbumProduct` is defined multiple times

Import trace:
  Server Component:
    ./app/music/charts/ChartsPageClient.tsx
    ./app/music/charts/page.tsx @ http://localhost:3000/_next/static/chunks/node_modules_next_dist_f3530cac._.js:3127
[ 1524329ms] [ERROR] ./app/music/charts/ChartsPageClient.tsx:102:10
Ecmascript file had an error
  100 | }
  101 |
> 102 | function getSongProduct(song: SongResource, resourceType: Exclude<ResourceType, "Full Pack">) {
      |          ^^^^^^^^^^^^^^
  103 |   return song.products[resourceType] ?? song.products[DEFAULT_SONG_RESOURCE];
  104 | }
  105 |

the name `getSongProduct` is defined multiple times

Import trace:
  Server Component:
    ./app/music/charts/ChartsPageClient.tsx
    ./app/music/charts/page.tsx @ http://localhost:3000/_next/static/chunks/node_modules_next_dist_f3530cac._.js:3127
[ 1524410ms] [ERROR] ./app/music/charts/ChartsPageClient.tsx:494:10
Ecmascript file had an error
  492 | }
  493 |
> 494 | function FakeBundlePreview({ album }: { album: AlbumResourcePack }) {
      |          ^^^^^^^^^^^^^^^^^
  495 |   return (
  496 |     <div className={styles.bundleMock}>
  497 |       <div className={styles.bundleStack} aria-hidden="true">

the name `FakeBundlePreview` is defined multiple times

Import trace:
  Server Component:
    ./app/music/charts/ChartsPageClient.tsx
    ./app/music/charts/page.tsx @ http://localhost:3000/_next/static/chunks/node_modules_next_dist_f3530cac._.js:3127
[ 1524410ms] [ERROR] ./app/music/charts/ChartsPageClient.tsx:455:10
Ecmascript file had an error
  453 | }
  454 |
> 455 | function FakeChordChart({ title, selectedKey }: { title: string; selectedKey: string }) {
      |          ^^^^^^^^^^^^^^
  456 |   return (
  457 |     <div className={styles.pdfMock}>
  458 |       <div className={styles.pdfToolbar} aria-hidden="true">

the name `FakeChordChart` is defined multiple times

Import trace:
  Server Component:
    ./app/music/charts/ChartsPageClient.tsx
    ./app/music/charts/page.tsx @ http://localhost:3000/_next/static/chunks/node_modules_next_dist_f3530cac._.js:3127
[ 1524411ms] [ERROR] ./app/music/charts/ChartsPageClient.tsx:106:10
Ecmascript file had an error
  104 | }
  105 |
> 106 | function getAlbumProduct(album: AlbumResourcePack, resourceType: ResourceType) {
      |          ^^^^^^^^^^^^^^^
  107 |   return album.products[resourceType] ?? album.products["Full Pack"] ?? Object.values(album.products)[0];
  108 | }
  109 |

the name `getAlbumProduct` is defined multiple times

Import trace:
  Server Component:
    ./app/music/charts/ChartsPageClient.tsx
    ./app/music/charts/page.tsx @ http://localhost:3000/_next/static/chunks/node_modules_next_dist_f3530cac._.js:3127
[ 1524411ms] [ERROR] ./app/music/charts/ChartsPageClient.tsx:102:10
Ecmascript file had an error
  100 | }
  101 |
> 102 | function getSongProduct(song: SongResource, resourceType: Exclude<ResourceType, "Full Pack">) {
      |          ^^^^^^^^^^^^^^
  103 |   return song.products[resourceType] ?? song.products[DEFAULT_SONG_RESOURCE];
  104 | }
  105 |

the name `getSongProduct` is defined multiple times

Import trace:
  Server Component:
    ./app/music/charts/ChartsPageClient.tsx
    ./app/music/charts/page.tsx @ http://localhost:3000/_next/static/chunks/node_modules_next_dist_f3530cac._.js:3127
[ 1524481ms] [ERROR] ./app/music/charts/ChartsPageClient.tsx:494:10
Ecmascript file had an error
  492 | }
  493 |
> 494 | function FakeBundlePreview({ album }: { album: AlbumResourcePack }) {
      |          ^^^^^^^^^^^^^^^^^
  495 |   return (
  496 |     <div className={styles.bundleMock}>
  497 |       <div className={styles.bundleStack} aria-hidden="true">

the name `FakeBundlePreview` is defined multiple times

Import trace:
  Server Component:
    ./app/music/charts/ChartsPageClient.tsx
    ./app/music/charts/page.tsx @ http://localhost:3000/_next/static/chunks/node_modules_next_dist_f3530cac._.js:3127
[ 1524481ms] [ERROR] ./app/music/charts/ChartsPageClient.tsx:455:10
Ecmascript file had an error
  453 | }
  454 |
> 455 | function FakeChordChart({ title, selectedKey }: { title: string; selectedKey: string }) {
      |          ^^^^^^^^^^^^^^
  456 |   return (
  457 |     <div className={styles.pdfMock}>
  458 |       <div className={styles.pdfToolbar} aria-hidden="true">

the name `FakeChordChart` is defined multiple times

Import trace:
  Server Component:
    ./app/music/charts/ChartsPageClient.tsx
    ./app/music/charts/page.tsx @ http://localhost:3000/_next/static/chunks/node_modules_next_dist_f3530cac._.js:3127
[ 1524481ms] [ERROR] ./app/music/charts/ChartsPageClient.tsx:106:10
Ecmascript file had an error
  104 | }
  105 |
> 106 | function getAlbumProduct(album: AlbumResourcePack, resourceType: ResourceType) {
      |          ^^^^^^^^^^^^^^^
  107 |   return album.products[resourceType] ?? album.products["Full Pack"] ?? Object.values(album.products)[0];
  108 | }
  109 |

the name `getAlbumProduct` is defined multiple times

Import trace:
  Server Component:
    ./app/music/charts/ChartsPageClient.tsx
    ./app/music/charts/page.tsx @ http://localhost:3000/_next/static/chunks/node_modules_next_dist_f3530cac._.js:3127
[ 1524481ms] [ERROR] ./app/music/charts/ChartsPageClient.tsx:102:10
Ecmascript file had an error
  100 | }
  101 |
> 102 | function getSongProduct(song: SongResource, resourceType: Exclude<ResourceType, "Full Pack">) {
      |          ^^^^^^^^^^^^^^
  103 |   return song.products[resourceType] ?? song.products[DEFAULT_SONG_RESOURCE];
  104 | }
  105 |

the name `getSongProduct` is defined multiple times

Import trace:
  Server Component:
    ./app/music/charts/ChartsPageClient.tsx
    ./app/music/charts/page.tsx @ http://localhost:3000/_next/static/chunks/node_modules_next_dist_f3530cac._.js:3127
[ 1524572ms] [ERROR] ./app/music/charts/ChartsPageClient.tsx:494:10
Ecmascript file had an error
  492 | }
  493 |
> 494 | function FakeBundlePreview({ album }: { album: AlbumResourcePack }) {
      |          ^^^^^^^^^^^^^^^^^
  495 |   return (
  496 |     <div className={styles.bundleMock}>
  497 |       <div className={styles.bundleStack} aria-hidden="true">

the name `FakeBundlePreview` is defined multiple times

Import trace:
  Server Component:
    ./app/music/charts/ChartsPageClient.tsx
    ./app/music/charts/page.tsx @ http://localhost:3000/_next/static/chunks/node_modules_next_dist_f3530cac._.js:3127
[ 1524572ms] [ERROR] ./app/music/charts/ChartsPageClient.tsx:455:10
Ecmascript file had an error
  453 | }
  454 |
> 455 | function FakeChordChart({ title, selectedKey }: { title: string; selectedKey: string }) {
      |          ^^^^^^^^^^^^^^
  456 |   return (
  457 |     <div className={styles.pdfMock}>
  458 |       <div className={styles.pdfToolbar} aria-hidden="true">

the name `FakeChordChart` is defined multiple times

Import trace:
  Server Component:
    ./app/music/charts/ChartsPageClient.tsx
    ./app/music/charts/page.tsx @ http://localhost:3000/_next/static/chunks/node_modules_next_dist_f3530cac._.js:3127
[ 1524572ms] [ERROR] ./app/music/charts/ChartsPageClient.tsx:106:10
Ecmascript file had an error
  104 | }
  105 |
> 106 | function getAlbumProduct(album: AlbumResourcePack, resourceType: ResourceType) {
      |          ^^^^^^^^^^^^^^^
  107 |   return album.products[resourceType] ?? album.products["Full Pack"] ?? Object.values(album.products)[0];
  108 | }
  109 |

the name `getAlbumProduct` is defined multiple times

Import trace:
  Server Component:
    ./app/music/charts/ChartsPageClient.tsx
    ./app/music/charts/page.tsx @ http://localhost:3000/_next/static/chunks/node_modules_next_dist_f3530cac._.js:3127
[ 1524572ms] [ERROR] ./app/music/charts/ChartsPageClient.tsx:102:10
Ecmascript file had an error
  100 | }
  101 |
> 102 | function getSongProduct(song: SongResource, resourceType: Exclude<ResourceType, "Full Pack">) {
      |          ^^^^^^^^^^^^^^
  103 |   return song.products[resourceType] ?? song.products[DEFAULT_SONG_RESOURCE];
  104 | }
  105 |

the name `getSongProduct` is defined multiple times

Import trace:
  Server Component:
    ./app/music/charts/ChartsPageClient.tsx
    ./app/music/charts/page.tsx @ http://localhost:3000/_next/static/chunks/node_modules_next_dist_f3530cac._.js:3127
[ 1524651ms] [ERROR] ./app/music/charts/ChartsPageClient.tsx:494:10
Ecmascript file had an error
  492 | }
  493 |
> 494 | function FakeBundlePreview({ album }: { album: AlbumResourcePack }) {
      |          ^^^^^^^^^^^^^^^^^
  495 |   return (
  496 |     <div className={styles.bundleMock}>
  497 |       <div className={styles.bundleStack} aria-hidden="true">

the name `FakeBundlePreview` is defined multiple times

Import trace:
  Server Component:
    ./app/music/charts/ChartsPageClient.tsx
    ./app/music/charts/page.tsx @ http://localhost:3000/_next/static/chunks/node_modules_next_dist_f3530cac._.js:3127
[ 1524652ms] [ERROR] ./app/music/charts/ChartsPageClient.tsx:455:10
Ecmascript file had an error
  453 | }
  454 |
> 455 | function FakeChordChart({ title, selectedKey }: { title: string; selectedKey: string }) {
      |          ^^^^^^^^^^^^^^
  456 |   return (
  457 |     <div className={styles.pdfMock}>
  458 |       <div className={styles.pdfToolbar} aria-hidden="true">

the name `FakeChordChart` is defined multiple times

Import trace:
  Server Component:
    ./app/music/charts/ChartsPageClient.tsx
    ./app/music/charts/page.tsx @ http://localhost:3000/_next/static/chunks/node_modules_next_dist_f3530cac._.js:3127
[ 1524652ms] [ERROR] ./app/music/charts/ChartsPageClient.tsx:106:10
Ecmascript file had an error
  104 | }
  105 |
> 106 | function getAlbumProduct(album: AlbumResourcePack, resourceType: ResourceType) {
      |          ^^^^^^^^^^^^^^^
  107 |   return album.products[resourceType] ?? album.products["Full Pack"] ?? Object.values(album.products)[0];
  108 | }
  109 |

the name `getAlbumProduct` is defined multiple times

Import trace:
  Server Component:
    ./app/music/charts/ChartsPageClient.tsx
    ./app/music/charts/page.tsx @ http://localhost:3000/_next/static/chunks/node_modules_next_dist_f3530cac._.js:3127
[ 1524652ms] [ERROR] ./app/music/charts/ChartsPageClient.tsx:102:10
Ecmascript file had an error
  100 | }
  101 |
> 102 | function getSongProduct(song: SongResource, resourceType: Exclude<ResourceType, "Full Pack">) {
      |          ^^^^^^^^^^^^^^
  103 |   return song.products[resourceType] ?? song.products[DEFAULT_SONG_RESOURCE];
  104 | }
  105 |

the name `getSongProduct` is defined multiple times

Import trace:
  Server Component:
    ./app/music/charts/ChartsPageClient.tsx
    ./app/music/charts/page.tsx @ http://localhost:3000/_next/static/chunks/node_modules_next_dist_f3530cac._.js:3127
[ 1524727ms] [ERROR] ./app/music/charts/ChartsPageClient.tsx:494:10
Ecmascript file had an error
  492 | }
  493 |
> 494 | function FakeBundlePreview({ album }: { album: AlbumResourcePack }) {
      |          ^^^^^^^^^^^^^^^^^
  495 |   return (
  496 |     <div className={styles.bundleMock}>
  497 |       <div className={styles.bundleStack} aria-hidden="true">

the name `FakeBundlePreview` is defined multiple times

Import trace:
  Server Component:
    ./app/music/charts/ChartsPageClient.tsx
    ./app/music/charts/page.tsx @ http://localhost:3000/_next/static/chunks/node_modules_next_dist_f3530cac._.js:3127
[ 1524728ms] [ERROR] ./app/music/charts/ChartsPageClient.tsx:455:10
Ecmascript file had an error
  453 | }
  454 |
> 455 | function FakeChordChart({ title, selectedKey }: { title: string; selectedKey: string }) {
      |          ^^^^^^^^^^^^^^
  456 |   return (
  457 |     <div className={styles.pdfMock}>
  458 |       <div className={styles.pdfToolbar} aria-hidden="true">

the name `FakeChordChart` is defined multiple times

Import trace:
  Server Component:
    ./app/music/charts/ChartsPageClient.tsx
    ./app/music/charts/page.tsx @ http://localhost:3000/_next/static/chunks/node_modules_next_dist_f3530cac._.js:3127
[ 1524728ms] [ERROR] ./app/music/charts/ChartsPageClient.tsx:106:10
Ecmascript file had an error
  104 | }
  105 |
> 106 | function getAlbumProduct(album: AlbumResourcePack, resourceType: ResourceType) {
      |          ^^^^^^^^^^^^^^^
  107 |   return album.products[resourceType] ?? album.products["Full Pack"] ?? Object.values(album.products)[0];
  108 | }
  109 |

the name `getAlbumProduct` is defined multiple times

Import trace:
  Server Component:
    ./app/music/charts/ChartsPageClient.tsx
    ./app/music/charts/page.tsx @ http://localhost:3000/_next/static/chunks/node_modules_next_dist_f3530cac._.js:3127
[ 1524728ms] [ERROR] ./app/music/charts/ChartsPageClient.tsx:102:10
Ecmascript file had an error
  100 | }
  101 |
> 102 | function getSongProduct(song: SongResource, resourceType: Exclude<ResourceType, "Full Pack">) {
      |          ^^^^^^^^^^^^^^
  103 |   return song.products[resourceType] ?? song.products[DEFAULT_SONG_RESOURCE];
  104 | }
  105 |

the name `getSongProduct` is defined multiple times

Import trace:
  Server Component:
    ./app/music/charts/ChartsPageClient.tsx
    ./app/music/charts/page.tsx @ http://localhost:3000/_next/static/chunks/node_modules_next_dist_f3530cac._.js:3127
[ 1524805ms] [ERROR] ./app/music/charts/ChartsPageClient.tsx:494:10
Ecmascript file had an error
  492 | }
  493 |
> 494 | function FakeBundlePreview({ album }: { album: AlbumResourcePack }) {
      |          ^^^^^^^^^^^^^^^^^
  495 |   return (
  496 |     <div className={styles.bundleMock}>
  497 |       <div className={styles.bundleStack} aria-hidden="true">

the name `FakeBundlePreview` is defined multiple times

Import trace:
  Server Component:
    ./app/music/charts/ChartsPageClient.tsx
    ./app/music/charts/page.tsx @ http://localhost:3000/_next/static/chunks/node_modules_next_dist_f3530cac._.js:3127
[ 1524805ms] [ERROR] ./app/music/charts/ChartsPageClient.tsx:455:10
Ecmascript file had an error
  453 | }
  454 |
> 455 | function FakeChordChart({ title, selectedKey }: { title: string; selectedKey: string }) {
      |          ^^^^^^^^^^^^^^
  456 |   return (
  457 |     <div className={styles.pdfMock}>
  458 |       <div className={styles.pdfToolbar} aria-hidden="true">

the name `FakeChordChart` is defined multiple times

Import trace:
  Server Component:
    ./app/music/charts/ChartsPageClient.tsx
    ./app/music/charts/page.tsx @ http://localhost:3000/_next/static/chunks/node_modules_next_dist_f3530cac._.js:3127
[ 1524805ms] [ERROR] ./app/music/charts/ChartsPageClient.tsx:106:10
Ecmascript file had an error
  104 | }
  105 |
> 106 | function getAlbumProduct(album: AlbumResourcePack, resourceType: ResourceType) {
      |          ^^^^^^^^^^^^^^^
  107 |   return album.products[resourceType] ?? album.products["Full Pack"] ?? Object.values(album.products)[0];
  108 | }
  109 |

the name `getAlbumProduct` is defined multiple times

Import trace:
  Server Component:
    ./app/music/charts/ChartsPageClient.tsx
    ./app/music/charts/page.tsx @ http://localhost:3000/_next/static/chunks/node_modules_next_dist_f3530cac._.js:3127
[ 1524805ms] [ERROR] ./app/music/charts/ChartsPageClient.tsx:102:10
Ecmascript file had an error
  100 | }
  101 |
> 102 | function getSongProduct(song: SongResource, resourceType: Exclude<ResourceType, "Full Pack">) {
      |          ^^^^^^^^^^^^^^
  103 |   return song.products[resourceType] ?? song.products[DEFAULT_SONG_RESOURCE];
  104 | }
  105 |

the name `getSongProduct` is defined multiple times

Import trace:
  Server Component:
    ./app/music/charts/ChartsPageClient.tsx
    ./app/music/charts/page.tsx @ http://localhost:3000/_next/static/chunks/node_modules_next_dist_f3530cac._.js:3127
[ 1524887ms] [ERROR] ./app/music/charts/ChartsPageClient.tsx:494:10
Ecmascript file had an error
  492 | }
  493 |
> 494 | function FakeBundlePreview({ album }: { album: AlbumResourcePack }) {
      |          ^^^^^^^^^^^^^^^^^
  495 |   return (
  496 |     <div className={styles.bundleMock}>
  497 |       <div className={styles.bundleStack} aria-hidden="true">

the name `FakeBundlePreview` is defined multiple times

Import trace:
  Server Component:
    ./app/music/charts/ChartsPageClient.tsx
    ./app/music/charts/page.tsx @ http://localhost:3000/_next/static/chunks/node_modules_next_dist_f3530cac._.js:3127
[ 1524887ms] [ERROR] ./app/music/charts/ChartsPageClient.tsx:455:10
Ecmascript file had an error
  453 | }
  454 |
> 455 | function FakeChordChart({ title, selectedKey }: { title: string; selectedKey: string }) {
      |          ^^^^^^^^^^^^^^
  456 |   return (
  457 |     <div className={styles.pdfMock}>
  458 |       <div className={styles.pdfToolbar} aria-hidden="true">

the name `FakeChordChart` is defined multiple times

Import trace:
  Server Component:
    ./app/music/charts/ChartsPageClient.tsx
    ./app/music/charts/page.tsx @ http://localhost:3000/_next/static/chunks/node_modules_next_dist_f3530cac._.js:3127
[ 1524887ms] [ERROR] ./app/music/charts/ChartsPageClient.tsx:106:10
Ecmascript file had an error
  104 | }
  105 |
> 106 | function getAlbumProduct(album: AlbumResourcePack, resourceType: ResourceType) {
      |          ^^^^^^^^^^^^^^^
  107 |   return album.products[resourceType] ?? album.products["Full Pack"] ?? Object.values(album.products)[0];
  108 | }
  109 |

the name `getAlbumProduct` is defined multiple times

Import trace:
  Server Component:
    ./app/music/charts/ChartsPageClient.tsx
    ./app/music/charts/page.tsx @ http://localhost:3000/_next/static/chunks/node_modules_next_dist_f3530cac._.js:3127
[ 1524887ms] [ERROR] ./app/music/charts/ChartsPageClient.tsx:102:10
Ecmascript file had an error
  100 | }
  101 |
> 102 | function getSongProduct(song: SongResource, resourceType: Exclude<ResourceType, "Full Pack">) {
      |          ^^^^^^^^^^^^^^
  103 |   return song.products[resourceType] ?? song.products[DEFAULT_SONG_RESOURCE];
  104 | }
  105 |

the name `getSongProduct` is defined multiple times

Import trace:
  Server Component:
    ./app/music/charts/ChartsPageClient.tsx
    ./app/music/charts/page.tsx @ http://localhost:3000/_next/static/chunks/node_modules_next_dist_f3530cac._.js:3127
[ 1524960ms] [ERROR] ./app/music/charts/ChartsPageClient.tsx:494:10
Ecmascript file had an error
  492 | }
  493 |
> 494 | function FakeBundlePreview({ album }: { album: AlbumResourcePack }) {
      |          ^^^^^^^^^^^^^^^^^
  495 |   return (
  496 |     <div className={styles.bundleMock}>
  497 |       <div className={styles.bundleStack} aria-hidden="true">

the name `FakeBundlePreview` is defined multiple times

Import trace:
  Server Component:
    ./app/music/charts/ChartsPageClient.tsx
    ./app/music/charts/page.tsx @ http://localhost:3000/_next/static/chunks/node_modules_next_dist_f3530cac._.js:3127
[ 1524961ms] [ERROR] ./app/music/charts/ChartsPageClient.tsx:455:10
Ecmascript file had an error
  453 | }
  454 |
> 455 | function FakeChordChart({ title, selectedKey }: { title: string; selectedKey: string }) {
      |          ^^^^^^^^^^^^^^
  456 |   return (
  457 |     <div className={styles.pdfMock}>
  458 |       <div className={styles.pdfToolbar} aria-hidden="true">

the name `FakeChordChart` is defined multiple times

Import trace:
  Server Component:
    ./app/music/charts/ChartsPageClient.tsx
    ./app/music/charts/page.tsx @ http://localhost:3000/_next/static/chunks/node_modules_next_dist_f3530cac._.js:3127
[ 1524961ms] [ERROR] ./app/music/charts/ChartsPageClient.tsx:106:10
Ecmascript file had an error
  104 | }
  105 |
> 106 | function getAlbumProduct(album: AlbumResourcePack, resourceType: ResourceType) {
      |          ^^^^^^^^^^^^^^^
  107 |   return album.products[resourceType] ?? album.products["Full Pack"] ?? Object.values(album.products)[0];
  108 | }
  109 |

the name `getAlbumProduct` is defined multiple times

Import trace:
  Server Component:
    ./app/music/charts/ChartsPageClient.tsx
    ./app/music/charts/page.tsx @ http://localhost:3000/_next/static/chunks/node_modules_next_dist_f3530cac._.js:3127
[ 1524961ms] [ERROR] ./app/music/charts/ChartsPageClient.tsx:102:10
Ecmascript file had an error
  100 | }
  101 |
> 102 | function getSongProduct(song: SongResource, resourceType: Exclude<ResourceType, "Full Pack">) {
      |          ^^^^^^^^^^^^^^
  103 |   return song.products[resourceType] ?? song.products[DEFAULT_SONG_RESOURCE];
  104 | }
  105 |

the name `getSongProduct` is defined multiple times

Import trace:
  Server Component:
    ./app/music/charts/ChartsPageClient.tsx
    ./app/music/charts/page.tsx @ http://localhost:3000/_next/static/chunks/node_modules_next_dist_f3530cac._.js:3127
[ 1525037ms] [ERROR] ./app/music/charts/ChartsPageClient.tsx:494:10
Ecmascript file had an error
  492 | }
  493 |
> 494 | function FakeBundlePreview({ album }: { album: AlbumResourcePack }) {
      |          ^^^^^^^^^^^^^^^^^
  495 |   return (
  496 |     <div className={styles.bundleMock}>
  497 |       <div className={styles.bundleStack} aria-hidden="true">

the name `FakeBundlePreview` is defined multiple times

Import trace:
  Server Component:
    ./app/music/charts/ChartsPageClient.tsx
    ./app/music/charts/page.tsx @ http://localhost:3000/_next/static/chunks/node_modules_next_dist_f3530cac._.js:3127
[ 1525038ms] [ERROR] ./app/music/charts/ChartsPageClient.tsx:455:10
Ecmascript file had an error
  453 | }
  454 |
> 455 | function FakeChordChart({ title, selectedKey }: { title: string; selectedKey: string }) {
      |          ^^^^^^^^^^^^^^
  456 |   return (
  457 |     <div className={styles.pdfMock}>
  458 |       <div className={styles.pdfToolbar} aria-hidden="true">

the name `FakeChordChart` is defined multiple times

Import trace:
  Server Component:
    ./app/music/charts/ChartsPageClient.tsx
    ./app/music/charts/page.tsx @ http://localhost:3000/_next/static/chunks/node_modules_next_dist_f3530cac._.js:3127
[ 1525038ms] [ERROR] ./app/music/charts/ChartsPageClient.tsx:106:10
Ecmascript file had an error
  104 | }
  105 |
> 106 | function getAlbumProduct(album: AlbumResourcePack, resourceType: ResourceType) {
      |          ^^^^^^^^^^^^^^^
  107 |   return album.products[resourceType] ?? album.products["Full Pack"] ?? Object.values(album.products)[0];
  108 | }
  109 |

the name `getAlbumProduct` is defined multiple times

Import trace:
  Server Component:
    ./app/music/charts/ChartsPageClient.tsx
    ./app/music/charts/page.tsx @ http://localhost:3000/_next/static/chunks/node_modules_next_dist_f3530cac._.js:3127
[ 1525038ms] [ERROR] ./app/music/charts/ChartsPageClient.tsx:102:10
Ecmascript file had an error
  100 | }
  101 |
> 102 | function getSongProduct(song: SongResource, resourceType: Exclude<ResourceType, "Full Pack">) {
      |          ^^^^^^^^^^^^^^
  103 |   return song.products[resourceType] ?? song.products[DEFAULT_SONG_RESOURCE];
  104 | }
  105 |

the name `getSongProduct` is defined multiple times

Import trace:
  Server Component:
    ./app/music/charts/ChartsPageClient.tsx
    ./app/music/charts/page.tsx @ http://localhost:3000/_next/static/chunks/node_modules_next_dist_f3530cac._.js:3127
[ 1525105ms] [ERROR] ./app/music/charts/ChartsPageClient.tsx:494:10
Ecmascript file had an error
  492 | }
  493 |
> 494 | function FakeBundlePreview({ album }: { album: AlbumResourcePack }) {
      |          ^^^^^^^^^^^^^^^^^
  495 |   return (
  496 |     <div className={styles.bundleMock}>
  497 |       <div className={styles.bundleStack} aria-hidden="true">

the name `FakeBundlePreview` is defined multiple times

Import trace:
  Server Component:
    ./app/music/charts/ChartsPageClient.tsx
    ./app/music/charts/page.tsx @ http://localhost:3000/_next/static/chunks/node_modules_next_dist_f3530cac._.js:3127
[ 1525105ms] [ERROR] ./app/music/charts/ChartsPageClient.tsx:455:10
Ecmascript file had an error
  453 | }
  454 |
> 455 | function FakeChordChart({ title, selectedKey }: { title: string; selectedKey: string }) {
      |          ^^^^^^^^^^^^^^
  456 |   return (
  457 |     <div className={styles.pdfMock}>
  458 |       <div className={styles.pdfToolbar} aria-hidden="true">

the name `FakeChordChart` is defined multiple times

Import trace:
  Server Component:
    ./app/music/charts/ChartsPageClient.tsx
    ./app/music/charts/page.tsx @ http://localhost:3000/_next/static/chunks/node_modules_next_dist_f3530cac._.js:3127
[ 1525105ms] [ERROR] ./app/music/charts/ChartsPageClient.tsx:106:10
Ecmascript file had an error
  104 | }
  105 |
> 106 | function getAlbumProduct(album: AlbumResourcePack, resourceType: ResourceType) {
      |          ^^^^^^^^^^^^^^^
  107 |   return album.products[resourceType] ?? album.products["Full Pack"] ?? Object.values(album.products)[0];
  108 | }
  109 |

the name `getAlbumProduct` is defined multiple times

Import trace:
  Server Component:
    ./app/music/charts/ChartsPageClient.tsx
    ./app/music/charts/page.tsx @ http://localhost:3000/_next/static/chunks/node_modules_next_dist_f3530cac._.js:3127
[ 1525105ms] [ERROR] ./app/music/charts/ChartsPageClient.tsx:102:10
Ecmascript file had an error
  100 | }
  101 |
> 102 | function getSongProduct(song: SongResource, resourceType: Exclude<ResourceType, "Full Pack">) {
      |          ^^^^^^^^^^^^^^
  103 |   return song.products[resourceType] ?? song.products[DEFAULT_SONG_RESOURCE];
  104 | }
  105 |

the name `getSongProduct` is defined multiple times

Import trace:
  Server Component:
    ./app/music/charts/ChartsPageClient.tsx
    ./app/music/charts/page.tsx @ http://localhost:3000/_next/static/chunks/node_modules_next_dist_f3530cac._.js:3127
[ 1525171ms] [ERROR] ./app/music/charts/ChartsPageClient.tsx:494:10
Ecmascript file had an error
  492 | }
  493 |
> 494 | function FakeBundlePreview({ album }: { album: AlbumResourcePack }) {
      |          ^^^^^^^^^^^^^^^^^
  495 |   return (
  496 |     <div className={styles.bundleMock}>
  497 |       <div className={styles.bundleStack} aria-hidden="true">

the name `FakeBundlePreview` is defined multiple times

Import trace:
  Server Component:
    ./app/music/charts/ChartsPageClient.tsx
    ./app/music/charts/page.tsx @ http://localhost:3000/_next/static/chunks/node_modules_next_dist_f3530cac._.js:3127
[ 1525171ms] [ERROR] ./app/music/charts/ChartsPageClient.tsx:455:10
Ecmascript file had an error
  453 | }
  454 |
> 455 | function FakeChordChart({ title, selectedKey }: { title: string; selectedKey: string }) {
      |          ^^^^^^^^^^^^^^
  456 |   return (
  457 |     <div className={styles.pdfMock}>
  458 |       <div className={styles.pdfToolbar} aria-hidden="true">

the name `FakeChordChart` is defined multiple times

Import trace:
  Server Component:
    ./app/music/charts/ChartsPageClient.tsx
    ./app/music/charts/page.tsx @ http://localhost:3000/_next/static/chunks/node_modules_next_dist_f3530cac._.js:3127
[ 1525172ms] [ERROR] ./app/music/charts/ChartsPageClient.tsx:106:10
Ecmascript file had an error
  104 | }
  105 |
> 106 | function getAlbumProduct(album: AlbumResourcePack, resourceType: ResourceType) {
      |          ^^^^^^^^^^^^^^^
  107 |   return album.products[resourceType] ?? album.products["Full Pack"] ?? Object.values(album.products)[0];
  108 | }
  109 |

the name `getAlbumProduct` is defined multiple times

Import trace:
  Server Component:
    ./app/music/charts/ChartsPageClient.tsx
    ./app/music/charts/page.tsx @ http://localhost:3000/_next/static/chunks/node_modules_next_dist_f3530cac._.js:3127
[ 1525172ms] [ERROR] ./app/music/charts/ChartsPageClient.tsx:102:10
Ecmascript file had an error
  100 | }
  101 |
> 102 | function getSongProduct(song: SongResource, resourceType: Exclude<ResourceType, "Full Pack">) {
      |          ^^^^^^^^^^^^^^
  103 |   return song.products[resourceType] ?? song.products[DEFAULT_SONG_RESOURCE];
  104 | }
  105 |

the name `getSongProduct` is defined multiple times

Import trace:
  Server Component:
    ./app/music/charts/ChartsPageClient.tsx
    ./app/music/charts/page.tsx @ http://localhost:3000/_next/static/chunks/node_modules_next_dist_f3530cac._.js:3127
[ 1525255ms] [ERROR] ./app/music/charts/ChartsPageClient.tsx:494:10
Ecmascript file had an error
  492 | }
  493 |
> 494 | function FakeBundlePreview({ album }: { album: AlbumResourcePack }) {
      |          ^^^^^^^^^^^^^^^^^
  495 |   return (
  496 |     <div className={styles.bundleMock}>
  497 |       <div className={styles.bundleStack} aria-hidden="true">

the name `FakeBundlePreview` is defined multiple times

Import trace:
  Server Component:
    ./app/music/charts/ChartsPageClient.tsx
    ./app/music/charts/page.tsx @ http://localhost:3000/_next/static/chunks/node_modules_next_dist_f3530cac._.js:3127
[ 1525255ms] [ERROR] ./app/music/charts/ChartsPageClient.tsx:455:10
Ecmascript file had an error
  453 | }
  454 |
> 455 | function FakeChordChart({ title, selectedKey }: { title: string; selectedKey: string }) {
      |          ^^^^^^^^^^^^^^
  456 |   return (
  457 |     <div className={styles.pdfMock}>
  458 |       <div className={styles.pdfToolbar} aria-hidden="true">

the name `FakeChordChart` is defined multiple times

Import trace:
  Server Component:
    ./app/music/charts/ChartsPageClient.tsx
    ./app/music/charts/page.tsx @ http://localhost:3000/_next/static/chunks/node_modules_next_dist_f3530cac._.js:3127
[ 1525255ms] [ERROR] ./app/music/charts/ChartsPageClient.tsx:106:10
Ecmascript file had an error
  104 | }
  105 |
> 106 | function getAlbumProduct(album: AlbumResourcePack, resourceType: ResourceType) {
      |          ^^^^^^^^^^^^^^^
  107 |   return album.products[resourceType] ?? album.products["Full Pack"] ?? Object.values(album.products)[0];
  108 | }
  109 |

the name `getAlbumProduct` is defined multiple times

Import trace:
  Server Component:
    ./app/music/charts/ChartsPageClient.tsx
    ./app/music/charts/page.tsx @ http://localhost:3000/_next/static/chunks/node_modules_next_dist_f3530cac._.js:3127
[ 1525255ms] [ERROR] ./app/music/charts/ChartsPageClient.tsx:102:10
Ecmascript file had an error
  100 | }
  101 |
> 102 | function getSongProduct(song: SongResource, resourceType: Exclude<ResourceType, "Full Pack">) {
      |          ^^^^^^^^^^^^^^
  103 |   return song.products[resourceType] ?? song.products[DEFAULT_SONG_RESOURCE];
  104 | }
  105 |

the name `getSongProduct` is defined multiple times

Import trace:
  Server Component:
    ./app/music/charts/ChartsPageClient.tsx
    ./app/music/charts/page.tsx @ http://localhost:3000/_next/static/chunks/node_modules_next_dist_f3530cac._.js:3127
[ 1525328ms] [ERROR] ./app/music/charts/ChartsPageClient.tsx:494:10
Ecmascript file had an error
  492 | }
  493 |
> 494 | function FakeBundlePreview({ album }: { album: AlbumResourcePack }) {
      |          ^^^^^^^^^^^^^^^^^
  495 |   return (
  496 |     <div className={styles.bundleMock}>
  497 |       <div className={styles.bundleStack} aria-hidden="true">

the name `FakeBundlePreview` is defined multiple times

Import trace:
  Server Component:
    ./app/music/charts/ChartsPageClient.tsx
    ./app/music/charts/page.tsx @ http://localhost:3000/_next/static/chunks/node_modules_next_dist_f3530cac._.js:3127
[ 1525328ms] [ERROR] ./app/music/charts/ChartsPageClient.tsx:455:10
Ecmascript file had an error
  453 | }
  454 |
> 455 | function FakeChordChart({ title, selectedKey }: { title: string; selectedKey: string }) {
      |          ^^^^^^^^^^^^^^
  456 |   return (
  457 |     <div className={styles.pdfMock}>
  458 |       <div className={styles.pdfToolbar} aria-hidden="true">

the name `FakeChordChart` is defined multiple times

Import trace:
  Server Component:
    ./app/music/charts/ChartsPageClient.tsx
    ./app/music/charts/page.tsx @ http://localhost:3000/_next/static/chunks/node_modules_next_dist_f3530cac._.js:3127
[ 1525328ms] [ERROR] ./app/music/charts/ChartsPageClient.tsx:106:10
Ecmascript file had an error
  104 | }
  105 |
> 106 | function getAlbumProduct(album: AlbumResourcePack, resourceType: ResourceType) {
      |          ^^^^^^^^^^^^^^^
  107 |   return album.products[resourceType] ?? album.products["Full Pack"] ?? Object.values(album.products)[0];
  108 | }
  109 |

the name `getAlbumProduct` is defined multiple times

Import trace:
  Server Component:
    ./app/music/charts/ChartsPageClient.tsx
    ./app/music/charts/page.tsx @ http://localhost:3000/_next/static/chunks/node_modules_next_dist_f3530cac._.js:3127
[ 1525328ms] [ERROR] ./app/music/charts/ChartsPageClient.tsx:102:10
Ecmascript file had an error
  100 | }
  101 |
> 102 | function getSongProduct(song: SongResource, resourceType: Exclude<ResourceType, "Full Pack">) {
      |          ^^^^^^^^^^^^^^
  103 |   return song.products[resourceType] ?? song.products[DEFAULT_SONG_RESOURCE];
  104 | }
  105 |

the name `getSongProduct` is defined multiple times

Import trace:
  Server Component:
    ./app/music/charts/ChartsPageClient.tsx
    ./app/music/charts/page.tsx @ http://localhost:3000/_next/static/chunks/node_modules_next_dist_f3530cac._.js:3127
[ 1525395ms] [ERROR] ./app/music/charts/ChartsPageClient.tsx:494:10
Ecmascript file had an error
  492 | }
  493 |
> 494 | function FakeBundlePreview({ album }: { album: AlbumResourcePack }) {
      |          ^^^^^^^^^^^^^^^^^
  495 |   return (
  496 |     <div className={styles.bundleMock}>
  497 |       <div className={styles.bundleStack} aria-hidden="true">

the name `FakeBundlePreview` is defined multiple times

Import trace:
  Server Component:
    ./app/music/charts/ChartsPageClient.tsx
    ./app/music/charts/page.tsx @ http://localhost:3000/_next/static/chunks/node_modules_next_dist_f3530cac._.js:3127
[ 1525395ms] [ERROR] ./app/music/charts/ChartsPageClient.tsx:455:10
Ecmascript file had an error
  453 | }
  454 |
> 455 | function FakeChordChart({ title, selectedKey }: { title: string; selectedKey: string }) {
      |          ^^^^^^^^^^^^^^
  456 |   return (
  457 |     <div className={styles.pdfMock}>
  458 |       <div className={styles.pdfToolbar} aria-hidden="true">

the name `FakeChordChart` is defined multiple times

Import trace:
  Server Component:
    ./app/music/charts/ChartsPageClient.tsx
    ./app/music/charts/page.tsx @ http://localhost:3000/_next/static/chunks/node_modules_next_dist_f3530cac._.js:3127
[ 1525396ms] [ERROR] ./app/music/charts/ChartsPageClient.tsx:106:10
Ecmascript file had an error
  104 | }
  105 |
> 106 | function getAlbumProduct(album: AlbumResourcePack, resourceType: ResourceType) {
      |          ^^^^^^^^^^^^^^^
  107 |   return album.products[resourceType] ?? album.products["Full Pack"] ?? Object.values(album.products)[0];
  108 | }
  109 |

the name `getAlbumProduct` is defined multiple times

Import trace:
  Server Component:
    ./app/music/charts/ChartsPageClient.tsx
    ./app/music/charts/page.tsx @ http://localhost:3000/_next/static/chunks/node_modules_next_dist_f3530cac._.js:3127
[ 1525397ms] [ERROR] ./app/music/charts/ChartsPageClient.tsx:102:10
Ecmascript file had an error
  100 | }
  101 |
> 102 | function getSongProduct(song: SongResource, resourceType: Exclude<ResourceType, "Full Pack">) {
      |          ^^^^^^^^^^^^^^
  103 |   return song.products[resourceType] ?? song.products[DEFAULT_SONG_RESOURCE];
  104 | }
  105 |

the name `getSongProduct` is defined multiple times

Import trace:
  Server Component:
    ./app/music/charts/ChartsPageClient.tsx
    ./app/music/charts/page.tsx @ http://localhost:3000/_next/static/chunks/node_modules_next_dist_f3530cac._.js:3127
[ 1525470ms] [ERROR] ./app/music/charts/ChartsPageClient.tsx:494:10
Ecmascript file had an error
  492 | }
  493 |
> 494 | function FakeBundlePreview({ album }: { album: AlbumResourcePack }) {
      |          ^^^^^^^^^^^^^^^^^
  495 |   return (
  496 |     <div className={styles.bundleMock}>
  497 |       <div className={styles.bundleStack} aria-hidden="true">

the name `FakeBundlePreview` is defined multiple times

Import trace:
  Server Component:
    ./app/music/charts/ChartsPageClient.tsx
    ./app/music/charts/page.tsx @ http://localhost:3000/_next/static/chunks/node_modules_next_dist_f3530cac._.js:3127
[ 1525470ms] [ERROR] ./app/music/charts/ChartsPageClient.tsx:455:10
Ecmascript file had an error
  453 | }
  454 |
> 455 | function FakeChordChart({ title, selectedKey }: { title: string; selectedKey: string }) {
      |          ^^^^^^^^^^^^^^
  456 |   return (
  457 |     <div className={styles.pdfMock}>
  458 |       <div className={styles.pdfToolbar} aria-hidden="true">

the name `FakeChordChart` is defined multiple times

Import trace:
  Server Component:
    ./app/music/charts/ChartsPageClient.tsx
    ./app/music/charts/page.tsx @ http://localhost:3000/_next/static/chunks/node_modules_next_dist_f3530cac._.js:3127
[ 1525471ms] [ERROR] ./app/music/charts/ChartsPageClient.tsx:106:10
Ecmascript file had an error
  104 | }
  105 |
> 106 | function getAlbumProduct(album: AlbumResourcePack, resourceType: ResourceType) {
      |          ^^^^^^^^^^^^^^^
  107 |   return album.products[resourceType] ?? album.products["Full Pack"] ?? Object.values(album.products)[0];
  108 | }
  109 |

the name `getAlbumProduct` is defined multiple times

Import trace:
  Server Component:
    ./app/music/charts/ChartsPageClient.tsx
    ./app/music/charts/page.tsx @ http://localhost:3000/_next/static/chunks/node_modules_next_dist_f3530cac._.js:3127
[ 1525471ms] [ERROR] ./app/music/charts/ChartsPageClient.tsx:102:10
Ecmascript file had an error
  100 | }
  101 |
> 102 | function getSongProduct(song: SongResource, resourceType: Exclude<ResourceType, "Full Pack">) {
      |          ^^^^^^^^^^^^^^
  103 |   return song.products[resourceType] ?? song.products[DEFAULT_SONG_RESOURCE];
  104 | }
  105 |

the name `getSongProduct` is defined multiple times

Import trace:
  Server Component:
    ./app/music/charts/ChartsPageClient.tsx
    ./app/music/charts/page.tsx @ http://localhost:3000/_next/static/chunks/node_modules_next_dist_f3530cac._.js:3127
[ 1525547ms] [ERROR] ./app/music/charts/ChartsPageClient.tsx:494:10
Ecmascript file had an error
  492 | }
  493 |
> 494 | function FakeBundlePreview({ album }: { album: AlbumResourcePack }) {
      |          ^^^^^^^^^^^^^^^^^
  495 |   return (
  496 |     <div className={styles.bundleMock}>
  497 |       <div className={styles.bundleStack} aria-hidden="true">

the name `FakeBundlePreview` is defined multiple times

Import trace:
  Server Component:
    ./app/music/charts/ChartsPageClient.tsx
    ./app/music/charts/page.tsx @ http://localhost:3000/_next/static/chunks/node_modules_next_dist_f3530cac._.js:3127
[ 1525547ms] [ERROR] ./app/music/charts/ChartsPageClient.tsx:455:10
Ecmascript file had an error
  453 | }
  454 |
> 455 | function FakeChordChart({ title, selectedKey }: { title: string; selectedKey: string }) {
      |          ^^^^^^^^^^^^^^
  456 |   return (
  457 |     <div className={styles.pdfMock}>
  458 |       <div className={styles.pdfToolbar} aria-hidden="true">

the name `FakeChordChart` is defined multiple times

Import trace:
  Server Component:
    ./app/music/charts/ChartsPageClient.tsx
    ./app/music/charts/page.tsx @ http://localhost:3000/_next/static/chunks/node_modules_next_dist_f3530cac._.js:3127
[ 1525547ms] [ERROR] ./app/music/charts/ChartsPageClient.tsx:106:10
Ecmascript file had an error
  104 | }
  105 |
> 106 | function getAlbumProduct(album: AlbumResourcePack, resourceType: ResourceType) {
      |          ^^^^^^^^^^^^^^^
  107 |   return album.products[resourceType] ?? album.products["Full Pack"] ?? Object.values(album.products)[0];
  108 | }
  109 |

the name `getAlbumProduct` is defined multiple times

Import trace:
  Server Component:
    ./app/music/charts/ChartsPageClient.tsx
    ./app/music/charts/page.tsx @ http://localhost:3000/_next/static/chunks/node_modules_next_dist_f3530cac._.js:3127
[ 1525547ms] [ERROR] ./app/music/charts/ChartsPageClient.tsx:102:10
Ecmascript file had an error
  100 | }
  101 |
> 102 | function getSongProduct(song: SongResource, resourceType: Exclude<ResourceType, "Full Pack">) {
      |          ^^^^^^^^^^^^^^
  103 |   return song.products[resourceType] ?? song.products[DEFAULT_SONG_RESOURCE];
  104 | }
  105 |

the name `getSongProduct` is defined multiple times

Import trace:
  Server Component:
    ./app/music/charts/ChartsPageClient.tsx
    ./app/music/charts/page.tsx @ http://localhost:3000/_next/static/chunks/node_modules_next_dist_f3530cac._.js:3127
[ 1525625ms] [ERROR] ./app/music/charts/ChartsPageClient.tsx:494:10
Ecmascript file had an error
  492 | }
  493 |
> 494 | function FakeBundlePreview({ album }: { album: AlbumResourcePack }) {
      |          ^^^^^^^^^^^^^^^^^
  495 |   return (
  496 |     <div className={styles.bundleMock}>
  497 |       <div className={styles.bundleStack} aria-hidden="true">

the name `FakeBundlePreview` is defined multiple times

Import trace:
  Server Component:
    ./app/music/charts/ChartsPageClient.tsx
    ./app/music/charts/page.tsx @ http://localhost:3000/_next/static/chunks/node_modules_next_dist_f3530cac._.js:3127
[ 1525625ms] [ERROR] ./app/music/charts/ChartsPageClient.tsx:455:10
Ecmascript file had an error
  453 | }
  454 |
> 455 | function FakeChordChart({ title, selectedKey }: { title: string; selectedKey: string }) {
      |          ^^^^^^^^^^^^^^
  456 |   return (
  457 |     <div className={styles.pdfMock}>
  458 |       <div className={styles.pdfToolbar} aria-hidden="true">

the name `FakeChordChart` is defined multiple times

Import trace:
  Server Component:
    ./app/music/charts/ChartsPageClient.tsx
    ./app/music/charts/page.tsx @ http://localhost:3000/_next/static/chunks/node_modules_next_dist_f3530cac._.js:3127
[ 1525625ms] [ERROR] ./app/music/charts/ChartsPageClient.tsx:106:10
Ecmascript file had an error
  104 | }
  105 |
> 106 | function getAlbumProduct(album: AlbumResourcePack, resourceType: ResourceType) {
      |          ^^^^^^^^^^^^^^^
  107 |   return album.products[resourceType] ?? album.products["Full Pack"] ?? Object.values(album.products)[0];
  108 | }
  109 |

the name `getAlbumProduct` is defined multiple times

Import trace:
  Server Component:
    ./app/music/charts/ChartsPageClient.tsx
    ./app/music/charts/page.tsx @ http://localhost:3000/_next/static/chunks/node_modules_next_dist_f3530cac._.js:3127
[ 1525625ms] [ERROR] ./app/music/charts/ChartsPageClient.tsx:102:10
Ecmascript file had an error
  100 | }
  101 |
> 102 | function getSongProduct(song: SongResource, resourceType: Exclude<ResourceType, "Full Pack">) {
      |          ^^^^^^^^^^^^^^
  103 |   return song.products[resourceType] ?? song.products[DEFAULT_SONG_RESOURCE];
  104 | }
  105 |

the name `getSongProduct` is defined multiple times

Import trace:
  Server Component:
    ./app/music/charts/ChartsPageClient.tsx
    ./app/music/charts/page.tsx @ http://localhost:3000/_next/static/chunks/node_modules_next_dist_f3530cac._.js:3127
[ 1525702ms] [ERROR] ./app/music/charts/ChartsPageClient.tsx:494:10
Ecmascript file had an error
  492 | }
  493 |
> 494 | function FakeBundlePreview({ album }: { album: AlbumResourcePack }) {
      |          ^^^^^^^^^^^^^^^^^
  495 |   return (
  496 |     <div className={styles.bundleMock}>
  497 |       <div className={styles.bundleStack} aria-hidden="true">

the name `FakeBundlePreview` is defined multiple times

Import trace:
  Server Component:
    ./app/music/charts/ChartsPageClient.tsx
    ./app/music/charts/page.tsx @ http://localhost:3000/_next/static/chunks/node_modules_next_dist_f3530cac._.js:3127
[ 1525702ms] [ERROR] ./app/music/charts/ChartsPageClient.tsx:455:10
Ecmascript file had an error
  453 | }
  454 |
> 455 | function FakeChordChart({ title, selectedKey }: { title: string; selectedKey: string }) {
      |          ^^^^^^^^^^^^^^
  456 |   return (
  457 |     <div className={styles.pdfMock}>
  458 |       <div className={styles.pdfToolbar} aria-hidden="true">

the name `FakeChordChart` is defined multiple times

Import trace:
  Server Component:
    ./app/music/charts/ChartsPageClient.tsx
    ./app/music/charts/page.tsx @ http://localhost:3000/_next/static/chunks/node_modules_next_dist_f3530cac._.js:3127
[ 1525702ms] [ERROR] ./app/music/charts/ChartsPageClient.tsx:106:10
Ecmascript file had an error
  104 | }
  105 |
> 106 | function getAlbumProduct(album: AlbumResourcePack, resourceType: ResourceType) {
      |          ^^^^^^^^^^^^^^^
  107 |   return album.products[resourceType] ?? album.products["Full Pack"] ?? Object.values(album.products)[0];
  108 | }
  109 |

the name `getAlbumProduct` is defined multiple times

Import trace:
  Server Component:
    ./app/music/charts/ChartsPageClient.tsx
    ./app/music/charts/page.tsx @ http://localhost:3000/_next/static/chunks/node_modules_next_dist_f3530cac._.js:3127
[ 1525702ms] [ERROR] ./app/music/charts/ChartsPageClient.tsx:102:10
Ecmascript file had an error
  100 | }
  101 |
> 102 | function getSongProduct(song: SongResource, resourceType: Exclude<ResourceType, "Full Pack">) {
      |          ^^^^^^^^^^^^^^
  103 |   return song.products[resourceType] ?? song.products[DEFAULT_SONG_RESOURCE];
  104 | }
  105 |

the name `getSongProduct` is defined multiple times

Import trace:
  Server Component:
    ./app/music/charts/ChartsPageClient.tsx
    ./app/music/charts/page.tsx @ http://localhost:3000/_next/static/chunks/node_modules_next_dist_f3530cac._.js:3127
[ 1525781ms] [ERROR] ./app/music/charts/ChartsPageClient.tsx:494:10
Ecmascript file had an error
  492 | }
  493 |
> 494 | function FakeBundlePreview({ album }: { album: AlbumResourcePack }) {
      |          ^^^^^^^^^^^^^^^^^
  495 |   return (
  496 |     <div className={styles.bundleMock}>
  497 |       <div className={styles.bundleStack} aria-hidden="true">

the name `FakeBundlePreview` is defined multiple times

Import trace:
  Server Component:
    ./app/music/charts/ChartsPageClient.tsx
    ./app/music/charts/page.tsx @ http://localhost:3000/_next/static/chunks/node_modules_next_dist_f3530cac._.js:3127
[ 1525782ms] [ERROR] ./app/music/charts/ChartsPageClient.tsx:455:10
Ecmascript file had an error
  453 | }
  454 |
> 455 | function FakeChordChart({ title, selectedKey }: { title: string; selectedKey: string }) {
      |          ^^^^^^^^^^^^^^
  456 |   return (
  457 |     <div className={styles.pdfMock}>
  458 |       <div className={styles.pdfToolbar} aria-hidden="true">

the name `FakeChordChart` is defined multiple times

Import trace:
  Server Component:
    ./app/music/charts/ChartsPageClient.tsx
    ./app/music/charts/page.tsx @ http://localhost:3000/_next/static/chunks/node_modules_next_dist_f3530cac._.js:3127
[ 1525782ms] [ERROR] ./app/music/charts/ChartsPageClient.tsx:106:10
Ecmascript file had an error
  104 | }
  105 |
> 106 | function getAlbumProduct(album: AlbumResourcePack, resourceType: ResourceType) {
      |          ^^^^^^^^^^^^^^^
  107 |   return album.products[resourceType] ?? album.products["Full Pack"] ?? Object.values(album.products)[0];
  108 | }
  109 |

the name `getAlbumProduct` is defined multiple times

Import trace:
  Server Component:
    ./app/music/charts/ChartsPageClient.tsx
    ./app/music/charts/page.tsx @ http://localhost:3000/_next/static/chunks/node_modules_next_dist_f3530cac._.js:3127
[ 1525782ms] [ERROR] ./app/music/charts/ChartsPageClient.tsx:102:10
Ecmascript file had an error
  100 | }
  101 |
> 102 | function getSongProduct(song: SongResource, resourceType: Exclude<ResourceType, "Full Pack">) {
      |          ^^^^^^^^^^^^^^
  103 |   return song.products[resourceType] ?? song.products[DEFAULT_SONG_RESOURCE];
  104 | }
  105 |

the name `getSongProduct` is defined multiple times

Import trace:
  Server Component:
    ./app/music/charts/ChartsPageClient.tsx
    ./app/music/charts/page.tsx @ http://localhost:3000/_next/static/chunks/node_modules_next_dist_f3530cac._.js:3127
[ 1525858ms] [ERROR] ./app/music/charts/ChartsPageClient.tsx:494:10
Ecmascript file had an error
  492 | }
  493 |
> 494 | function FakeBundlePreview({ album }: { album: AlbumResourcePack }) {
      |          ^^^^^^^^^^^^^^^^^
  495 |   return (
  496 |     <div className={styles.bundleMock}>
  497 |       <div className={styles.bundleStack} aria-hidden="true">

the name `FakeBundlePreview` is defined multiple times

Import trace:
  Server Component:
    ./app/music/charts/ChartsPageClient.tsx
    ./app/music/charts/page.tsx @ http://localhost:3000/_next/static/chunks/node_modules_next_dist_f3530cac._.js:3127
[ 1525859ms] [ERROR] ./app/music/charts/ChartsPageClient.tsx:455:10
Ecmascript file had an error
  453 | }
  454 |
> 455 | function FakeChordChart({ title, selectedKey }: { title: string; selectedKey: string }) {
      |          ^^^^^^^^^^^^^^
  456 |   return (
  457 |     <div className={styles.pdfMock}>
  458 |       <div className={styles.pdfToolbar} aria-hidden="true">

the name `FakeChordChart` is defined multiple times

Import trace:
  Server Component:
    ./app/music/charts/ChartsPageClient.tsx
    ./app/music/charts/page.tsx @ http://localhost:3000/_next/static/chunks/node_modules_next_dist_f3530cac._.js:3127
[ 1525859ms] [ERROR] ./app/music/charts/ChartsPageClient.tsx:106:10
Ecmascript file had an error
  104 | }
  105 |
> 106 | function getAlbumProduct(album: AlbumResourcePack, resourceType: ResourceType) {
      |          ^^^^^^^^^^^^^^^
  107 |   return album.products[resourceType] ?? album.products["Full Pack"] ?? Object.values(album.products)[0];
  108 | }
  109 |

the name `getAlbumProduct` is defined multiple times

Import trace:
  Server Component:
    ./app/music/charts/ChartsPageClient.tsx
    ./app/music/charts/page.tsx @ http://localhost:3000/_next/static/chunks/node_modules_next_dist_f3530cac._.js:3127
[ 1525859ms] [ERROR] ./app/music/charts/ChartsPageClient.tsx:102:10
Ecmascript file had an error
  100 | }
  101 |
> 102 | function getSongProduct(song: SongResource, resourceType: Exclude<ResourceType, "Full Pack">) {
      |          ^^^^^^^^^^^^^^
  103 |   return song.products[resourceType] ?? song.products[DEFAULT_SONG_RESOURCE];
  104 | }
  105 |

the name `getSongProduct` is defined multiple times

Import trace:
  Server Component:
    ./app/music/charts/ChartsPageClient.tsx
    ./app/music/charts/page.tsx @ http://localhost:3000/_next/static/chunks/node_modules_next_dist_f3530cac._.js:3127
[ 1525935ms] [ERROR] ./app/music/charts/ChartsPageClient.tsx:494:10
Ecmascript file had an error
  492 | }
  493 |
> 494 | function FakeBundlePreview({ album }: { album: AlbumResourcePack }) {
      |          ^^^^^^^^^^^^^^^^^
  495 |   return (
  496 |     <div className={styles.bundleMock}>
  497 |       <div className={styles.bundleStack} aria-hidden="true">

the name `FakeBundlePreview` is defined multiple times

Import trace:
  Server Component:
    ./app/music/charts/ChartsPageClient.tsx
    ./app/music/charts/page.tsx @ http://localhost:3000/_next/static/chunks/node_modules_next_dist_f3530cac._.js:3127
[ 1525935ms] [ERROR] ./app/music/charts/ChartsPageClient.tsx:455:10
Ecmascript file had an error
  453 | }
  454 |
> 455 | function FakeChordChart({ title, selectedKey }: { title: string; selectedKey: string }) {
      |          ^^^^^^^^^^^^^^
  456 |   return (
  457 |     <div className={styles.pdfMock}>
  458 |       <div className={styles.pdfToolbar} aria-hidden="true">

the name `FakeChordChart` is defined multiple times

Import trace:
  Server Component:
    ./app/music/charts/ChartsPageClient.tsx
    ./app/music/charts/page.tsx @ http://localhost:3000/_next/static/chunks/node_modules_next_dist_f3530cac._.js:3127
[ 1525935ms] [ERROR] ./app/music/charts/ChartsPageClient.tsx:106:10
Ecmascript file had an error
  104 | }
  105 |
> 106 | function getAlbumProduct(album: AlbumResourcePack, resourceType: ResourceType) {
      |          ^^^^^^^^^^^^^^^
  107 |   return album.products[resourceType] ?? album.products["Full Pack"] ?? Object.values(album.products)[0];
  108 | }
  109 |

the name `getAlbumProduct` is defined multiple times

Import trace:
  Server Component:
    ./app/music/charts/ChartsPageClient.tsx
    ./app/music/charts/page.tsx @ http://localhost:3000/_next/static/chunks/node_modules_next_dist_f3530cac._.js:3127
[ 1525935ms] [ERROR] ./app/music/charts/ChartsPageClient.tsx:102:10
Ecmascript file had an error
  100 | }
  101 |
> 102 | function getSongProduct(song: SongResource, resourceType: Exclude<ResourceType, "Full Pack">) {
      |          ^^^^^^^^^^^^^^
  103 |   return song.products[resourceType] ?? song.products[DEFAULT_SONG_RESOURCE];
  104 | }
  105 |

the name `getSongProduct` is defined multiple times

Import trace:
  Server Component:
    ./app/music/charts/ChartsPageClient.tsx
    ./app/music/charts/page.tsx @ http://localhost:3000/_next/static/chunks/node_modules_next_dist_f3530cac._.js:3127
[ 1526012ms] [ERROR] ./app/music/charts/ChartsPageClient.tsx:494:10
Ecmascript file had an error
  492 | }
  493 |
> 494 | function FakeBundlePreview({ album }: { album: AlbumResourcePack }) {
      |          ^^^^^^^^^^^^^^^^^
  495 |   return (
  496 |     <div className={styles.bundleMock}>
  497 |       <div className={styles.bundleStack} aria-hidden="true">

the name `FakeBundlePreview` is defined multiple times

Import trace:
  Server Component:
    ./app/music/charts/ChartsPageClient.tsx
    ./app/music/charts/page.tsx @ http://localhost:3000/_next/static/chunks/node_modules_next_dist_f3530cac._.js:3127
[ 1526013ms] [ERROR] ./app/music/charts/ChartsPageClient.tsx:455:10
Ecmascript file had an error
  453 | }
  454 |
> 455 | function FakeChordChart({ title, selectedKey }: { title: string; selectedKey: string }) {
      |          ^^^^^^^^^^^^^^
  456 |   return (
  457 |     <div className={styles.pdfMock}>
  458 |       <div className={styles.pdfToolbar} aria-hidden="true">

the name `FakeChordChart` is defined multiple times

Import trace:
  Server Component:
    ./app/music/charts/ChartsPageClient.tsx
    ./app/music/charts/page.tsx @ http://localhost:3000/_next/static/chunks/node_modules_next_dist_f3530cac._.js:3127
[ 1526013ms] [ERROR] ./app/music/charts/ChartsPageClient.tsx:106:10
Ecmascript file had an error
  104 | }
  105 |
> 106 | function getAlbumProduct(album: AlbumResourcePack, resourceType: ResourceType) {
      |          ^^^^^^^^^^^^^^^
  107 |   return album.products[resourceType] ?? album.products["Full Pack"] ?? Object.values(album.products)[0];
  108 | }
  109 |

the name `getAlbumProduct` is defined multiple times

Import trace:
  Server Component:
    ./app/music/charts/ChartsPageClient.tsx
    ./app/music/charts/page.tsx @ http://localhost:3000/_next/static/chunks/node_modules_next_dist_f3530cac._.js:3127
[ 1526013ms] [ERROR] ./app/music/charts/ChartsPageClient.tsx:102:10
Ecmascript file had an error
  100 | }
  101 |
> 102 | function getSongProduct(song: SongResource, resourceType: Exclude<ResourceType, "Full Pack">) {
      |          ^^^^^^^^^^^^^^
  103 |   return song.products[resourceType] ?? song.products[DEFAULT_SONG_RESOURCE];
  104 | }
  105 |

the name `getSongProduct` is defined multiple times

Import trace:
  Server Component:
    ./app/music/charts/ChartsPageClient.tsx
    ./app/music/charts/page.tsx @ http://localhost:3000/_next/static/chunks/node_modules_next_dist_f3530cac._.js:3127
[ 1526095ms] [ERROR] ./app/music/charts/ChartsPageClient.tsx:494:10
Ecmascript file had an error
  492 | }
  493 |
> 494 | function FakeBundlePreview({ album }: { album: AlbumResourcePack }) {
      |          ^^^^^^^^^^^^^^^^^
  495 |   return (
  496 |     <div className={styles.bundleMock}>
  497 |       <div className={styles.bundleStack} aria-hidden="true">

the name `FakeBundlePreview` is defined multiple times

Import trace:
  Server Component:
    ./app/music/charts/ChartsPageClient.tsx
    ./app/music/charts/page.tsx @ http://localhost:3000/_next/static/chunks/node_modules_next_dist_f3530cac._.js:3127
[ 1526095ms] [ERROR] ./app/music/charts/ChartsPageClient.tsx:455:10
Ecmascript file had an error
  453 | }
  454 |
> 455 | function FakeChordChart({ title, selectedKey }: { title: string; selectedKey: string }) {
      |          ^^^^^^^^^^^^^^
  456 |   return (
  457 |     <div className={styles.pdfMock}>
  458 |       <div className={styles.pdfToolbar} aria-hidden="true">

the name `FakeChordChart` is defined multiple times

Import trace:
  Server Component:
    ./app/music/charts/ChartsPageClient.tsx
    ./app/music/charts/page.tsx @ http://localhost:3000/_next/static/chunks/node_modules_next_dist_f3530cac._.js:3127
[ 1526095ms] [ERROR] ./app/music/charts/ChartsPageClient.tsx:106:10
Ecmascript file had an error
  104 | }
  105 |
> 106 | function getAlbumProduct(album: AlbumResourcePack, resourceType: ResourceType) {
      |          ^^^^^^^^^^^^^^^
  107 |   return album.products[resourceType] ?? album.products["Full Pack"] ?? Object.values(album.products)[0];
  108 | }
  109 |

the name `getAlbumProduct` is defined multiple times

Import trace:
  Server Component:
    ./app/music/charts/ChartsPageClient.tsx
    ./app/music/charts/page.tsx @ http://localhost:3000/_next/static/chunks/node_modules_next_dist_f3530cac._.js:3127
[ 1526095ms] [ERROR] ./app/music/charts/ChartsPageClient.tsx:102:10
Ecmascript file had an error
  100 | }
  101 |
> 102 | function getSongProduct(song: SongResource, resourceType: Exclude<ResourceType, "Full Pack">) {
      |          ^^^^^^^^^^^^^^
  103 |   return song.products[resourceType] ?? song.products[DEFAULT_SONG_RESOURCE];
  104 | }
  105 |

the name `getSongProduct` is defined multiple times

Import trace:
  Server Component:
    ./app/music/charts/ChartsPageClient.tsx
    ./app/music/charts/page.tsx @ http://localhost:3000/_next/static/chunks/node_modules_next_dist_f3530cac._.js:3127
[ 1526170ms] [ERROR] ./app/music/charts/ChartsPageClient.tsx:494:10
Ecmascript file had an error
  492 | }
  493 |
> 494 | function FakeBundlePreview({ album }: { album: AlbumResourcePack }) {
      |          ^^^^^^^^^^^^^^^^^
  495 |   return (
  496 |     <div className={styles.bundleMock}>
  497 |       <div className={styles.bundleStack} aria-hidden="true">

the name `FakeBundlePreview` is defined multiple times

Import trace:
  Server Component:
    ./app/music/charts/ChartsPageClient.tsx
    ./app/music/charts/page.tsx @ http://localhost:3000/_next/static/chunks/node_modules_next_dist_f3530cac._.js:3127
[ 1526170ms] [ERROR] ./app/music/charts/ChartsPageClient.tsx:455:10
Ecmascript file had an error
  453 | }
  454 |
> 455 | function FakeChordChart({ title, selectedKey }: { title: string; selectedKey: string }) {
      |          ^^^^^^^^^^^^^^
  456 |   return (
  457 |     <div className={styles.pdfMock}>
  458 |       <div className={styles.pdfToolbar} aria-hidden="true">

the name `FakeChordChart` is defined multiple times

Import trace:
  Server Component:
    ./app/music/charts/ChartsPageClient.tsx
    ./app/music/charts/page.tsx @ http://localhost:3000/_next/static/chunks/node_modules_next_dist_f3530cac._.js:3127
[ 1526170ms] [ERROR] ./app/music/charts/ChartsPageClient.tsx:106:10
Ecmascript file had an error
  104 | }
  105 |
> 106 | function getAlbumProduct(album: AlbumResourcePack, resourceType: ResourceType) {
      |          ^^^^^^^^^^^^^^^
  107 |   return album.products[resourceType] ?? album.products["Full Pack"] ?? Object.values(album.products)[0];
  108 | }
  109 |

the name `getAlbumProduct` is defined multiple times

Import trace:
  Server Component:
    ./app/music/charts/ChartsPageClient.tsx
    ./app/music/charts/page.tsx @ http://localhost:3000/_next/static/chunks/node_modules_next_dist_f3530cac._.js:3127
[ 1526170ms] [ERROR] ./app/music/charts/ChartsPageClient.tsx:102:10
Ecmascript file had an error
  100 | }
  101 |
> 102 | function getSongProduct(song: SongResource, resourceType: Exclude<ResourceType, "Full Pack">) {
      |          ^^^^^^^^^^^^^^
  103 |   return song.products[resourceType] ?? song.products[DEFAULT_SONG_RESOURCE];
  104 | }
  105 |

the name `getSongProduct` is defined multiple times

Import trace:
  Server Component:
    ./app/music/charts/ChartsPageClient.tsx
    ./app/music/charts/page.tsx @ http://localhost:3000/_next/static/chunks/node_modules_next_dist_f3530cac._.js:3127
[ 1526253ms] [ERROR] ./app/music/charts/ChartsPageClient.tsx:494:10
Ecmascript file had an error
  492 | }
  493 |
> 494 | function FakeBundlePreview({ album }: { album: AlbumResourcePack }) {
      |          ^^^^^^^^^^^^^^^^^
  495 |   return (
  496 |     <div className={styles.bundleMock}>
  497 |       <div className={styles.bundleStack} aria-hidden="true">

the name `FakeBundlePreview` is defined multiple times

Import trace:
  Server Component:
    ./app/music/charts/ChartsPageClient.tsx
    ./app/music/charts/page.tsx @ http://localhost:3000/_next/static/chunks/node_modules_next_dist_f3530cac._.js:3127
[ 1526253ms] [ERROR] ./app/music/charts/ChartsPageClient.tsx:455:10
Ecmascript file had an error
  453 | }
  454 |
> 455 | function FakeChordChart({ title, selectedKey }: { title: string; selectedKey: string }) {
      |          ^^^^^^^^^^^^^^
  456 |   return (
  457 |     <div className={styles.pdfMock}>
  458 |       <div className={styles.pdfToolbar} aria-hidden="true">

the name `FakeChordChart` is defined multiple times

Import trace:
  Server Component:
    ./app/music/charts/ChartsPageClient.tsx
    ./app/music/charts/page.tsx @ http://localhost:3000/_next/static/chunks/node_modules_next_dist_f3530cac._.js:3127
[ 1526253ms] [ERROR] ./app/music/charts/ChartsPageClient.tsx:106:10
Ecmascript file had an error
  104 | }
  105 |
> 106 | function getAlbumProduct(album: AlbumResourcePack, resourceType: ResourceType) {
      |          ^^^^^^^^^^^^^^^
  107 |   return album.products[resourceType] ?? album.products["Full Pack"] ?? Object.values(album.products)[0];
  108 | }
  109 |

the name `getAlbumProduct` is defined multiple times

Import trace:
  Server Component:
    ./app/music/charts/ChartsPageClient.tsx
    ./app/music/charts/page.tsx @ http://localhost:3000/_next/static/chunks/node_modules_next_dist_f3530cac._.js:3127
[ 1526253ms] [ERROR] ./app/music/charts/ChartsPageClient.tsx:102:10
Ecmascript file had an error
  100 | }
  101 |
> 102 | function getSongProduct(song: SongResource, resourceType: Exclude<ResourceType, "Full Pack">) {
      |          ^^^^^^^^^^^^^^
  103 |   return song.products[resourceType] ?? song.products[DEFAULT_SONG_RESOURCE];
  104 | }
  105 |

the name `getSongProduct` is defined multiple times

Import trace:
  Server Component:
    ./app/music/charts/ChartsPageClient.tsx
    ./app/music/charts/page.tsx @ http://localhost:3000/_next/static/chunks/node_modules_next_dist_f3530cac._.js:3127
[ 1526326ms] [ERROR] ./app/music/charts/ChartsPageClient.tsx:494:10
Ecmascript file had an error
  492 | }
  493 |
> 494 | function FakeBundlePreview({ album }: { album: AlbumResourcePack }) {
      |          ^^^^^^^^^^^^^^^^^
  495 |   return (
  496 |     <div className={styles.bundleMock}>
  497 |       <div className={styles.bundleStack} aria-hidden="true">

the name `FakeBundlePreview` is defined multiple times

Import trace:
  Server Component:
    ./app/music/charts/ChartsPageClient.tsx
    ./app/music/charts/page.tsx @ http://localhost:3000/_next/static/chunks/node_modules_next_dist_f3530cac._.js:3127
[ 1526326ms] [ERROR] ./app/music/charts/ChartsPageClient.tsx:455:10
Ecmascript file had an error
  453 | }
  454 |
> 455 | function FakeChordChart({ title, selectedKey }: { title: string; selectedKey: string }) {
      |          ^^^^^^^^^^^^^^
  456 |   return (
  457 |     <div className={styles.pdfMock}>
  458 |       <div className={styles.pdfToolbar} aria-hidden="true">

the name `FakeChordChart` is defined multiple times

Import trace:
  Server Component:
    ./app/music/charts/ChartsPageClient.tsx
    ./app/music/charts/page.tsx @ http://localhost:3000/_next/static/chunks/node_modules_next_dist_f3530cac._.js:3127
[ 1526326ms] [ERROR] ./app/music/charts/ChartsPageClient.tsx:106:10
Ecmascript file had an error
  104 | }
  105 |
> 106 | function getAlbumProduct(album: AlbumResourcePack, resourceType: ResourceType) {
      |          ^^^^^^^^^^^^^^^
  107 |   return album.products[resourceType] ?? album.products["Full Pack"] ?? Object.values(album.products)[0];
  108 | }
  109 |

the name `getAlbumProduct` is defined multiple times

Import trace:
  Server Component:
    ./app/music/charts/ChartsPageClient.tsx
    ./app/music/charts/page.tsx @ http://localhost:3000/_next/static/chunks/node_modules_next_dist_f3530cac._.js:3127
[ 1526326ms] [ERROR] ./app/music/charts/ChartsPageClient.tsx:102:10
Ecmascript file had an error
  100 | }
  101 |
> 102 | function getSongProduct(song: SongResource, resourceType: Exclude<ResourceType, "Full Pack">) {
      |          ^^^^^^^^^^^^^^
  103 |   return song.products[resourceType] ?? song.products[DEFAULT_SONG_RESOURCE];
  104 | }
  105 |

the name `getSongProduct` is defined multiple times

Import trace:
  Server Component:
    ./app/music/charts/ChartsPageClient.tsx
    ./app/music/charts/page.tsx @ http://localhost:3000/_next/static/chunks/node_modules_next_dist_f3530cac._.js:3127
[ 1526404ms] [ERROR] ./app/music/charts/ChartsPageClient.tsx:494:10
Ecmascript file had an error
  492 | }
  493 |
> 494 | function FakeBundlePreview({ album }: { album: AlbumResourcePack }) {
      |          ^^^^^^^^^^^^^^^^^
  495 |   return (
  496 |     <div className={styles.bundleMock}>
  497 |       <div className={styles.bundleStack} aria-hidden="true">

the name `FakeBundlePreview` is defined multiple times

Import trace:
  Server Component:
    ./app/music/charts/ChartsPageClient.tsx
    ./app/music/charts/page.tsx @ http://localhost:3000/_next/static/chunks/node_modules_next_dist_f3530cac._.js:3127
[ 1526404ms] [ERROR] ./app/music/charts/ChartsPageClient.tsx:455:10
Ecmascript file had an error
  453 | }
  454 |
> 455 | function FakeChordChart({ title, selectedKey }: { title: string; selectedKey: string }) {
      |          ^^^^^^^^^^^^^^
  456 |   return (
  457 |     <div className={styles.pdfMock}>
  458 |       <div className={styles.pdfToolbar} aria-hidden="true">

the name `FakeChordChart` is defined multiple times

Import trace:
  Server Component:
    ./app/music/charts/ChartsPageClient.tsx
    ./app/music/charts/page.tsx @ http://localhost:3000/_next/static/chunks/node_modules_next_dist_f3530cac._.js:3127
[ 1526404ms] [ERROR] ./app/music/charts/ChartsPageClient.tsx:106:10
Ecmascript file had an error
  104 | }
  105 |
> 106 | function getAlbumProduct(album: AlbumResourcePack, resourceType: ResourceType) {
      |          ^^^^^^^^^^^^^^^
  107 |   return album.products[resourceType] ?? album.products["Full Pack"] ?? Object.values(album.products)[0];
  108 | }
  109 |

the name `getAlbumProduct` is defined multiple times

Import trace:
  Server Component:
    ./app/music/charts/ChartsPageClient.tsx
    ./app/music/charts/page.tsx @ http://localhost:3000/_next/static/chunks/node_modules_next_dist_f3530cac._.js:3127
[ 1526404ms] [ERROR] ./app/music/charts/ChartsPageClient.tsx:102:10
Ecmascript file had an error
  100 | }
  101 |
> 102 | function getSongProduct(song: SongResource, resourceType: Exclude<ResourceType, "Full Pack">) {
      |          ^^^^^^^^^^^^^^
  103 |   return song.products[resourceType] ?? song.products[DEFAULT_SONG_RESOURCE];
  104 | }
  105 |

the name `getSongProduct` is defined multiple times

Import trace:
  Server Component:
    ./app/music/charts/ChartsPageClient.tsx
    ./app/music/charts/page.tsx @ http://localhost:3000/_next/static/chunks/node_modules_next_dist_f3530cac._.js:3127
[ 1526487ms] [ERROR] ./app/music/charts/ChartsPageClient.tsx:494:10
Ecmascript file had an error
  492 | }
  493 |
> 494 | function FakeBundlePreview({ album }: { album: AlbumResourcePack }) {
      |          ^^^^^^^^^^^^^^^^^
  495 |   return (
  496 |     <div className={styles.bundleMock}>
  497 |       <div className={styles.bundleStack} aria-hidden="true">

the name `FakeBundlePreview` is defined multiple times

Import trace:
  Server Component:
    ./app/music/charts/ChartsPageClient.tsx
    ./app/music/charts/page.tsx @ http://localhost:3000/_next/static/chunks/node_modules_next_dist_f3530cac._.js:3127
[ 1526487ms] [ERROR] ./app/music/charts/ChartsPageClient.tsx:455:10
Ecmascript file had an error
  453 | }
  454 |
> 455 | function FakeChordChart({ title, selectedKey }: { title: string; selectedKey: string }) {
      |          ^^^^^^^^^^^^^^
  456 |   return (
  457 |     <div className={styles.pdfMock}>
  458 |       <div className={styles.pdfToolbar} aria-hidden="true">

the name `FakeChordChart` is defined multiple times

Import trace:
  Server Component:
    ./app/music/charts/ChartsPageClient.tsx
    ./app/music/charts/page.tsx @ http://localhost:3000/_next/static/chunks/node_modules_next_dist_f3530cac._.js:3127
[ 1526487ms] [ERROR] ./app/music/charts/ChartsPageClient.tsx:106:10
Ecmascript file had an error
  104 | }
  105 |
> 106 | function getAlbumProduct(album: AlbumResourcePack, resourceType: ResourceType) {
      |          ^^^^^^^^^^^^^^^
  107 |   return album.products[resourceType] ?? album.products["Full Pack"] ?? Object.values(album.products)[0];
  108 | }
  109 |

the name `getAlbumProduct` is defined multiple times

Import trace:
  Server Component:
    ./app/music/charts/ChartsPageClient.tsx
    ./app/music/charts/page.tsx @ http://localhost:3000/_next/static/chunks/node_modules_next_dist_f3530cac._.js:3127
[ 1526487ms] [ERROR] ./app/music/charts/ChartsPageClient.tsx:102:10
Ecmascript file had an error
  100 | }
  101 |
> 102 | function getSongProduct(song: SongResource, resourceType: Exclude<ResourceType, "Full Pack">) {
      |          ^^^^^^^^^^^^^^
  103 |   return song.products[resourceType] ?? song.products[DEFAULT_SONG_RESOURCE];
  104 | }
  105 |

the name `getSongProduct` is defined multiple times

Import trace:
  Server Component:
    ./app/music/charts/ChartsPageClient.tsx
    ./app/music/charts/page.tsx @ http://localhost:3000/_next/static/chunks/node_modules_next_dist_f3530cac._.js:3127
[ 1526566ms] [ERROR] ./app/music/charts/ChartsPageClient.tsx:494:10
Ecmascript file had an error
  492 | }
  493 |
> 494 | function FakeBundlePreview({ album }: { album: AlbumResourcePack }) {
      |          ^^^^^^^^^^^^^^^^^
  495 |   return (
  496 |     <div className={styles.bundleMock}>
  497 |       <div className={styles.bundleStack} aria-hidden="true">

the name `FakeBundlePreview` is defined multiple times

Import trace:
  Server Component:
    ./app/music/charts/ChartsPageClient.tsx
    ./app/music/charts/page.tsx @ http://localhost:3000/_next/static/chunks/node_modules_next_dist_f3530cac._.js:3127
[ 1526566ms] [ERROR] ./app/music/charts/ChartsPageClient.tsx:455:10
Ecmascript file had an error
  453 | }
  454 |
> 455 | function FakeChordChart({ title, selectedKey }: { title: string; selectedKey: string }) {
      |          ^^^^^^^^^^^^^^
  456 |   return (
  457 |     <div className={styles.pdfMock}>
  458 |       <div className={styles.pdfToolbar} aria-hidden="true">

the name `FakeChordChart` is defined multiple times

Import trace:
  Server Component:
    ./app/music/charts/ChartsPageClient.tsx
    ./app/music/charts/page.tsx @ http://localhost:3000/_next/static/chunks/node_modules_next_dist_f3530cac._.js:3127
[ 1526566ms] [ERROR] ./app/music/charts/ChartsPageClient.tsx:106:10
Ecmascript file had an error
  104 | }
  105 |
> 106 | function getAlbumProduct(album: AlbumResourcePack, resourceType: ResourceType) {
      |          ^^^^^^^^^^^^^^^
  107 |   return album.products[resourceType] ?? album.products["Full Pack"] ?? Object.values(album.products)[0];
  108 | }
  109 |

the name `getAlbumProduct` is defined multiple times

Import trace:
  Server Component:
    ./app/music/charts/ChartsPageClient.tsx
    ./app/music/charts/page.tsx @ http://localhost:3000/_next/static/chunks/node_modules_next_dist_f3530cac._.js:3127
[ 1526566ms] [ERROR] ./app/music/charts/ChartsPageClient.tsx:102:10
Ecmascript file had an error
  100 | }
  101 |
> 102 | function getSongProduct(song: SongResource, resourceType: Exclude<ResourceType, "Full Pack">) {
      |          ^^^^^^^^^^^^^^
  103 |   return song.products[resourceType] ?? song.products[DEFAULT_SONG_RESOURCE];
  104 | }
  105 |

the name `getSongProduct` is defined multiple times

Import trace:
  Server Component:
    ./app/music/charts/ChartsPageClient.tsx
    ./app/music/charts/page.tsx @ http://localhost:3000/_next/static/chunks/node_modules_next_dist_f3530cac._.js:3127
[ 1526642ms] [ERROR] ./app/music/charts/ChartsPageClient.tsx:494:10
Ecmascript file had an error
  492 | }
  493 |
> 494 | function FakeBundlePreview({ album }: { album: AlbumResourcePack }) {
      |          ^^^^^^^^^^^^^^^^^
  495 |   return (
  496 |     <div className={styles.bundleMock}>
  497 |       <div className={styles.bundleStack} aria-hidden="true">

the name `FakeBundlePreview` is defined multiple times

Import trace:
  Server Component:
    ./app/music/charts/ChartsPageClient.tsx
    ./app/music/charts/page.tsx @ http://localhost:3000/_next/static/chunks/node_modules_next_dist_f3530cac._.js:3127
[ 1526642ms] [ERROR] ./app/music/charts/ChartsPageClient.tsx:455:10
Ecmascript file had an error
  453 | }
  454 |
> 455 | function FakeChordChart({ title, selectedKey }: { title: string; selectedKey: string }) {
      |          ^^^^^^^^^^^^^^
  456 |   return (
  457 |     <div className={styles.pdfMock}>
  458 |       <div className={styles.pdfToolbar} aria-hidden="true">

the name `FakeChordChart` is defined multiple times

Import trace:
  Server Component:
    ./app/music/charts/ChartsPageClient.tsx
    ./app/music/charts/page.tsx @ http://localhost:3000/_next/static/chunks/node_modules_next_dist_f3530cac._.js:3127
[ 1526642ms] [ERROR] ./app/music/charts/ChartsPageClient.tsx:106:10
Ecmascript file had an error
  104 | }
  105 |
> 106 | function getAlbumProduct(album: AlbumResourcePack, resourceType: ResourceType) {
      |          ^^^^^^^^^^^^^^^
  107 |   return album.products[resourceType] ?? album.products["Full Pack"] ?? Object.values(album.products)[0];
  108 | }
  109 |

the name `getAlbumProduct` is defined multiple times

Import trace:
  Server Component:
    ./app/music/charts/ChartsPageClient.tsx
    ./app/music/charts/page.tsx @ http://localhost:3000/_next/static/chunks/node_modules_next_dist_f3530cac._.js:3127
[ 1526642ms] [ERROR] ./app/music/charts/ChartsPageClient.tsx:102:10
Ecmascript file had an error
  100 | }
  101 |
> 102 | function getSongProduct(song: SongResource, resourceType: Exclude<ResourceType, "Full Pack">) {
      |          ^^^^^^^^^^^^^^
  103 |   return song.products[resourceType] ?? song.products[DEFAULT_SONG_RESOURCE];
  104 | }
  105 |

the name `getSongProduct` is defined multiple times

Import trace:
  Server Component:
    ./app/music/charts/ChartsPageClient.tsx
    ./app/music/charts/page.tsx @ http://localhost:3000/_next/static/chunks/node_modules_next_dist_f3530cac._.js:3127
[ 1526718ms] [ERROR] ./app/music/charts/ChartsPageClient.tsx:494:10
Ecmascript file had an error
  492 | }
  493 |
> 494 | function FakeBundlePreview({ album }: { album: AlbumResourcePack }) {
      |          ^^^^^^^^^^^^^^^^^
  495 |   return (
  496 |     <div className={styles.bundleMock}>
  497 |       <div className={styles.bundleStack} aria-hidden="true">

the name `FakeBundlePreview` is defined multiple times

Import trace:
  Server Component:
    ./app/music/charts/ChartsPageClient.tsx
    ./app/music/charts/page.tsx @ http://localhost:3000/_next/static/chunks/node_modules_next_dist_f3530cac._.js:3127
[ 1526718ms] [ERROR] ./app/music/charts/ChartsPageClient.tsx:455:10
Ecmascript file had an error
  453 | }
  454 |
> 455 | function FakeChordChart({ title, selectedKey }: { title: string; selectedKey: string }) {
      |          ^^^^^^^^^^^^^^
  456 |   return (
  457 |     <div className={styles.pdfMock}>
  458 |       <div className={styles.pdfToolbar} aria-hidden="true">

the name `FakeChordChart` is defined multiple times

Import trace:
  Server Component:
    ./app/music/charts/ChartsPageClient.tsx
    ./app/music/charts/page.tsx @ http://localhost:3000/_next/static/chunks/node_modules_next_dist_f3530cac._.js:3127
[ 1526718ms] [ERROR] ./app/music/charts/ChartsPageClient.tsx:106:10
Ecmascript file had an error
  104 | }
  105 |
> 106 | function getAlbumProduct(album: AlbumResourcePack, resourceType: ResourceType) {
      |          ^^^^^^^^^^^^^^^
  107 |   return album.products[resourceType] ?? album.products["Full Pack"] ?? Object.values(album.products)[0];
  108 | }
  109 |

the name `getAlbumProduct` is defined multiple times

Import trace:
  Server Component:
    ./app/music/charts/ChartsPageClient.tsx
    ./app/music/charts/page.tsx @ http://localhost:3000/_next/static/chunks/node_modules_next_dist_f3530cac._.js:3127
[ 1526718ms] [ERROR] ./app/music/charts/ChartsPageClient.tsx:102:10
Ecmascript file had an error
  100 | }
  101 |
> 102 | function getSongProduct(song: SongResource, resourceType: Exclude<ResourceType, "Full Pack">) {
      |          ^^^^^^^^^^^^^^
  103 |   return song.products[resourceType] ?? song.products[DEFAULT_SONG_RESOURCE];
  104 | }
  105 |

the name `getSongProduct` is defined multiple times

Import trace:
  Server Component:
    ./app/music/charts/ChartsPageClient.tsx
    ./app/music/charts/page.tsx @ http://localhost:3000/_next/static/chunks/node_modules_next_dist_f3530cac._.js:3127
[ 1526795ms] [ERROR] ./app/music/charts/ChartsPageClient.tsx:494:10
Ecmascript file had an error
  492 | }
  493 |
> 494 | function FakeBundlePreview({ album }: { album: AlbumResourcePack }) {
      |          ^^^^^^^^^^^^^^^^^
  495 |   return (
  496 |     <div className={styles.bundleMock}>
  497 |       <div className={styles.bundleStack} aria-hidden="true">

the name `FakeBundlePreview` is defined multiple times

Import trace:
  Server Component:
    ./app/music/charts/ChartsPageClient.tsx
    ./app/music/charts/page.tsx @ http://localhost:3000/_next/static/chunks/node_modules_next_dist_f3530cac._.js:3127
[ 1526795ms] [ERROR] ./app/music/charts/ChartsPageClient.tsx:455:10
Ecmascript file had an error
  453 | }
  454 |
> 455 | function FakeChordChart({ title, selectedKey }: { title: string; selectedKey: string }) {
      |          ^^^^^^^^^^^^^^
  456 |   return (
  457 |     <div className={styles.pdfMock}>
  458 |       <div className={styles.pdfToolbar} aria-hidden="true">

the name `FakeChordChart` is defined multiple times

Import trace:
  Server Component:
    ./app/music/charts/ChartsPageClient.tsx
    ./app/music/charts/page.tsx @ http://localhost:3000/_next/static/chunks/node_modules_next_dist_f3530cac._.js:3127
[ 1526795ms] [ERROR] ./app/music/charts/ChartsPageClient.tsx:106:10
Ecmascript file had an error
  104 | }
  105 |
> 106 | function getAlbumProduct(album: AlbumResourcePack, resourceType: ResourceType) {
      |          ^^^^^^^^^^^^^^^
  107 |   return album.products[resourceType] ?? album.products["Full Pack"] ?? Object.values(album.products)[0];
  108 | }
  109 |

the name `getAlbumProduct` is defined multiple times

Import trace:
  Server Component:
    ./app/music/charts/ChartsPageClient.tsx
    ./app/music/charts/page.tsx @ http://localhost:3000/_next/static/chunks/node_modules_next_dist_f3530cac._.js:3127
[ 1526795ms] [ERROR] ./app/music/charts/ChartsPageClient.tsx:102:10
Ecmascript file had an error
  100 | }
  101 |
> 102 | function getSongProduct(song: SongResource, resourceType: Exclude<ResourceType, "Full Pack">) {
      |          ^^^^^^^^^^^^^^
  103 |   return song.products[resourceType] ?? song.products[DEFAULT_SONG_RESOURCE];
  104 | }
  105 |

the name `getSongProduct` is defined multiple times

Import trace:
  Server Component:
    ./app/music/charts/ChartsPageClient.tsx
    ./app/music/charts/page.tsx @ http://localhost:3000/_next/static/chunks/node_modules_next_dist_f3530cac._.js:3127
[ 1526874ms] [ERROR] ./app/music/charts/ChartsPageClient.tsx:494:10
Ecmascript file had an error
  492 | }
  493 |
> 494 | function FakeBundlePreview({ album }: { album: AlbumResourcePack }) {
      |          ^^^^^^^^^^^^^^^^^
  495 |   return (
  496 |     <div className={styles.bundleMock}>
  497 |       <div className={styles.bundleStack} aria-hidden="true">

the name `FakeBundlePreview` is defined multiple times

Import trace:
  Server Component:
    ./app/music/charts/ChartsPageClient.tsx
    ./app/music/charts/page.tsx @ http://localhost:3000/_next/static/chunks/node_modules_next_dist_f3530cac._.js:3127
[ 1526874ms] [ERROR] ./app/music/charts/ChartsPageClient.tsx:455:10
Ecmascript file had an error
  453 | }
  454 |
> 455 | function FakeChordChart({ title, selectedKey }: { title: string; selectedKey: string }) {
      |          ^^^^^^^^^^^^^^
  456 |   return (
  457 |     <div className={styles.pdfMock}>
  458 |       <div className={styles.pdfToolbar} aria-hidden="true">

the name `FakeChordChart` is defined multiple times

Import trace:
  Server Component:
    ./app/music/charts/ChartsPageClient.tsx
    ./app/music/charts/page.tsx @ http://localhost:3000/_next/static/chunks/node_modules_next_dist_f3530cac._.js:3127
[ 1526874ms] [ERROR] ./app/music/charts/ChartsPageClient.tsx:106:10
Ecmascript file had an error
  104 | }
  105 |
> 106 | function getAlbumProduct(album: AlbumResourcePack, resourceType: ResourceType) {
      |          ^^^^^^^^^^^^^^^
  107 |   return album.products[resourceType] ?? album.products["Full Pack"] ?? Object.values(album.products)[0];
  108 | }
  109 |

the name `getAlbumProduct` is defined multiple times

Import trace:
  Server Component:
    ./app/music/charts/ChartsPageClient.tsx
    ./app/music/charts/page.tsx @ http://localhost:3000/_next/static/chunks/node_modules_next_dist_f3530cac._.js:3127
[ 1526874ms] [ERROR] ./app/music/charts/ChartsPageClient.tsx:102:10
Ecmascript file had an error
  100 | }
  101 |
> 102 | function getSongProduct(song: SongResource, resourceType: Exclude<ResourceType, "Full Pack">) {
      |          ^^^^^^^^^^^^^^
  103 |   return song.products[resourceType] ?? song.products[DEFAULT_SONG_RESOURCE];
  104 | }
  105 |

the name `getSongProduct` is defined multiple times

Import trace:
  Server Component:
    ./app/music/charts/ChartsPageClient.tsx
    ./app/music/charts/page.tsx @ http://localhost:3000/_next/static/chunks/node_modules_next_dist_f3530cac._.js:3127
[ 1526940ms] [ERROR] ./app/music/charts/ChartsPageClient.tsx:494:10
Ecmascript file had an error
  492 | }
  493 |
> 494 | function FakeBundlePreview({ album }: { album: AlbumResourcePack }) {
      |          ^^^^^^^^^^^^^^^^^
  495 |   return (
  496 |     <div className={styles.bundleMock}>
  497 |       <div className={styles.bundleStack} aria-hidden="true">

the name `FakeBundlePreview` is defined multiple times

Import trace:
  Server Component:
    ./app/music/charts/ChartsPageClient.tsx
    ./app/music/charts/page.tsx @ http://localhost:3000/_next/static/chunks/node_modules_next_dist_f3530cac._.js:3127
[ 1526940ms] [ERROR] ./app/music/charts/ChartsPageClient.tsx:455:10
Ecmascript file had an error
  453 | }
  454 |
> 455 | function FakeChordChart({ title, selectedKey }: { title: string; selectedKey: string }) {
      |          ^^^^^^^^^^^^^^
  456 |   return (
  457 |     <div className={styles.pdfMock}>
  458 |       <div className={styles.pdfToolbar} aria-hidden="true">

the name `FakeChordChart` is defined multiple times

Import trace:
  Server Component:
    ./app/music/charts/ChartsPageClient.tsx
    ./app/music/charts/page.tsx @ http://localhost:3000/_next/static/chunks/node_modules_next_dist_f3530cac._.js:3127
[ 1526940ms] [ERROR] ./app/music/charts/ChartsPageClient.tsx:106:10
Ecmascript file had an error
  104 | }
  105 |
> 106 | function getAlbumProduct(album: AlbumResourcePack, resourceType: ResourceType) {
      |          ^^^^^^^^^^^^^^^
  107 |   return album.products[resourceType] ?? album.products["Full Pack"] ?? Object.values(album.products)[0];
  108 | }
  109 |

the name `getAlbumProduct` is defined multiple times

Import trace:
  Server Component:
    ./app/music/charts/ChartsPageClient.tsx
    ./app/music/charts/page.tsx @ http://localhost:3000/_next/static/chunks/node_modules_next_dist_f3530cac._.js:3127
[ 1526940ms] [ERROR] ./app/music/charts/ChartsPageClient.tsx:102:10
Ecmascript file had an error
  100 | }
  101 |
> 102 | function getSongProduct(song: SongResource, resourceType: Exclude<ResourceType, "Full Pack">) {
      |          ^^^^^^^^^^^^^^
  103 |   return song.products[resourceType] ?? song.products[DEFAULT_SONG_RESOURCE];
  104 | }
  105 |

the name `getSongProduct` is defined multiple times

Import trace:
  Server Component:
    ./app/music/charts/ChartsPageClient.tsx
    ./app/music/charts/page.tsx @ http://localhost:3000/_next/static/chunks/node_modules_next_dist_f3530cac._.js:3127
[ 1527018ms] [ERROR] ./app/music/charts/ChartsPageClient.tsx:494:10
Ecmascript file had an error
  492 | }
  493 |
> 494 | function FakeBundlePreview({ album }: { album: AlbumResourcePack }) {
      |          ^^^^^^^^^^^^^^^^^
  495 |   return (
  496 |     <div className={styles.bundleMock}>
  497 |       <div className={styles.bundleStack} aria-hidden="true">

the name `FakeBundlePreview` is defined multiple times

Import trace:
  Server Component:
    ./app/music/charts/ChartsPageClient.tsx
    ./app/music/charts/page.tsx @ http://localhost:3000/_next/static/chunks/node_modules_next_dist_f3530cac._.js:3127
[ 1527018ms] [ERROR] ./app/music/charts/ChartsPageClient.tsx:455:10
Ecmascript file had an error
  453 | }
  454 |
> 455 | function FakeChordChart({ title, selectedKey }: { title: string; selectedKey: string }) {
      |          ^^^^^^^^^^^^^^
  456 |   return (
  457 |     <div className={styles.pdfMock}>
  458 |       <div className={styles.pdfToolbar} aria-hidden="true">

the name `FakeChordChart` is defined multiple times

Import trace:
  Server Component:
    ./app/music/charts/ChartsPageClient.tsx
    ./app/music/charts/page.tsx @ http://localhost:3000/_next/static/chunks/node_modules_next_dist_f3530cac._.js:3127
[ 1527018ms] [ERROR] ./app/music/charts/ChartsPageClient.tsx:106:10
Ecmascript file had an error
  104 | }
  105 |
> 106 | function getAlbumProduct(album: AlbumResourcePack, resourceType: ResourceType) {
      |          ^^^^^^^^^^^^^^^
  107 |   return album.products[resourceType] ?? album.products["Full Pack"] ?? Object.values(album.products)[0];
  108 | }
  109 |

the name `getAlbumProduct` is defined multiple times

Import trace:
  Server Component:
    ./app/music/charts/ChartsPageClient.tsx
    ./app/music/charts/page.tsx @ http://localhost:3000/_next/static/chunks/node_modules_next_dist_f3530cac._.js:3127
[ 1527018ms] [ERROR] ./app/music/charts/ChartsPageClient.tsx:102:10
Ecmascript file had an error
  100 | }
  101 |
> 102 | function getSongProduct(song: SongResource, resourceType: Exclude<ResourceType, "Full Pack">) {
      |          ^^^^^^^^^^^^^^
  103 |   return song.products[resourceType] ?? song.products[DEFAULT_SONG_RESOURCE];
  104 | }
  105 |

the name `getSongProduct` is defined multiple times

Import trace:
  Server Component:
    ./app/music/charts/ChartsPageClient.tsx
    ./app/music/charts/page.tsx @ http://localhost:3000/_next/static/chunks/node_modules_next_dist_f3530cac._.js:3127
[ 1527094ms] [ERROR] ./app/music/charts/ChartsPageClient.tsx:494:10
Ecmascript file had an error
  492 | }
  493 |
> 494 | function FakeBundlePreview({ album }: { album: AlbumResourcePack }) {
      |          ^^^^^^^^^^^^^^^^^
  495 |   return (
  496 |     <div className={styles.bundleMock}>
  497 |       <div className={styles.bundleStack} aria-hidden="true">

the name `FakeBundlePreview` is defined multiple times

Import trace:
  Server Component:
    ./app/music/charts/ChartsPageClient.tsx
    ./app/music/charts/page.tsx @ http://localhost:3000/_next/static/chunks/node_modules_next_dist_f3530cac._.js:3127
[ 1527094ms] [ERROR] ./app/music/charts/ChartsPageClient.tsx:455:10
Ecmascript file had an error
  453 | }
  454 |
> 455 | function FakeChordChart({ title, selectedKey }: { title: string; selectedKey: string }) {
      |          ^^^^^^^^^^^^^^
  456 |   return (
  457 |     <div className={styles.pdfMock}>
  458 |       <div className={styles.pdfToolbar} aria-hidden="true">

the name `FakeChordChart` is defined multiple times

Import trace:
  Server Component:
    ./app/music/charts/ChartsPageClient.tsx
    ./app/music/charts/page.tsx @ http://localhost:3000/_next/static/chunks/node_modules_next_dist_f3530cac._.js:3127
[ 1527094ms] [ERROR] ./app/music/charts/ChartsPageClient.tsx:106:10
Ecmascript file had an error
  104 | }
  105 |
> 106 | function getAlbumProduct(album: AlbumResourcePack, resourceType: ResourceType) {
      |          ^^^^^^^^^^^^^^^
  107 |   return album.products[resourceType] ?? album.products["Full Pack"] ?? Object.values(album.products)[0];
  108 | }
  109 |

the name `getAlbumProduct` is defined multiple times

Import trace:
  Server Component:
    ./app/music/charts/ChartsPageClient.tsx
    ./app/music/charts/page.tsx @ http://localhost:3000/_next/static/chunks/node_modules_next_dist_f3530cac._.js:3127
[ 1527094ms] [ERROR] ./app/music/charts/ChartsPageClient.tsx:102:10
Ecmascript file had an error
  100 | }
  101 |
> 102 | function getSongProduct(song: SongResource, resourceType: Exclude<ResourceType, "Full Pack">) {
      |          ^^^^^^^^^^^^^^
  103 |   return song.products[resourceType] ?? song.products[DEFAULT_SONG_RESOURCE];
  104 | }
  105 |

the name `getSongProduct` is defined multiple times

Import trace:
  Server Component:
    ./app/music/charts/ChartsPageClient.tsx
    ./app/music/charts/page.tsx @ http://localhost:3000/_next/static/chunks/node_modules_next_dist_f3530cac._.js:3127
[ 1527157ms] [ERROR] ./app/music/charts/ChartsPageClient.tsx:494:10
Ecmascript file had an error
  492 | }
  493 |
> 494 | function FakeBundlePreview({ album }: { album: AlbumResourcePack }) {
      |          ^^^^^^^^^^^^^^^^^
  495 |   return (
  496 |     <div className={styles.bundleMock}>
  497 |       <div className={styles.bundleStack} aria-hidden="true">

the name `FakeBundlePreview` is defined multiple times

Import trace:
  Server Component:
    ./app/music/charts/ChartsPageClient.tsx
    ./app/music/charts/page.tsx @ http://localhost:3000/_next/static/chunks/node_modules_next_dist_f3530cac._.js:3127
[ 1527157ms] [ERROR] ./app/music/charts/ChartsPageClient.tsx:455:10
Ecmascript file had an error
  453 | }
  454 |
> 455 | function FakeChordChart({ title, selectedKey }: { title: string; selectedKey: string }) {
      |          ^^^^^^^^^^^^^^
  456 |   return (
  457 |     <div className={styles.pdfMock}>
  458 |       <div className={styles.pdfToolbar} aria-hidden="true">

the name `FakeChordChart` is defined multiple times

Import trace:
  Server Component:
    ./app/music/charts/ChartsPageClient.tsx
    ./app/music/charts/page.tsx @ http://localhost:3000/_next/static/chunks/node_modules_next_dist_f3530cac._.js:3127
[ 1527157ms] [ERROR] ./app/music/charts/ChartsPageClient.tsx:106:10
Ecmascript file had an error
  104 | }
  105 |
> 106 | function getAlbumProduct(album: AlbumResourcePack, resourceType: ResourceType) {
      |          ^^^^^^^^^^^^^^^
  107 |   return album.products[resourceType] ?? album.products["Full Pack"] ?? Object.values(album.products)[0];
  108 | }
  109 |

the name `getAlbumProduct` is defined multiple times

Import trace:
  Server Component:
    ./app/music/charts/ChartsPageClient.tsx
    ./app/music/charts/page.tsx @ http://localhost:3000/_next/static/chunks/node_modules_next_dist_f3530cac._.js:3127
[ 1527157ms] [ERROR] ./app/music/charts/ChartsPageClient.tsx:102:10
Ecmascript file had an error
  100 | }
  101 |
> 102 | function getSongProduct(song: SongResource, resourceType: Exclude<ResourceType, "Full Pack">) {
      |          ^^^^^^^^^^^^^^
  103 |   return song.products[resourceType] ?? song.products[DEFAULT_SONG_RESOURCE];
  104 | }
  105 |

the name `getSongProduct` is defined multiple times

Import trace:
  Server Component:
    ./app/music/charts/ChartsPageClient.tsx
    ./app/music/charts/page.tsx @ http://localhost:3000/_next/static/chunks/node_modules_next_dist_f3530cac._.js:3127
[ 1527235ms] [ERROR] ./app/music/charts/ChartsPageClient.tsx:494:10
Ecmascript file had an error
  492 | }
  493 |
> 494 | function FakeBundlePreview({ album }: { album: AlbumResourcePack }) {
      |          ^^^^^^^^^^^^^^^^^
  495 |   return (
  496 |     <div className={styles.bundleMock}>
  497 |       <div className={styles.bundleStack} aria-hidden="true">

the name `FakeBundlePreview` is defined multiple times

Import trace:
  Server Component:
    ./app/music/charts/ChartsPageClient.tsx
    ./app/music/charts/page.tsx @ http://localhost:3000/_next/static/chunks/node_modules_next_dist_f3530cac._.js:3127
[ 1527235ms] [ERROR] ./app/music/charts/ChartsPageClient.tsx:455:10
Ecmascript file had an error
  453 | }
  454 |
> 455 | function FakeChordChart({ title, selectedKey }: { title: string; selectedKey: string }) {
      |          ^^^^^^^^^^^^^^
  456 |   return (
  457 |     <div className={styles.pdfMock}>
  458 |       <div className={styles.pdfToolbar} aria-hidden="true">

the name `FakeChordChart` is defined multiple times

Import trace:
  Server Component:
    ./app/music/charts/ChartsPageClient.tsx
    ./app/music/charts/page.tsx @ http://localhost:3000/_next/static/chunks/node_modules_next_dist_f3530cac._.js:3127
[ 1527235ms] [ERROR] ./app/music/charts/ChartsPageClient.tsx:106:10
Ecmascript file had an error
  104 | }
  105 |
> 106 | function getAlbumProduct(album: AlbumResourcePack, resourceType: ResourceType) {
      |          ^^^^^^^^^^^^^^^
  107 |   return album.products[resourceType] ?? album.products["Full Pack"] ?? Object.values(album.products)[0];
  108 | }
  109 |

the name `getAlbumProduct` is defined multiple times

Import trace:
  Server Component:
    ./app/music/charts/ChartsPageClient.tsx
    ./app/music/charts/page.tsx @ http://localhost:3000/_next/static/chunks/node_modules_next_dist_f3530cac._.js:3127
[ 1527236ms] [ERROR] ./app/music/charts/ChartsPageClient.tsx:102:10
Ecmascript file had an error
  100 | }
  101 |
> 102 | function getSongProduct(song: SongResource, resourceType: Exclude<ResourceType, "Full Pack">) {
      |          ^^^^^^^^^^^^^^
  103 |   return song.products[resourceType] ?? song.products[DEFAULT_SONG_RESOURCE];
  104 | }
  105 |

the name `getSongProduct` is defined multiple times

Import trace:
  Server Component:
    ./app/music/charts/ChartsPageClient.tsx
    ./app/music/charts/page.tsx @ http://localhost:3000/_next/static/chunks/node_modules_next_dist_f3530cac._.js:3127
[ 1527315ms] [ERROR] ./app/music/charts/ChartsPageClient.tsx:494:10
Ecmascript file had an error
  492 | }
  493 |
> 494 | function FakeBundlePreview({ album }: { album: AlbumResourcePack }) {
      |          ^^^^^^^^^^^^^^^^^
  495 |   return (
  496 |     <div className={styles.bundleMock}>
  497 |       <div className={styles.bundleStack} aria-hidden="true">

the name `FakeBundlePreview` is defined multiple times

Import trace:
  Server Component:
    ./app/music/charts/ChartsPageClient.tsx
    ./app/music/charts/page.tsx @ http://localhost:3000/_next/static/chunks/node_modules_next_dist_f3530cac._.js:3127
[ 1527315ms] [ERROR] ./app/music/charts/ChartsPageClient.tsx:455:10
Ecmascript file had an error
  453 | }
  454 |
> 455 | function FakeChordChart({ title, selectedKey }: { title: string; selectedKey: string }) {
      |          ^^^^^^^^^^^^^^
  456 |   return (
  457 |     <div className={styles.pdfMock}>
  458 |       <div className={styles.pdfToolbar} aria-hidden="true">

the name `FakeChordChart` is defined multiple times

Import trace:
  Server Component:
    ./app/music/charts/ChartsPageClient.tsx
    ./app/music/charts/page.tsx @ http://localhost:3000/_next/static/chunks/node_modules_next_dist_f3530cac._.js:3127
[ 1527315ms] [ERROR] ./app/music/charts/ChartsPageClient.tsx:106:10
Ecmascript file had an error
  104 | }
  105 |
> 106 | function getAlbumProduct(album: AlbumResourcePack, resourceType: ResourceType) {
      |          ^^^^^^^^^^^^^^^
  107 |   return album.products[resourceType] ?? album.products["Full Pack"] ?? Object.values(album.products)[0];
  108 | }
  109 |

the name `getAlbumProduct` is defined multiple times

Import trace:
  Server Component:
    ./app/music/charts/ChartsPageClient.tsx
    ./app/music/charts/page.tsx @ http://localhost:3000/_next/static/chunks/node_modules_next_dist_f3530cac._.js:3127
[ 1527315ms] [ERROR] ./app/music/charts/ChartsPageClient.tsx:102:10
Ecmascript file had an error
  100 | }
  101 |
> 102 | function getSongProduct(song: SongResource, resourceType: Exclude<ResourceType, "Full Pack">) {
      |          ^^^^^^^^^^^^^^
  103 |   return song.products[resourceType] ?? song.products[DEFAULT_SONG_RESOURCE];
  104 | }
  105 |

the name `getSongProduct` is defined multiple times

Import trace:
  Server Component:
    ./app/music/charts/ChartsPageClient.tsx
    ./app/music/charts/page.tsx @ http://localhost:3000/_next/static/chunks/node_modules_next_dist_f3530cac._.js:3127
[ 1527389ms] [ERROR] ./app/music/charts/ChartsPageClient.tsx:494:10
Ecmascript file had an error
  492 | }
  493 |
> 494 | function FakeBundlePreview({ album }: { album: AlbumResourcePack }) {
      |          ^^^^^^^^^^^^^^^^^
  495 |   return (
  496 |     <div className={styles.bundleMock}>
  497 |       <div className={styles.bundleStack} aria-hidden="true">

the name `FakeBundlePreview` is defined multiple times

Import trace:
  Server Component:
    ./app/music/charts/ChartsPageClient.tsx
    ./app/music/charts/page.tsx @ http://localhost:3000/_next/static/chunks/node_modules_next_dist_f3530cac._.js:3127
[ 1527390ms] [ERROR] ./app/music/charts/ChartsPageClient.tsx:455:10
Ecmascript file had an error
  453 | }
  454 |
> 455 | function FakeChordChart({ title, selectedKey }: { title: string; selectedKey: string }) {
      |          ^^^^^^^^^^^^^^
  456 |   return (
  457 |     <div className={styles.pdfMock}>
  458 |       <div className={styles.pdfToolbar} aria-hidden="true">

the name `FakeChordChart` is defined multiple times

Import trace:
  Server Component:
    ./app/music/charts/ChartsPageClient.tsx
    ./app/music/charts/page.tsx @ http://localhost:3000/_next/static/chunks/node_modules_next_dist_f3530cac._.js:3127
[ 1527390ms] [ERROR] ./app/music/charts/ChartsPageClient.tsx:106:10
Ecmascript file had an error
  104 | }
  105 |
> 106 | function getAlbumProduct(album: AlbumResourcePack, resourceType: ResourceType) {
      |          ^^^^^^^^^^^^^^^
  107 |   return album.products[resourceType] ?? album.products["Full Pack"] ?? Object.values(album.products)[0];
  108 | }
  109 |

the name `getAlbumProduct` is defined multiple times

Import trace:
  Server Component:
    ./app/music/charts/ChartsPageClient.tsx
    ./app/music/charts/page.tsx @ http://localhost:3000/_next/static/chunks/node_modules_next_dist_f3530cac._.js:3127
[ 1527390ms] [ERROR] ./app/music/charts/ChartsPageClient.tsx:102:10
Ecmascript file had an error
  100 | }
  101 |
> 102 | function getSongProduct(song: SongResource, resourceType: Exclude<ResourceType, "Full Pack">) {
      |          ^^^^^^^^^^^^^^
  103 |   return song.products[resourceType] ?? song.products[DEFAULT_SONG_RESOURCE];
  104 | }
  105 |

the name `getSongProduct` is defined multiple times

Import trace:
  Server Component:
    ./app/music/charts/ChartsPageClient.tsx
    ./app/music/charts/page.tsx @ http://localhost:3000/_next/static/chunks/node_modules_next_dist_f3530cac._.js:3127
[ 1527463ms] [ERROR] ./app/music/charts/ChartsPageClient.tsx:494:10
Ecmascript file had an error
  492 | }
  493 |
> 494 | function FakeBundlePreview({ album }: { album: AlbumResourcePack }) {
      |          ^^^^^^^^^^^^^^^^^
  495 |   return (
  496 |     <div className={styles.bundleMock}>
  497 |       <div className={styles.bundleStack} aria-hidden="true">

the name `FakeBundlePreview` is defined multiple times

Import trace:
  Server Component:
    ./app/music/charts/ChartsPageClient.tsx
    ./app/music/charts/page.tsx @ http://localhost:3000/_next/static/chunks/node_modules_next_dist_f3530cac._.js:3127
[ 1527464ms] [ERROR] ./app/music/charts/ChartsPageClient.tsx:455:10
Ecmascript file had an error
  453 | }
  454 |
> 455 | function FakeChordChart({ title, selectedKey }: { title: string; selectedKey: string }) {
      |          ^^^^^^^^^^^^^^
  456 |   return (
  457 |     <div className={styles.pdfMock}>
  458 |       <div className={styles.pdfToolbar} aria-hidden="true">

the name `FakeChordChart` is defined multiple times

Import trace:
  Server Component:
    ./app/music/charts/ChartsPageClient.tsx
    ./app/music/charts/page.tsx @ http://localhost:3000/_next/static/chunks/node_modules_next_dist_f3530cac._.js:3127
[ 1527464ms] [ERROR] ./app/music/charts/ChartsPageClient.tsx:106:10
Ecmascript file had an error
  104 | }
  105 |
> 106 | function getAlbumProduct(album: AlbumResourcePack, resourceType: ResourceType) {
      |          ^^^^^^^^^^^^^^^
  107 |   return album.products[resourceType] ?? album.products["Full Pack"] ?? Object.values(album.products)[0];
  108 | }
  109 |

the name `getAlbumProduct` is defined multiple times

Import trace:
  Server Component:
    ./app/music/charts/ChartsPageClient.tsx
    ./app/music/charts/page.tsx @ http://localhost:3000/_next/static/chunks/node_modules_next_dist_f3530cac._.js:3127
[ 1527464ms] [ERROR] ./app/music/charts/ChartsPageClient.tsx:102:10
Ecmascript file had an error
  100 | }
  101 |
> 102 | function getSongProduct(song: SongResource, resourceType: Exclude<ResourceType, "Full Pack">) {
      |          ^^^^^^^^^^^^^^
  103 |   return song.products[resourceType] ?? song.products[DEFAULT_SONG_RESOURCE];
  104 | }
  105 |

the name `getSongProduct` is defined multiple times

Import trace:
  Server Component:
    ./app/music/charts/ChartsPageClient.tsx
    ./app/music/charts/page.tsx @ http://localhost:3000/_next/static/chunks/node_modules_next_dist_f3530cac._.js:3127
[ 1527535ms] [ERROR] ./app/music/charts/ChartsPageClient.tsx:494:10
Ecmascript file had an error
  492 | }
  493 |
> 494 | function FakeBundlePreview({ album }: { album: AlbumResourcePack }) {
      |          ^^^^^^^^^^^^^^^^^
  495 |   return (
  496 |     <div className={styles.bundleMock}>
  497 |       <div className={styles.bundleStack} aria-hidden="true">

the name `FakeBundlePreview` is defined multiple times

Import trace:
  Server Component:
    ./app/music/charts/ChartsPageClient.tsx
    ./app/music/charts/page.tsx @ http://localhost:3000/_next/static/chunks/node_modules_next_dist_f3530cac._.js:3127
[ 1527535ms] [ERROR] ./app/music/charts/ChartsPageClient.tsx:455:10
Ecmascript file had an error
  453 | }
  454 |
> 455 | function FakeChordChart({ title, selectedKey }: { title: string; selectedKey: string }) {
      |          ^^^^^^^^^^^^^^
  456 |   return (
  457 |     <div className={styles.pdfMock}>
  458 |       <div className={styles.pdfToolbar} aria-hidden="true">

the name `FakeChordChart` is defined multiple times

Import trace:
  Server Component:
    ./app/music/charts/ChartsPageClient.tsx
    ./app/music/charts/page.tsx @ http://localhost:3000/_next/static/chunks/node_modules_next_dist_f3530cac._.js:3127
[ 1527535ms] [ERROR] ./app/music/charts/ChartsPageClient.tsx:106:10
Ecmascript file had an error
  104 | }
  105 |
> 106 | function getAlbumProduct(album: AlbumResourcePack, resourceType: ResourceType) {
      |          ^^^^^^^^^^^^^^^
  107 |   return album.products[resourceType] ?? album.products["Full Pack"] ?? Object.values(album.products)[0];
  108 | }
  109 |

the name `getAlbumProduct` is defined multiple times

Import trace:
  Server Component:
    ./app/music/charts/ChartsPageClient.tsx
    ./app/music/charts/page.tsx @ http://localhost:3000/_next/static/chunks/node_modules_next_dist_f3530cac._.js:3127
[ 1527535ms] [ERROR] ./app/music/charts/ChartsPageClient.tsx:102:10
Ecmascript file had an error
  100 | }
  101 |
> 102 | function getSongProduct(song: SongResource, resourceType: Exclude<ResourceType, "Full Pack">) {
      |          ^^^^^^^^^^^^^^
  103 |   return song.products[resourceType] ?? song.products[DEFAULT_SONG_RESOURCE];
  104 | }
  105 |

the name `getSongProduct` is defined multiple times

Import trace:
  Server Component:
    ./app/music/charts/ChartsPageClient.tsx
    ./app/music/charts/page.tsx @ http://localhost:3000/_next/static/chunks/node_modules_next_dist_f3530cac._.js:3127
[ 1527598ms] [ERROR] ./app/music/charts/ChartsPageClient.tsx:494:10
Ecmascript file had an error
  492 | }
  493 |
> 494 | function FakeBundlePreview({ album }: { album: AlbumResourcePack }) {
      |          ^^^^^^^^^^^^^^^^^
  495 |   return (
  496 |     <div className={styles.bundleMock}>
  497 |       <div className={styles.bundleStack} aria-hidden="true">

the name `FakeBundlePreview` is defined multiple times

Import trace:
  Server Component:
    ./app/music/charts/ChartsPageClient.tsx
    ./app/music/charts/page.tsx @ http://localhost:3000/_next/static/chunks/node_modules_next_dist_f3530cac._.js:3127
[ 1527598ms] [ERROR] ./app/music/charts/ChartsPageClient.tsx:455:10
Ecmascript file had an error
  453 | }
  454 |
> 455 | function FakeChordChart({ title, selectedKey }: { title: string; selectedKey: string }) {
      |          ^^^^^^^^^^^^^^
  456 |   return (
  457 |     <div className={styles.pdfMock}>
  458 |       <div className={styles.pdfToolbar} aria-hidden="true">

the name `FakeChordChart` is defined multiple times

Import trace:
  Server Component:
    ./app/music/charts/ChartsPageClient.tsx
    ./app/music/charts/page.tsx @ http://localhost:3000/_next/static/chunks/node_modules_next_dist_f3530cac._.js:3127
[ 1527598ms] [ERROR] ./app/music/charts/ChartsPageClient.tsx:106:10
Ecmascript file had an error
  104 | }
  105 |
> 106 | function getAlbumProduct(album: AlbumResourcePack, resourceType: ResourceType) {
      |          ^^^^^^^^^^^^^^^
  107 |   return album.products[resourceType] ?? album.products["Full Pack"] ?? Object.values(album.products)[0];
  108 | }
  109 |

the name `getAlbumProduct` is defined multiple times

Import trace:
  Server Component:
    ./app/music/charts/ChartsPageClient.tsx
    ./app/music/charts/page.tsx @ http://localhost:3000/_next/static/chunks/node_modules_next_dist_f3530cac._.js:3127
[ 1527598ms] [ERROR] ./app/music/charts/ChartsPageClient.tsx:102:10
Ecmascript file had an error
  100 | }
  101 |
> 102 | function getSongProduct(song: SongResource, resourceType: Exclude<ResourceType, "Full Pack">) {
      |          ^^^^^^^^^^^^^^
  103 |   return song.products[resourceType] ?? song.products[DEFAULT_SONG_RESOURCE];
  104 | }
  105 |

the name `getSongProduct` is defined multiple times

Import trace:
  Server Component:
    ./app/music/charts/ChartsPageClient.tsx
    ./app/music/charts/page.tsx @ http://localhost:3000/_next/static/chunks/node_modules_next_dist_f3530cac._.js:3127
[ 1527665ms] [ERROR] ./app/music/charts/ChartsPageClient.tsx:494:10
Ecmascript file had an error
  492 | }
  493 |
> 494 | function FakeBundlePreview({ album }: { album: AlbumResourcePack }) {
      |          ^^^^^^^^^^^^^^^^^
  495 |   return (
  496 |     <div className={styles.bundleMock}>
  497 |       <div className={styles.bundleStack} aria-hidden="true">

the name `FakeBundlePreview` is defined multiple times

Import trace:
  Server Component:
    ./app/music/charts/ChartsPageClient.tsx
    ./app/music/charts/page.tsx @ http://localhost:3000/_next/static/chunks/node_modules_next_dist_f3530cac._.js:3127
[ 1527665ms] [ERROR] ./app/music/charts/ChartsPageClient.tsx:455:10
Ecmascript file had an error
  453 | }
  454 |
> 455 | function FakeChordChart({ title, selectedKey }: { title: string; selectedKey: string }) {
      |          ^^^^^^^^^^^^^^
  456 |   return (
  457 |     <div className={styles.pdfMock}>
  458 |       <div className={styles.pdfToolbar} aria-hidden="true">

the name `FakeChordChart` is defined multiple times

Import trace:
  Server Component:
    ./app/music/charts/ChartsPageClient.tsx
    ./app/music/charts/page.tsx @ http://localhost:3000/_next/static/chunks/node_modules_next_dist_f3530cac._.js:3127
[ 1527665ms] [ERROR] ./app/music/charts/ChartsPageClient.tsx:106:10
Ecmascript file had an error
  104 | }
  105 |
> 106 | function getAlbumProduct(album: AlbumResourcePack, resourceType: ResourceType) {
      |          ^^^^^^^^^^^^^^^
  107 |   return album.products[resourceType] ?? album.products["Full Pack"] ?? Object.values(album.products)[0];
  108 | }
  109 |

the name `getAlbumProduct` is defined multiple times

Import trace:
  Server Component:
    ./app/music/charts/ChartsPageClient.tsx
    ./app/music/charts/page.tsx @ http://localhost:3000/_next/static/chunks/node_modules_next_dist_f3530cac._.js:3127
[ 1527666ms] [ERROR] ./app/music/charts/ChartsPageClient.tsx:102:10
Ecmascript file had an error
  100 | }
  101 |
> 102 | function getSongProduct(song: SongResource, resourceType: Exclude<ResourceType, "Full Pack">) {
      |          ^^^^^^^^^^^^^^
  103 |   return song.products[resourceType] ?? song.products[DEFAULT_SONG_RESOURCE];
  104 | }
  105 |

the name `getSongProduct` is defined multiple times

Import trace:
  Server Component:
    ./app/music/charts/ChartsPageClient.tsx
    ./app/music/charts/page.tsx @ http://localhost:3000/_next/static/chunks/node_modules_next_dist_f3530cac._.js:3127
[ 1527744ms] [ERROR] ./app/music/charts/ChartsPageClient.tsx:494:10
Ecmascript file had an error
  492 | }
  493 |
> 494 | function FakeBundlePreview({ album }: { album: AlbumResourcePack }) {
      |          ^^^^^^^^^^^^^^^^^
  495 |   return (
  496 |     <div className={styles.bundleMock}>
  497 |       <div className={styles.bundleStack} aria-hidden="true">

the name `FakeBundlePreview` is defined multiple times

Import trace:
  Server Component:
    ./app/music/charts/ChartsPageClient.tsx
    ./app/music/charts/page.tsx @ http://localhost:3000/_next/static/chunks/node_modules_next_dist_f3530cac._.js:3127
[ 1527744ms] [ERROR] ./app/music/charts/ChartsPageClient.tsx:455:10
Ecmascript file had an error
  453 | }
  454 |
> 455 | function FakeChordChart({ title, selectedKey }: { title: string; selectedKey: string }) {
      |          ^^^^^^^^^^^^^^
  456 |   return (
  457 |     <div className={styles.pdfMock}>
  458 |       <div className={styles.pdfToolbar} aria-hidden="true">

the name `FakeChordChart` is defined multiple times

Import trace:
  Server Component:
    ./app/music/charts/ChartsPageClient.tsx
    ./app/music/charts/page.tsx @ http://localhost:3000/_next/static/chunks/node_modules_next_dist_f3530cac._.js:3127
[ 1527744ms] [ERROR] ./app/music/charts/ChartsPageClient.tsx:106:10
Ecmascript file had an error
  104 | }
  105 |
> 106 | function getAlbumProduct(album: AlbumResourcePack, resourceType: ResourceType) {
      |          ^^^^^^^^^^^^^^^
  107 |   return album.products[resourceType] ?? album.products["Full Pack"] ?? Object.values(album.products)[0];
  108 | }
  109 |

the name `getAlbumProduct` is defined multiple times

Import trace:
  Server Component:
    ./app/music/charts/ChartsPageClient.tsx
    ./app/music/charts/page.tsx @ http://localhost:3000/_next/static/chunks/node_modules_next_dist_f3530cac._.js:3127
[ 1527744ms] [ERROR] ./app/music/charts/ChartsPageClient.tsx:102:10
Ecmascript file had an error
  100 | }
  101 |
> 102 | function getSongProduct(song: SongResource, resourceType: Exclude<ResourceType, "Full Pack">) {
      |          ^^^^^^^^^^^^^^
  103 |   return song.products[resourceType] ?? song.products[DEFAULT_SONG_RESOURCE];
  104 | }
  105 |

the name `getSongProduct` is defined multiple times

Import trace:
  Server Component:
    ./app/music/charts/ChartsPageClient.tsx
    ./app/music/charts/page.tsx @ http://localhost:3000/_next/static/chunks/node_modules_next_dist_f3530cac._.js:3127
[ 1527814ms] [ERROR] ./app/music/charts/ChartsPageClient.tsx:494:10
Ecmascript file had an error
  492 | }
  493 |
> 494 | function FakeBundlePreview({ album }: { album: AlbumResourcePack }) {
      |          ^^^^^^^^^^^^^^^^^
  495 |   return (
  496 |     <div className={styles.bundleMock}>
  497 |       <div className={styles.bundleStack} aria-hidden="true">

the name `FakeBundlePreview` is defined multiple times

Import trace:
  Server Component:
    ./app/music/charts/ChartsPageClient.tsx
    ./app/music/charts/page.tsx @ http://localhost:3000/_next/static/chunks/node_modules_next_dist_f3530cac._.js:3127
[ 1527814ms] [ERROR] ./app/music/charts/ChartsPageClient.tsx:455:10
Ecmascript file had an error
  453 | }
  454 |
> 455 | function FakeChordChart({ title, selectedKey }: { title: string; selectedKey: string }) {
      |          ^^^^^^^^^^^^^^
  456 |   return (
  457 |     <div className={styles.pdfMock}>
  458 |       <div className={styles.pdfToolbar} aria-hidden="true">

the name `FakeChordChart` is defined multiple times

Import trace:
  Server Component:
    ./app/music/charts/ChartsPageClient.tsx
    ./app/music/charts/page.tsx @ http://localhost:3000/_next/static/chunks/node_modules_next_dist_f3530cac._.js:3127
[ 1527814ms] [ERROR] ./app/music/charts/ChartsPageClient.tsx:106:10
Ecmascript file had an error
  104 | }
  105 |
> 106 | function getAlbumProduct(album: AlbumResourcePack, resourceType: ResourceType) {
      |          ^^^^^^^^^^^^^^^
  107 |   return album.products[resourceType] ?? album.products["Full Pack"] ?? Object.values(album.products)[0];
  108 | }
  109 |

the name `getAlbumProduct` is defined multiple times

Import trace:
  Server Component:
    ./app/music/charts/ChartsPageClient.tsx
    ./app/music/charts/page.tsx @ http://localhost:3000/_next/static/chunks/node_modules_next_dist_f3530cac._.js:3127
[ 1527815ms] [ERROR] ./app/music/charts/ChartsPageClient.tsx:102:10
Ecmascript file had an error
  100 | }
  101 |
> 102 | function getSongProduct(song: SongResource, resourceType: Exclude<ResourceType, "Full Pack">) {
      |          ^^^^^^^^^^^^^^
  103 |   return song.products[resourceType] ?? song.products[DEFAULT_SONG_RESOURCE];
  104 | }
  105 |

the name `getSongProduct` is defined multiple times

Import trace:
  Server Component:
    ./app/music/charts/ChartsPageClient.tsx
    ./app/music/charts/page.tsx @ http://localhost:3000/_next/static/chunks/node_modules_next_dist_f3530cac._.js:3127
[ 1527878ms] [ERROR] ./app/music/charts/ChartsPageClient.tsx:494:10
Ecmascript file had an error
  492 | }
  493 |
> 494 | function FakeBundlePreview({ album }: { album: AlbumResourcePack }) {
      |          ^^^^^^^^^^^^^^^^^
  495 |   return (
  496 |     <div className={styles.bundleMock}>
  497 |       <div className={styles.bundleStack} aria-hidden="true">

the name `FakeBundlePreview` is defined multiple times

Import trace:
  Server Component:
    ./app/music/charts/ChartsPageClient.tsx
    ./app/music/charts/page.tsx @ http://localhost:3000/_next/static/chunks/node_modules_next_dist_f3530cac._.js:3127
[ 1527879ms] [ERROR] ./app/music/charts/ChartsPageClient.tsx:455:10
Ecmascript file had an error
  453 | }
  454 |
> 455 | function FakeChordChart({ title, selectedKey }: { title: string; selectedKey: string }) {
      |          ^^^^^^^^^^^^^^
  456 |   return (
  457 |     <div className={styles.pdfMock}>
  458 |       <div className={styles.pdfToolbar} aria-hidden="true">

the name `FakeChordChart` is defined multiple times

Import trace:
  Server Component:
    ./app/music/charts/ChartsPageClient.tsx
    ./app/music/charts/page.tsx @ http://localhost:3000/_next/static/chunks/node_modules_next_dist_f3530cac._.js:3127
[ 1527879ms] [ERROR] ./app/music/charts/ChartsPageClient.tsx:106:10
Ecmascript file had an error
  104 | }
  105 |
> 106 | function getAlbumProduct(album: AlbumResourcePack, resourceType: ResourceType) {
      |          ^^^^^^^^^^^^^^^
  107 |   return album.products[resourceType] ?? album.products["Full Pack"] ?? Object.values(album.products)[0];
  108 | }
  109 |

the name `getAlbumProduct` is defined multiple times

Import trace:
  Server Component:
    ./app/music/charts/ChartsPageClient.tsx
    ./app/music/charts/page.tsx @ http://localhost:3000/_next/static/chunks/node_modules_next_dist_f3530cac._.js:3127
[ 1527879ms] [ERROR] ./app/music/charts/ChartsPageClient.tsx:102:10
Ecmascript file had an error
  100 | }
  101 |
> 102 | function getSongProduct(song: SongResource, resourceType: Exclude<ResourceType, "Full Pack">) {
      |          ^^^^^^^^^^^^^^
  103 |   return song.products[resourceType] ?? song.products[DEFAULT_SONG_RESOURCE];
  104 | }
  105 |

the name `getSongProduct` is defined multiple times

Import trace:
  Server Component:
    ./app/music/charts/ChartsPageClient.tsx
    ./app/music/charts/page.tsx @ http://localhost:3000/_next/static/chunks/node_modules_next_dist_f3530cac._.js:3127
[ 1527987ms] [ERROR] ./app/music/charts/ChartsPageClient.tsx:494:10
Ecmascript file had an error
  492 | }
  493 |
> 494 | function FakeBundlePreview({ album }: { album: AlbumResourcePack }) {
      |          ^^^^^^^^^^^^^^^^^
  495 |   return (
  496 |     <div className={styles.bundleMock}>
  497 |       <div className={styles.bundleStack} aria-hidden="true">

the name `FakeBundlePreview` is defined multiple times

Import trace:
  Server Component:
    ./app/music/charts/ChartsPageClient.tsx
    ./app/music/charts/page.tsx @ http://localhost:3000/_next/static/chunks/node_modules_next_dist_f3530cac._.js:3127
[ 1527987ms] [ERROR] ./app/music/charts/ChartsPageClient.tsx:455:10
Ecmascript file had an error
  453 | }
  454 |
> 455 | function FakeChordChart({ title, selectedKey }: { title: string; selectedKey: string }) {
      |          ^^^^^^^^^^^^^^
  456 |   return (
  457 |     <div className={styles.pdfMock}>
  458 |       <div className={styles.pdfToolbar} aria-hidden="true">

the name `FakeChordChart` is defined multiple times

Import trace:
  Server Component:
    ./app/music/charts/ChartsPageClient.tsx
    ./app/music/charts/page.tsx @ http://localhost:3000/_next/static/chunks/node_modules_next_dist_f3530cac._.js:3127
[ 1527987ms] [ERROR] ./app/music/charts/ChartsPageClient.tsx:106:10
Ecmascript file had an error
  104 | }
  105 |
> 106 | function getAlbumProduct(album: AlbumResourcePack, resourceType: ResourceType) {
      |          ^^^^^^^^^^^^^^^
  107 |   return album.products[resourceType] ?? album.products["Full Pack"] ?? Object.values(album.products)[0];
  108 | }
  109 |

the name `getAlbumProduct` is defined multiple times

Import trace:
  Server Component:
    ./app/music/charts/ChartsPageClient.tsx
    ./app/music/charts/page.tsx @ http://localhost:3000/_next/static/chunks/node_modules_next_dist_f3530cac._.js:3127
[ 1527987ms] [ERROR] ./app/music/charts/ChartsPageClient.tsx:102:10
Ecmascript file had an error
  100 | }
  101 |
> 102 | function getSongProduct(song: SongResource, resourceType: Exclude<ResourceType, "Full Pack">) {
      |          ^^^^^^^^^^^^^^
  103 |   return song.products[resourceType] ?? song.products[DEFAULT_SONG_RESOURCE];
  104 | }
  105 |

the name `getSongProduct` is defined multiple times

Import trace:
  Server Component:
    ./app/music/charts/ChartsPageClient.tsx
    ./app/music/charts/page.tsx @ http://localhost:3000/_next/static/chunks/node_modules_next_dist_f3530cac._.js:3127
[ 1528004ms] [LOG] [Fast Refresh] rebuilding @ http://localhost:3000/_next/static/chunks/node_modules_next_dist_f3530cac._.js:2297
[ 1528080ms] [ERROR] ./app/music/charts/ChartsPageClient.tsx:494:10
Ecmascript file had an error
  492 | }
  493 |
> 494 | function FakeBundlePreview({ album }: { album: AlbumResourcePack }) {
      |          ^^^^^^^^^^^^^^^^^
  495 |   return (
  496 |     <div className={styles.bundleMock}>
  497 |       <div className={styles.bundleStack} aria-hidden="true">

the name `FakeBundlePreview` is defined multiple times

Import trace:
  Server Component:
    ./app/music/charts/ChartsPageClient.tsx
    ./app/music/charts/page.tsx @ http://localhost:3000/_next/static/chunks/node_modules_next_dist_f3530cac._.js:3127
[ 1528080ms] [ERROR] ./app/music/charts/ChartsPageClient.tsx:455:10
Ecmascript file had an error
  453 | }
  454 |
> 455 | function FakeChordChart({ title, selectedKey }: { title: string; selectedKey: string }) {
      |          ^^^^^^^^^^^^^^
  456 |   return (
  457 |     <div className={styles.pdfMock}>
  458 |       <div className={styles.pdfToolbar} aria-hidden="true">

the name `FakeChordChart` is defined multiple times

Import trace:
  Server Component:
    ./app/music/charts/ChartsPageClient.tsx
    ./app/music/charts/page.tsx @ http://localhost:3000/_next/static/chunks/node_modules_next_dist_f3530cac._.js:3127
[ 1528080ms] [ERROR] ./app/music/charts/ChartsPageClient.tsx:106:10
Ecmascript file had an error
  104 | }
  105 |
> 106 | function getAlbumProduct(album: AlbumResourcePack, resourceType: ResourceType) {
      |          ^^^^^^^^^^^^^^^
  107 |   return album.products[resourceType] ?? album.products["Full Pack"] ?? Object.values(album.products)[0];
  108 | }
  109 |

the name `getAlbumProduct` is defined multiple times

Import trace:
  Server Component:
    ./app/music/charts/ChartsPageClient.tsx
    ./app/music/charts/page.tsx @ http://localhost:3000/_next/static/chunks/node_modules_next_dist_f3530cac._.js:3127
[ 1528080ms] [ERROR] ./app/music/charts/ChartsPageClient.tsx:102:10
Ecmascript file had an error
  100 | }
  101 |
> 102 | function getSongProduct(song: SongResource, resourceType: Exclude<ResourceType, "Full Pack">) {
      |          ^^^^^^^^^^^^^^
  103 |   return song.products[resourceType] ?? song.products[DEFAULT_SONG_RESOURCE];
  104 | }
  105 |

the name `getSongProduct` is defined multiple times

Import trace:
  Server Component:
    ./app/music/charts/ChartsPageClient.tsx
    ./app/music/charts/page.tsx @ http://localhost:3000/_next/static/chunks/node_modules_next_dist_f3530cac._.js:3127
[ 1528154ms] [ERROR] ./app/music/charts/ChartsPageClient.tsx:494:10
Ecmascript file had an error
  492 | }
  493 |
> 494 | function FakeBundlePreview({ album }: { album: AlbumResourcePack }) {
      |          ^^^^^^^^^^^^^^^^^
  495 |   return (
  496 |     <div className={styles.bundleMock}>
  497 |       <div className={styles.bundleStack} aria-hidden="true">

the name `FakeBundlePreview` is defined multiple times

Import trace:
  Server Component:
    ./app/music/charts/ChartsPageClient.tsx
    ./app/music/charts/page.tsx @ http://localhost:3000/_next/static/chunks/node_modules_next_dist_f3530cac._.js:3127
[ 1528154ms] [ERROR] ./app/music/charts/ChartsPageClient.tsx:455:10
Ecmascript file had an error
  453 | }
  454 |
> 455 | function FakeChordChart({ title, selectedKey }: { title: string; selectedKey: string }) {
      |          ^^^^^^^^^^^^^^
  456 |   return (
  457 |     <div className={styles.pdfMock}>
  458 |       <div className={styles.pdfToolbar} aria-hidden="true">

the name `FakeChordChart` is defined multiple times

Import trace:
  Server Component:
    ./app/music/charts/ChartsPageClient.tsx
    ./app/music/charts/page.tsx @ http://localhost:3000/_next/static/chunks/node_modules_next_dist_f3530cac._.js:3127
[ 1528154ms] [ERROR] ./app/music/charts/ChartsPageClient.tsx:106:10
Ecmascript file had an error
  104 | }
  105 |
> 106 | function getAlbumProduct(album: AlbumResourcePack, resourceType: ResourceType) {
      |          ^^^^^^^^^^^^^^^
  107 |   return album.products[resourceType] ?? album.products["Full Pack"] ?? Object.values(album.products)[0];
  108 | }
  109 |

the name `getAlbumProduct` is defined multiple times

Import trace:
  Server Component:
    ./app/music/charts/ChartsPageClient.tsx
    ./app/music/charts/page.tsx @ http://localhost:3000/_next/static/chunks/node_modules_next_dist_f3530cac._.js:3127
[ 1528154ms] [ERROR] ./app/music/charts/ChartsPageClient.tsx:102:10
Ecmascript file had an error
  100 | }
  101 |
> 102 | function getSongProduct(song: SongResource, resourceType: Exclude<ResourceType, "Full Pack">) {
      |          ^^^^^^^^^^^^^^
  103 |   return song.products[resourceType] ?? song.products[DEFAULT_SONG_RESOURCE];
  104 | }
  105 |

the name `getSongProduct` is defined multiple times

Import trace:
  Server Component:
    ./app/music/charts/ChartsPageClient.tsx
    ./app/music/charts/page.tsx @ http://localhost:3000/_next/static/chunks/node_modules_next_dist_f3530cac._.js:3127
[ 1528235ms] [ERROR] ./app/music/charts/ChartsPageClient.tsx:494:10
Ecmascript file had an error
  492 | }
  493 |
> 494 | function FakeBundlePreview({ album }: { album: AlbumResourcePack }) {
      |          ^^^^^^^^^^^^^^^^^
  495 |   return (
  496 |     <div className={styles.bundleMock}>
  497 |       <div className={styles.bundleStack} aria-hidden="true">

the name `FakeBundlePreview` is defined multiple times

Import trace:
  Server Component:
    ./app/music/charts/ChartsPageClient.tsx
    ./app/music/charts/page.tsx @ http://localhost:3000/_next/static/chunks/node_modules_next_dist_f3530cac._.js:3127
[ 1528236ms] [ERROR] ./app/music/charts/ChartsPageClient.tsx:455:10
Ecmascript file had an error
  453 | }
  454 |
> 455 | function FakeChordChart({ title, selectedKey }: { title: string; selectedKey: string }) {
      |          ^^^^^^^^^^^^^^
  456 |   return (
  457 |     <div className={styles.pdfMock}>
  458 |       <div className={styles.pdfToolbar} aria-hidden="true">

the name `FakeChordChart` is defined multiple times

Import trace:
  Server Component:
    ./app/music/charts/ChartsPageClient.tsx
    ./app/music/charts/page.tsx @ http://localhost:3000/_next/static/chunks/node_modules_next_dist_f3530cac._.js:3127
[ 1528236ms] [ERROR] ./app/music/charts/ChartsPageClient.tsx:106:10
Ecmascript file had an error
  104 | }
  105 |
> 106 | function getAlbumProduct(album: AlbumResourcePack, resourceType: ResourceType) {
      |          ^^^^^^^^^^^^^^^
  107 |   return album.products[resourceType] ?? album.products["Full Pack"] ?? Object.values(album.products)[0];
  108 | }
  109 |

the name `getAlbumProduct` is defined multiple times

Import trace:
  Server Component:
    ./app/music/charts/ChartsPageClient.tsx
    ./app/music/charts/page.tsx @ http://localhost:3000/_next/static/chunks/node_modules_next_dist_f3530cac._.js:3127
[ 1528236ms] [ERROR] ./app/music/charts/ChartsPageClient.tsx:102:10
Ecmascript file had an error
  100 | }
  101 |
> 102 | function getSongProduct(song: SongResource, resourceType: Exclude<ResourceType, "Full Pack">) {
      |          ^^^^^^^^^^^^^^
  103 |   return song.products[resourceType] ?? song.products[DEFAULT_SONG_RESOURCE];
  104 | }
  105 |

the name `getSongProduct` is defined multiple times

Import trace:
  Server Component:
    ./app/music/charts/ChartsPageClient.tsx
    ./app/music/charts/page.tsx @ http://localhost:3000/_next/static/chunks/node_modules_next_dist_f3530cac._.js:3127
[ 1528316ms] [ERROR] ./app/music/charts/ChartsPageClient.tsx:494:10
Ecmascript file had an error
  492 | }
  493 |
> 494 | function FakeBundlePreview({ album }: { album: AlbumResourcePack }) {
      |          ^^^^^^^^^^^^^^^^^
  495 |   return (
  496 |     <div className={styles.bundleMock}>
  497 |       <div className={styles.bundleStack} aria-hidden="true">

the name `FakeBundlePreview` is defined multiple times

Import trace:
  Server Component:
    ./app/music/charts/ChartsPageClient.tsx
    ./app/music/charts/page.tsx @ http://localhost:3000/_next/static/chunks/node_modules_next_dist_f3530cac._.js:3127
[ 1528316ms] [ERROR] ./app/music/charts/ChartsPageClient.tsx:455:10
Ecmascript file had an error
  453 | }
  454 |
> 455 | function FakeChordChart({ title, selectedKey }: { title: string; selectedKey: string }) {
      |          ^^^^^^^^^^^^^^
  456 |   return (
  457 |     <div className={styles.pdfMock}>
  458 |       <div className={styles.pdfToolbar} aria-hidden="true">

the name `FakeChordChart` is defined multiple times

Import trace:
  Server Component:
    ./app/music/charts/ChartsPageClient.tsx
    ./app/music/charts/page.tsx @ http://localhost:3000/_next/static/chunks/node_modules_next_dist_f3530cac._.js:3127
[ 1528316ms] [ERROR] ./app/music/charts/ChartsPageClient.tsx:106:10
Ecmascript file had an error
  104 | }
  105 |
> 106 | function getAlbumProduct(album: AlbumResourcePack, resourceType: ResourceType) {
      |          ^^^^^^^^^^^^^^^
  107 |   return album.products[resourceType] ?? album.products["Full Pack"] ?? Object.values(album.products)[0];
  108 | }
  109 |

the name `getAlbumProduct` is defined multiple times

Import trace:
  Server Component:
    ./app/music/charts/ChartsPageClient.tsx
    ./app/music/charts/page.tsx @ http://localhost:3000/_next/static/chunks/node_modules_next_dist_f3530cac._.js:3127
[ 1528316ms] [ERROR] ./app/music/charts/ChartsPageClient.tsx:102:10
Ecmascript file had an error
  100 | }
  101 |
> 102 | function getSongProduct(song: SongResource, resourceType: Exclude<ResourceType, "Full Pack">) {
      |          ^^^^^^^^^^^^^^
  103 |   return song.products[resourceType] ?? song.products[DEFAULT_SONG_RESOURCE];
  104 | }
  105 |

the name `getSongProduct` is defined multiple times

Import trace:
  Server Component:
    ./app/music/charts/ChartsPageClient.tsx
    ./app/music/charts/page.tsx @ http://localhost:3000/_next/static/chunks/node_modules_next_dist_f3530cac._.js:3127
[ 1528393ms] [ERROR] ./app/music/charts/ChartsPageClient.tsx:494:10
Ecmascript file had an error
  492 | }
  493 |
> 494 | function FakeBundlePreview({ album }: { album: AlbumResourcePack }) {
      |          ^^^^^^^^^^^^^^^^^
  495 |   return (
  496 |     <div className={styles.bundleMock}>
  497 |       <div className={styles.bundleStack} aria-hidden="true">

the name `FakeBundlePreview` is defined multiple times

Import trace:
  Server Component:
    ./app/music/charts/ChartsPageClient.tsx
    ./app/music/charts/page.tsx @ http://localhost:3000/_next/static/chunks/node_modules_next_dist_f3530cac._.js:3127
[ 1528394ms] [ERROR] ./app/music/charts/ChartsPageClient.tsx:455:10
Ecmascript file had an error
  453 | }
  454 |
> 455 | function FakeChordChart({ title, selectedKey }: { title: string; selectedKey: string }) {
      |          ^^^^^^^^^^^^^^
  456 |   return (
  457 |     <div className={styles.pdfMock}>
  458 |       <div className={styles.pdfToolbar} aria-hidden="true">

the name `FakeChordChart` is defined multiple times

Import trace:
  Server Component:
    ./app/music/charts/ChartsPageClient.tsx
    ./app/music/charts/page.tsx @ http://localhost:3000/_next/static/chunks/node_modules_next_dist_f3530cac._.js:3127
[ 1528394ms] [ERROR] ./app/music/charts/ChartsPageClient.tsx:106:10
Ecmascript file had an error
  104 | }
  105 |
> 106 | function getAlbumProduct(album: AlbumResourcePack, resourceType: ResourceType) {
      |          ^^^^^^^^^^^^^^^
  107 |   return album.products[resourceType] ?? album.products["Full Pack"] ?? Object.values(album.products)[0];
  108 | }
  109 |

the name `getAlbumProduct` is defined multiple times

Import trace:
  Server Component:
    ./app/music/charts/ChartsPageClient.tsx
    ./app/music/charts/page.tsx @ http://localhost:3000/_next/static/chunks/node_modules_next_dist_f3530cac._.js:3127
[ 1528394ms] [ERROR] ./app/music/charts/ChartsPageClient.tsx:102:10
Ecmascript file had an error
  100 | }
  101 |
> 102 | function getSongProduct(song: SongResource, resourceType: Exclude<ResourceType, "Full Pack">) {
      |          ^^^^^^^^^^^^^^
  103 |   return song.products[resourceType] ?? song.products[DEFAULT_SONG_RESOURCE];
  104 | }
  105 |

the name `getSongProduct` is defined multiple times

Import trace:
  Server Component:
    ./app/music/charts/ChartsPageClient.tsx
    ./app/music/charts/page.tsx @ http://localhost:3000/_next/static/chunks/node_modules_next_dist_f3530cac._.js:3127
[ 1528463ms] [ERROR] ./app/music/charts/ChartsPageClient.tsx:494:10
Ecmascript file had an error
  492 | }
  493 |
> 494 | function FakeBundlePreview({ album }: { album: AlbumResourcePack }) {
      |          ^^^^^^^^^^^^^^^^^
  495 |   return (
  496 |     <div className={styles.bundleMock}>
  497 |       <div className={styles.bundleStack} aria-hidden="true">

the name `FakeBundlePreview` is defined multiple times

Import trace:
  Server Component:
    ./app/music/charts/ChartsPageClient.tsx
    ./app/music/charts/page.tsx @ http://localhost:3000/_next/static/chunks/node_modules_next_dist_f3530cac._.js:3127
[ 1528463ms] [ERROR] ./app/music/charts/ChartsPageClient.tsx:455:10
Ecmascript file had an error
  453 | }
  454 |
> 455 | function FakeChordChart({ title, selectedKey }: { title: string; selectedKey: string }) {
      |          ^^^^^^^^^^^^^^
  456 |   return (
  457 |     <div className={styles.pdfMock}>
  458 |       <div className={styles.pdfToolbar} aria-hidden="true">

the name `FakeChordChart` is defined multiple times

Import trace:
  Server Component:
    ./app/music/charts/ChartsPageClient.tsx
    ./app/music/charts/page.tsx @ http://localhost:3000/_next/static/chunks/node_modules_next_dist_f3530cac._.js:3127
[ 1528464ms] [ERROR] ./app/music/charts/ChartsPageClient.tsx:106:10
Ecmascript file had an error
  104 | }
  105 |
> 106 | function getAlbumProduct(album: AlbumResourcePack, resourceType: ResourceType) {
      |          ^^^^^^^^^^^^^^^
  107 |   return album.products[resourceType] ?? album.products["Full Pack"] ?? Object.values(album.products)[0];
  108 | }
  109 |

the name `getAlbumProduct` is defined multiple times

Import trace:
  Server Component:
    ./app/music/charts/ChartsPageClient.tsx
    ./app/music/charts/page.tsx @ http://localhost:3000/_next/static/chunks/node_modules_next_dist_f3530cac._.js:3127
[ 1528464ms] [ERROR] ./app/music/charts/ChartsPageClient.tsx:102:10
Ecmascript file had an error
  100 | }
  101 |
> 102 | function getSongProduct(song: SongResource, resourceType: Exclude<ResourceType, "Full Pack">) {
      |          ^^^^^^^^^^^^^^
  103 |   return song.products[resourceType] ?? song.products[DEFAULT_SONG_RESOURCE];
  104 | }
  105 |

the name `getSongProduct` is defined multiple times

Import trace:
  Server Component:
    ./app/music/charts/ChartsPageClient.tsx
    ./app/music/charts/page.tsx @ http://localhost:3000/_next/static/chunks/node_modules_next_dist_f3530cac._.js:3127
[ 1528541ms] [ERROR] ./app/music/charts/ChartsPageClient.tsx:494:10
Ecmascript file had an error
  492 | }
  493 |
> 494 | function FakeBundlePreview({ album }: { album: AlbumResourcePack }) {
      |          ^^^^^^^^^^^^^^^^^
  495 |   return (
  496 |     <div className={styles.bundleMock}>
  497 |       <div className={styles.bundleStack} aria-hidden="true">

the name `FakeBundlePreview` is defined multiple times

Import trace:
  Server Component:
    ./app/music/charts/ChartsPageClient.tsx
    ./app/music/charts/page.tsx @ http://localhost:3000/_next/static/chunks/node_modules_next_dist_f3530cac._.js:3127
[ 1528542ms] [ERROR] ./app/music/charts/ChartsPageClient.tsx:455:10
Ecmascript file had an error
  453 | }
  454 |
> 455 | function FakeChordChart({ title, selectedKey }: { title: string; selectedKey: string }) {
      |          ^^^^^^^^^^^^^^
  456 |   return (
  457 |     <div className={styles.pdfMock}>
  458 |       <div className={styles.pdfToolbar} aria-hidden="true">

the name `FakeChordChart` is defined multiple times

Import trace:
  Server Component:
    ./app/music/charts/ChartsPageClient.tsx
    ./app/music/charts/page.tsx @ http://localhost:3000/_next/static/chunks/node_modules_next_dist_f3530cac._.js:3127
[ 1528542ms] [ERROR] ./app/music/charts/ChartsPageClient.tsx:106:10
Ecmascript file had an error
  104 | }
  105 |
> 106 | function getAlbumProduct(album: AlbumResourcePack, resourceType: ResourceType) {
      |          ^^^^^^^^^^^^^^^
  107 |   return album.products[resourceType] ?? album.products["Full Pack"] ?? Object.values(album.products)[0];
  108 | }
  109 |

the name `getAlbumProduct` is defined multiple times

Import trace:
  Server Component:
    ./app/music/charts/ChartsPageClient.tsx
    ./app/music/charts/page.tsx @ http://localhost:3000/_next/static/chunks/node_modules_next_dist_f3530cac._.js:3127
[ 1528542ms] [ERROR] ./app/music/charts/ChartsPageClient.tsx:102:10
Ecmascript file had an error
  100 | }
  101 |
> 102 | function getSongProduct(song: SongResource, resourceType: Exclude<ResourceType, "Full Pack">) {
      |          ^^^^^^^^^^^^^^
  103 |   return song.products[resourceType] ?? song.products[DEFAULT_SONG_RESOURCE];
  104 | }
  105 |

the name `getSongProduct` is defined multiple times

Import trace:
  Server Component:
    ./app/music/charts/ChartsPageClient.tsx
    ./app/music/charts/page.tsx @ http://localhost:3000/_next/static/chunks/node_modules_next_dist_f3530cac._.js:3127
[ 1528621ms] [ERROR] ./app/music/charts/ChartsPageClient.tsx:494:10
Ecmascript file had an error
  492 | }
  493 |
> 494 | function FakeBundlePreview({ album }: { album: AlbumResourcePack }) {
      |          ^^^^^^^^^^^^^^^^^
  495 |   return (
  496 |     <div className={styles.bundleMock}>
  497 |       <div className={styles.bundleStack} aria-hidden="true">

the name `FakeBundlePreview` is defined multiple times

Import trace:
  Server Component:
    ./app/music/charts/ChartsPageClient.tsx
    ./app/music/charts/page.tsx @ http://localhost:3000/_next/static/chunks/node_modules_next_dist_f3530cac._.js:3127
[ 1528621ms] [ERROR] ./app/music/charts/ChartsPageClient.tsx:455:10
Ecmascript file had an error
  453 | }
  454 |
> 455 | function FakeChordChart({ title, selectedKey }: { title: string; selectedKey: string }) {
      |          ^^^^^^^^^^^^^^
  456 |   return (
  457 |     <div className={styles.pdfMock}>
  458 |       <div className={styles.pdfToolbar} aria-hidden="true">

the name `FakeChordChart` is defined multiple times

Import trace:
  Server Component:
    ./app/music/charts/ChartsPageClient.tsx
    ./app/music/charts/page.tsx @ http://localhost:3000/_next/static/chunks/node_modules_next_dist_f3530cac._.js:3127
[ 1528621ms] [ERROR] ./app/music/charts/ChartsPageClient.tsx:106:10
Ecmascript file had an error
  104 | }
  105 |
> 106 | function getAlbumProduct(album: AlbumResourcePack, resourceType: ResourceType) {
      |          ^^^^^^^^^^^^^^^
  107 |   return album.products[resourceType] ?? album.products["Full Pack"] ?? Object.values(album.products)[0];
  108 | }
  109 |

the name `getAlbumProduct` is defined multiple times

Import trace:
  Server Component:
    ./app/music/charts/ChartsPageClient.tsx
    ./app/music/charts/page.tsx @ http://localhost:3000/_next/static/chunks/node_modules_next_dist_f3530cac._.js:3127
[ 1528621ms] [ERROR] ./app/music/charts/ChartsPageClient.tsx:102:10
Ecmascript file had an error
  100 | }
  101 |
> 102 | function getSongProduct(song: SongResource, resourceType: Exclude<ResourceType, "Full Pack">) {
      |          ^^^^^^^^^^^^^^
  103 |   return song.products[resourceType] ?? song.products[DEFAULT_SONG_RESOURCE];
  104 | }
  105 |

the name `getSongProduct` is defined multiple times

Import trace:
  Server Component:
    ./app/music/charts/ChartsPageClient.tsx
    ./app/music/charts/page.tsx @ http://localhost:3000/_next/static/chunks/node_modules_next_dist_f3530cac._.js:3127
[ 1528700ms] [ERROR] ./app/music/charts/ChartsPageClient.tsx:494:10
Ecmascript file had an error
  492 | }
  493 |
> 494 | function FakeBundlePreview({ album }: { album: AlbumResourcePack }) {
      |          ^^^^^^^^^^^^^^^^^
  495 |   return (
  496 |     <div className={styles.bundleMock}>
  497 |       <div className={styles.bundleStack} aria-hidden="true">

the name `FakeBundlePreview` is defined multiple times

Import trace:
  Server Component:
    ./app/music/charts/ChartsPageClient.tsx
    ./app/music/charts/page.tsx @ http://localhost:3000/_next/static/chunks/node_modules_next_dist_f3530cac._.js:3127
[ 1528700ms] [ERROR] ./app/music/charts/ChartsPageClient.tsx:455:10
Ecmascript file had an error
  453 | }
  454 |
> 455 | function FakeChordChart({ title, selectedKey }: { title: string; selectedKey: string }) {
      |          ^^^^^^^^^^^^^^
  456 |   return (
  457 |     <div className={styles.pdfMock}>
  458 |       <div className={styles.pdfToolbar} aria-hidden="true">

the name `FakeChordChart` is defined multiple times

Import trace:
  Server Component:
    ./app/music/charts/ChartsPageClient.tsx
    ./app/music/charts/page.tsx @ http://localhost:3000/_next/static/chunks/node_modules_next_dist_f3530cac._.js:3127
[ 1528700ms] [ERROR] ./app/music/charts/ChartsPageClient.tsx:106:10
Ecmascript file had an error
  104 | }
  105 |
> 106 | function getAlbumProduct(album: AlbumResourcePack, resourceType: ResourceType) {
      |          ^^^^^^^^^^^^^^^
  107 |   return album.products[resourceType] ?? album.products["Full Pack"] ?? Object.values(album.products)[0];
  108 | }
  109 |

the name `getAlbumProduct` is defined multiple times

Import trace:
  Server Component:
    ./app/music/charts/ChartsPageClient.tsx
    ./app/music/charts/page.tsx @ http://localhost:3000/_next/static/chunks/node_modules_next_dist_f3530cac._.js:3127
[ 1528700ms] [ERROR] ./app/music/charts/ChartsPageClient.tsx:102:10
Ecmascript file had an error
  100 | }
  101 |
> 102 | function getSongProduct(song: SongResource, resourceType: Exclude<ResourceType, "Full Pack">) {
      |          ^^^^^^^^^^^^^^
  103 |   return song.products[resourceType] ?? song.products[DEFAULT_SONG_RESOURCE];
  104 | }
  105 |

the name `getSongProduct` is defined multiple times

Import trace:
  Server Component:
    ./app/music/charts/ChartsPageClient.tsx
    ./app/music/charts/page.tsx @ http://localhost:3000/_next/static/chunks/node_modules_next_dist_f3530cac._.js:3127
[ 1528774ms] [ERROR] ./app/music/charts/ChartsPageClient.tsx:494:10
Ecmascript file had an error
  492 | }
  493 |
> 494 | function FakeBundlePreview({ album }: { album: AlbumResourcePack }) {
      |          ^^^^^^^^^^^^^^^^^
  495 |   return (
  496 |     <div className={styles.bundleMock}>
  497 |       <div className={styles.bundleStack} aria-hidden="true">

the name `FakeBundlePreview` is defined multiple times

Import trace:
  Server Component:
    ./app/music/charts/ChartsPageClient.tsx
    ./app/music/charts/page.tsx @ http://localhost:3000/_next/static/chunks/node_modules_next_dist_f3530cac._.js:3127
[ 1528775ms] [ERROR] ./app/music/charts/ChartsPageClient.tsx:455:10
Ecmascript file had an error
  453 | }
  454 |
> 455 | function FakeChordChart({ title, selectedKey }: { title: string; selectedKey: string }) {
      |          ^^^^^^^^^^^^^^
  456 |   return (
  457 |     <div className={styles.pdfMock}>
  458 |       <div className={styles.pdfToolbar} aria-hidden="true">

the name `FakeChordChart` is defined multiple times

Import trace:
  Server Component:
    ./app/music/charts/ChartsPageClient.tsx
    ./app/music/charts/page.tsx @ http://localhost:3000/_next/static/chunks/node_modules_next_dist_f3530cac._.js:3127
[ 1528775ms] [ERROR] ./app/music/charts/ChartsPageClient.tsx:106:10
Ecmascript file had an error
  104 | }
  105 |
> 106 | function getAlbumProduct(album: AlbumResourcePack, resourceType: ResourceType) {
      |          ^^^^^^^^^^^^^^^
  107 |   return album.products[resourceType] ?? album.products["Full Pack"] ?? Object.values(album.products)[0];
  108 | }
  109 |

the name `getAlbumProduct` is defined multiple times

Import trace:
  Server Component:
    ./app/music/charts/ChartsPageClient.tsx
    ./app/music/charts/page.tsx @ http://localhost:3000/_next/static/chunks/node_modules_next_dist_f3530cac._.js:3127
[ 1528775ms] [ERROR] ./app/music/charts/ChartsPageClient.tsx:102:10
Ecmascript file had an error
  100 | }
  101 |
> 102 | function getSongProduct(song: SongResource, resourceType: Exclude<ResourceType, "Full Pack">) {
      |          ^^^^^^^^^^^^^^
  103 |   return song.products[resourceType] ?? song.products[DEFAULT_SONG_RESOURCE];
  104 | }
  105 |

the name `getSongProduct` is defined multiple times

Import trace:
  Server Component:
    ./app/music/charts/ChartsPageClient.tsx
    ./app/music/charts/page.tsx @ http://localhost:3000/_next/static/chunks/node_modules_next_dist_f3530cac._.js:3127
[ 1528839ms] [ERROR] ./app/music/charts/ChartsPageClient.tsx:494:10
Ecmascript file had an error
  492 | }
  493 |
> 494 | function FakeBundlePreview({ album }: { album: AlbumResourcePack }) {
      |          ^^^^^^^^^^^^^^^^^
  495 |   return (
  496 |     <div className={styles.bundleMock}>
  497 |       <div className={styles.bundleStack} aria-hidden="true">

the name `FakeBundlePreview` is defined multiple times

Import trace:
  Server Component:
    ./app/music/charts/ChartsPageClient.tsx
    ./app/music/charts/page.tsx @ http://localhost:3000/_next/static/chunks/node_modules_next_dist_f3530cac._.js:3127
[ 1528839ms] [ERROR] ./app/music/charts/ChartsPageClient.tsx:455:10
Ecmascript file had an error
  453 | }
  454 |
> 455 | function FakeChordChart({ title, selectedKey }: { title: string; selectedKey: string }) {
      |          ^^^^^^^^^^^^^^
  456 |   return (
  457 |     <div className={styles.pdfMock}>
  458 |       <div className={styles.pdfToolbar} aria-hidden="true">

the name `FakeChordChart` is defined multiple times

Import trace:
  Server Component:
    ./app/music/charts/ChartsPageClient.tsx
    ./app/music/charts/page.tsx @ http://localhost:3000/_next/static/chunks/node_modules_next_dist_f3530cac._.js:3127
[ 1528839ms] [ERROR] ./app/music/charts/ChartsPageClient.tsx:106:10
Ecmascript file had an error
  104 | }
  105 |
> 106 | function getAlbumProduct(album: AlbumResourcePack, resourceType: ResourceType) {
      |          ^^^^^^^^^^^^^^^
  107 |   return album.products[resourceType] ?? album.products["Full Pack"] ?? Object.values(album.products)[0];
  108 | }
  109 |

the name `getAlbumProduct` is defined multiple times

Import trace:
  Server Component:
    ./app/music/charts/ChartsPageClient.tsx
    ./app/music/charts/page.tsx @ http://localhost:3000/_next/static/chunks/node_modules_next_dist_f3530cac._.js:3127
[ 1528839ms] [ERROR] ./app/music/charts/ChartsPageClient.tsx:102:10
Ecmascript file had an error
  100 | }
  101 |
> 102 | function getSongProduct(song: SongResource, resourceType: Exclude<ResourceType, "Full Pack">) {
      |          ^^^^^^^^^^^^^^
  103 |   return song.products[resourceType] ?? song.products[DEFAULT_SONG_RESOURCE];
  104 | }
  105 |

the name `getSongProduct` is defined multiple times

Import trace:
  Server Component:
    ./app/music/charts/ChartsPageClient.tsx
    ./app/music/charts/page.tsx @ http://localhost:3000/_next/static/chunks/node_modules_next_dist_f3530cac._.js:3127
[ 1528927ms] [ERROR] ./app/music/charts/ChartsPageClient.tsx:494:10
Ecmascript file had an error
  492 | }
  493 |
> 494 | function FakeBundlePreview({ album }: { album: AlbumResourcePack }) {
      |          ^^^^^^^^^^^^^^^^^
  495 |   return (
  496 |     <div className={styles.bundleMock}>
  497 |       <div className={styles.bundleStack} aria-hidden="true">

the name `FakeBundlePreview` is defined multiple times

Import trace:
  Server Component:
    ./app/music/charts/ChartsPageClient.tsx
    ./app/music/charts/page.tsx @ http://localhost:3000/_next/static/chunks/node_modules_next_dist_f3530cac._.js:3127
[ 1528927ms] [ERROR] ./app/music/charts/ChartsPageClient.tsx:455:10
Ecmascript file had an error
  453 | }
  454 |
> 455 | function FakeChordChart({ title, selectedKey }: { title: string; selectedKey: string }) {
      |          ^^^^^^^^^^^^^^
  456 |   return (
  457 |     <div className={styles.pdfMock}>
  458 |       <div className={styles.pdfToolbar} aria-hidden="true">

the name `FakeChordChart` is defined multiple times

Import trace:
  Server Component:
    ./app/music/charts/ChartsPageClient.tsx
    ./app/music/charts/page.tsx @ http://localhost:3000/_next/static/chunks/node_modules_next_dist_f3530cac._.js:3127
[ 1528927ms] [ERROR] ./app/music/charts/ChartsPageClient.tsx:106:10
Ecmascript file had an error
  104 | }
  105 |
> 106 | function getAlbumProduct(album: AlbumResourcePack, resourceType: ResourceType) {
      |          ^^^^^^^^^^^^^^^
  107 |   return album.products[resourceType] ?? album.products["Full Pack"] ?? Object.values(album.products)[0];
  108 | }
  109 |

the name `getAlbumProduct` is defined multiple times

Import trace:
  Server Component:
    ./app/music/charts/ChartsPageClient.tsx
    ./app/music/charts/page.tsx @ http://localhost:3000/_next/static/chunks/node_modules_next_dist_f3530cac._.js:3127
[ 1528928ms] [ERROR] ./app/music/charts/ChartsPageClient.tsx:102:10
Ecmascript file had an error
  100 | }
  101 |
> 102 | function getSongProduct(song: SongResource, resourceType: Exclude<ResourceType, "Full Pack">) {
      |          ^^^^^^^^^^^^^^
  103 |   return song.products[resourceType] ?? song.products[DEFAULT_SONG_RESOURCE];
  104 | }
  105 |

the name `getSongProduct` is defined multiple times

Import trace:
  Server Component:
    ./app/music/charts/ChartsPageClient.tsx
    ./app/music/charts/page.tsx @ http://localhost:3000/_next/static/chunks/node_modules_next_dist_f3530cac._.js:3127
[ 1529038ms] [LOG] [Fast Refresh] rebuilding @ http://localhost:3000/_next/static/chunks/node_modules_next_dist_f3530cac._.js:2297
[ 1529575ms] [ERROR] ./app/music/charts/ChartsPageClient.tsx:486:10
Ecmascript file had an error
  484 | }
  485 |
> 486 | function FakeBundlePreview({ album }: { album: AlbumResourcePack }) {
      |          ^^^^^^^^^^^^^^^^^
  487 |   return (
  488 |     <div className={styles.bundleMock}>
  489 |       <div className={styles.bundleStack} aria-hidden="true">

the name `FakeBundlePreview` is defined multiple times

Import trace:
  Server Component:
    ./app/music/charts/ChartsPageClient.tsx
    ./app/music/charts/page.tsx @ http://localhost:3000/_next/static/chunks/node_modules_next_dist_f3530cac._.js:3127
[ 1529576ms] [ERROR] ./app/music/charts/ChartsPageClient.tsx:447:10
Ecmascript file had an error
  445 | }
  446 |
> 447 | function FakeChordChart({ title, selectedKey }: { title: string; selectedKey: string }) {
      |          ^^^^^^^^^^^^^^
  448 |   return (
  449 |     <div className={styles.pdfMock}>
  450 |       <div className={styles.pdfToolbar} aria-hidden="true">

the name `FakeChordChart` is defined multiple times

Import trace:
  Server Component:
    ./app/music/charts/ChartsPageClient.tsx
    ./app/music/charts/page.tsx @ http://localhost:3000/_next/static/chunks/node_modules_next_dist_f3530cac._.js:3127
[ 1529652ms] [ERROR] ./app/music/charts/ChartsPageClient.tsx:486:10
Ecmascript file had an error
  484 | }
  485 |
> 486 | function FakeBundlePreview({ album }: { album: AlbumResourcePack }) {
      |          ^^^^^^^^^^^^^^^^^
  487 |   return (
  488 |     <div className={styles.bundleMock}>
  489 |       <div className={styles.bundleStack} aria-hidden="true">

the name `FakeBundlePreview` is defined multiple times

Import trace:
  Server Component:
    ./app/music/charts/ChartsPageClient.tsx
    ./app/music/charts/page.tsx @ http://localhost:3000/_next/static/chunks/node_modules_next_dist_f3530cac._.js:3127
[ 1529652ms] [ERROR] ./app/music/charts/ChartsPageClient.tsx:447:10
Ecmascript file had an error
  445 | }
  446 |
> 447 | function FakeChordChart({ title, selectedKey }: { title: string; selectedKey: string }) {
      |          ^^^^^^^^^^^^^^
  448 |   return (
  449 |     <div className={styles.pdfMock}>
  450 |       <div className={styles.pdfToolbar} aria-hidden="true">

the name `FakeChordChart` is defined multiple times

Import trace:
  Server Component:
    ./app/music/charts/ChartsPageClient.tsx
    ./app/music/charts/page.tsx @ http://localhost:3000/_next/static/chunks/node_modules_next_dist_f3530cac._.js:3127
[ 1529713ms] [ERROR] ./app/music/charts/ChartsPageClient.tsx:486:10
Ecmascript file had an error
  484 | }
  485 |
> 486 | function FakeBundlePreview({ album }: { album: AlbumResourcePack }) {
      |          ^^^^^^^^^^^^^^^^^
  487 |   return (
  488 |     <div className={styles.bundleMock}>
  489 |       <div className={styles.bundleStack} aria-hidden="true">

the name `FakeBundlePreview` is defined multiple times

Import trace:
  Server Component:
    ./app/music/charts/ChartsPageClient.tsx
    ./app/music/charts/page.tsx @ http://localhost:3000/_next/static/chunks/node_modules_next_dist_f3530cac._.js:3127
[ 1529714ms] [ERROR] ./app/music/charts/ChartsPageClient.tsx:447:10
Ecmascript file had an error
  445 | }
  446 |
> 447 | function FakeChordChart({ title, selectedKey }: { title: string; selectedKey: string }) {
      |          ^^^^^^^^^^^^^^
  448 |   return (
  449 |     <div className={styles.pdfMock}>
  450 |       <div className={styles.pdfToolbar} aria-hidden="true">

the name `FakeChordChart` is defined multiple times

Import trace:
  Server Component:
    ./app/music/charts/ChartsPageClient.tsx
    ./app/music/charts/page.tsx @ http://localhost:3000/_next/static/chunks/node_modules_next_dist_f3530cac._.js:3127
[ 1529772ms] [ERROR] ./app/music/charts/ChartsPageClient.tsx:486:10
Ecmascript file had an error
  484 | }
  485 |
> 486 | function FakeBundlePreview({ album }: { album: AlbumResourcePack }) {
      |          ^^^^^^^^^^^^^^^^^
  487 |   return (
  488 |     <div className={styles.bundleMock}>
  489 |       <div className={styles.bundleStack} aria-hidden="true">

the name `FakeBundlePreview` is defined multiple times

Import trace:
  Server Component:
    ./app/music/charts/ChartsPageClient.tsx
    ./app/music/charts/page.tsx @ http://localhost:3000/_next/static/chunks/node_modules_next_dist_f3530cac._.js:3127
[ 1529772ms] [ERROR] ./app/music/charts/ChartsPageClient.tsx:447:10
Ecmascript file had an error
  445 | }
  446 |
> 447 | function FakeChordChart({ title, selectedKey }: { title: string; selectedKey: string }) {
      |          ^^^^^^^^^^^^^^
  448 |   return (
  449 |     <div className={styles.pdfMock}>
  450 |       <div className={styles.pdfToolbar} aria-hidden="true">

the name `FakeChordChart` is defined multiple times

Import trace:
  Server Component:
    ./app/music/charts/ChartsPageClient.tsx
    ./app/music/charts/page.tsx @ http://localhost:3000/_next/static/chunks/node_modules_next_dist_f3530cac._.js:3127
[ 1529834ms] [ERROR] ./app/music/charts/ChartsPageClient.tsx:486:10
Ecmascript file had an error
  484 | }
  485 |
> 486 | function FakeBundlePreview({ album }: { album: AlbumResourcePack }) {
      |          ^^^^^^^^^^^^^^^^^
  487 |   return (
  488 |     <div className={styles.bundleMock}>
  489 |       <div className={styles.bundleStack} aria-hidden="true">

the name `FakeBundlePreview` is defined multiple times

Import trace:
  Server Component:
    ./app/music/charts/ChartsPageClient.tsx
    ./app/music/charts/page.tsx @ http://localhost:3000/_next/static/chunks/node_modules_next_dist_f3530cac._.js:3127
[ 1529834ms] [ERROR] ./app/music/charts/ChartsPageClient.tsx:447:10
Ecmascript file had an error
  445 | }
  446 |
> 447 | function FakeChordChart({ title, selectedKey }: { title: string; selectedKey: string }) {
      |          ^^^^^^^^^^^^^^
  448 |   return (
  449 |     <div className={styles.pdfMock}>
  450 |       <div className={styles.pdfToolbar} aria-hidden="true">

the name `FakeChordChart` is defined multiple times

Import trace:
  Server Component:
    ./app/music/charts/ChartsPageClient.tsx
    ./app/music/charts/page.tsx @ http://localhost:3000/_next/static/chunks/node_modules_next_dist_f3530cac._.js:3127
[ 1529900ms] [ERROR] ./app/music/charts/ChartsPageClient.tsx:486:10
Ecmascript file had an error
  484 | }
  485 |
> 486 | function FakeBundlePreview({ album }: { album: AlbumResourcePack }) {
      |          ^^^^^^^^^^^^^^^^^
  487 |   return (
  488 |     <div className={styles.bundleMock}>
  489 |       <div className={styles.bundleStack} aria-hidden="true">

the name `FakeBundlePreview` is defined multiple times

Import trace:
  Server Component:
    ./app/music/charts/ChartsPageClient.tsx
    ./app/music/charts/page.tsx @ http://localhost:3000/_next/static/chunks/node_modules_next_dist_f3530cac._.js:3127
[ 1529901ms] [ERROR] ./app/music/charts/ChartsPageClient.tsx:447:10
Ecmascript file had an error
  445 | }
  446 |
> 447 | function FakeChordChart({ title, selectedKey }: { title: string; selectedKey: string }) {
      |          ^^^^^^^^^^^^^^
  448 |   return (
  449 |     <div className={styles.pdfMock}>
  450 |       <div className={styles.pdfToolbar} aria-hidden="true">

the name `FakeChordChart` is defined multiple times

Import trace:
  Server Component:
    ./app/music/charts/ChartsPageClient.tsx
    ./app/music/charts/page.tsx @ http://localhost:3000/_next/static/chunks/node_modules_next_dist_f3530cac._.js:3127
[ 1529959ms] [ERROR] ./app/music/charts/ChartsPageClient.tsx:486:10
Ecmascript file had an error
  484 | }
  485 |
> 486 | function FakeBundlePreview({ album }: { album: AlbumResourcePack }) {
      |          ^^^^^^^^^^^^^^^^^
  487 |   return (
  488 |     <div className={styles.bundleMock}>
  489 |       <div className={styles.bundleStack} aria-hidden="true">

the name `FakeBundlePreview` is defined multiple times

Import trace:
  Server Component:
    ./app/music/charts/ChartsPageClient.tsx
    ./app/music/charts/page.tsx @ http://localhost:3000/_next/static/chunks/node_modules_next_dist_f3530cac._.js:3127
[ 1529960ms] [ERROR] ./app/music/charts/ChartsPageClient.tsx:447:10
Ecmascript file had an error
  445 | }
  446 |
> 447 | function FakeChordChart({ title, selectedKey }: { title: string; selectedKey: string }) {
      |          ^^^^^^^^^^^^^^
  448 |   return (
  449 |     <div className={styles.pdfMock}>
  450 |       <div className={styles.pdfToolbar} aria-hidden="true">

the name `FakeChordChart` is defined multiple times

Import trace:
  Server Component:
    ./app/music/charts/ChartsPageClient.tsx
    ./app/music/charts/page.tsx @ http://localhost:3000/_next/static/chunks/node_modules_next_dist_f3530cac._.js:3127
[ 1530021ms] [ERROR] ./app/music/charts/ChartsPageClient.tsx:486:10
Ecmascript file had an error
  484 | }
  485 |
> 486 | function FakeBundlePreview({ album }: { album: AlbumResourcePack }) {
      |          ^^^^^^^^^^^^^^^^^
  487 |   return (
  488 |     <div className={styles.bundleMock}>
  489 |       <div className={styles.bundleStack} aria-hidden="true">

the name `FakeBundlePreview` is defined multiple times

Import trace:
  Server Component:
    ./app/music/charts/ChartsPageClient.tsx
    ./app/music/charts/page.tsx @ http://localhost:3000/_next/static/chunks/node_modules_next_dist_f3530cac._.js:3127
[ 1530022ms] [ERROR] ./app/music/charts/ChartsPageClient.tsx:447:10
Ecmascript file had an error
  445 | }
  446 |
> 447 | function FakeChordChart({ title, selectedKey }: { title: string; selectedKey: string }) {
      |          ^^^^^^^^^^^^^^
  448 |   return (
  449 |     <div className={styles.pdfMock}>
  450 |       <div className={styles.pdfToolbar} aria-hidden="true">

the name `FakeChordChart` is defined multiple times

Import trace:
  Server Component:
    ./app/music/charts/ChartsPageClient.tsx
    ./app/music/charts/page.tsx @ http://localhost:3000/_next/static/chunks/node_modules_next_dist_f3530cac._.js:3127
[ 1530075ms] [ERROR] ./app/music/charts/ChartsPageClient.tsx:486:10
Ecmascript file had an error
  484 | }
  485 |
> 486 | function FakeBundlePreview({ album }: { album: AlbumResourcePack }) {
      |          ^^^^^^^^^^^^^^^^^
  487 |   return (
  488 |     <div className={styles.bundleMock}>
  489 |       <div className={styles.bundleStack} aria-hidden="true">

the name `FakeBundlePreview` is defined multiple times

Import trace:
  Server Component:
    ./app/music/charts/ChartsPageClient.tsx
    ./app/music/charts/page.tsx @ http://localhost:3000/_next/static/chunks/node_modules_next_dist_f3530cac._.js:3127
[ 1530075ms] [ERROR] ./app/music/charts/ChartsPageClient.tsx:447:10
Ecmascript file had an error
  445 | }
  446 |
> 447 | function FakeChordChart({ title, selectedKey }: { title: string; selectedKey: string }) {
      |          ^^^^^^^^^^^^^^
  448 |   return (
  449 |     <div className={styles.pdfMock}>
  450 |       <div className={styles.pdfToolbar} aria-hidden="true">

the name `FakeChordChart` is defined multiple times

Import trace:
  Server Component:
    ./app/music/charts/ChartsPageClient.tsx
    ./app/music/charts/page.tsx @ http://localhost:3000/_next/static/chunks/node_modules_next_dist_f3530cac._.js:3127
[ 1530135ms] [ERROR] ./app/music/charts/ChartsPageClient.tsx:486:10
Ecmascript file had an error
  484 | }
  485 |
> 486 | function FakeBundlePreview({ album }: { album: AlbumResourcePack }) {
      |          ^^^^^^^^^^^^^^^^^
  487 |   return (
  488 |     <div className={styles.bundleMock}>
  489 |       <div className={styles.bundleStack} aria-hidden="true">

the name `FakeBundlePreview` is defined multiple times

Import trace:
  Server Component:
    ./app/music/charts/ChartsPageClient.tsx
    ./app/music/charts/page.tsx @ http://localhost:3000/_next/static/chunks/node_modules_next_dist_f3530cac._.js:3127
[ 1530135ms] [ERROR] ./app/music/charts/ChartsPageClient.tsx:447:10
Ecmascript file had an error
  445 | }
  446 |
> 447 | function FakeChordChart({ title, selectedKey }: { title: string; selectedKey: string }) {
      |          ^^^^^^^^^^^^^^
  448 |   return (
  449 |     <div className={styles.pdfMock}>
  450 |       <div className={styles.pdfToolbar} aria-hidden="true">

the name `FakeChordChart` is defined multiple times

Import trace:
  Server Component:
    ./app/music/charts/ChartsPageClient.tsx
    ./app/music/charts/page.tsx @ http://localhost:3000/_next/static/chunks/node_modules_next_dist_f3530cac._.js:3127
[ 1530198ms] [ERROR] ./app/music/charts/ChartsPageClient.tsx:486:10
Ecmascript file had an error
  484 | }
  485 |
> 486 | function FakeBundlePreview({ album }: { album: AlbumResourcePack }) {
      |          ^^^^^^^^^^^^^^^^^
  487 |   return (
  488 |     <div className={styles.bundleMock}>
  489 |       <div className={styles.bundleStack} aria-hidden="true">

the name `FakeBundlePreview` is defined multiple times

Import trace:
  Server Component:
    ./app/music/charts/ChartsPageClient.tsx
    ./app/music/charts/page.tsx @ http://localhost:3000/_next/static/chunks/node_modules_next_dist_f3530cac._.js:3127
[ 1530199ms] [ERROR] ./app/music/charts/ChartsPageClient.tsx:447:10
Ecmascript file had an error
  445 | }
  446 |
> 447 | function FakeChordChart({ title, selectedKey }: { title: string; selectedKey: string }) {
      |          ^^^^^^^^^^^^^^
  448 |   return (
  449 |     <div className={styles.pdfMock}>
  450 |       <div className={styles.pdfToolbar} aria-hidden="true">

the name `FakeChordChart` is defined multiple times

Import trace:
  Server Component:
    ./app/music/charts/ChartsPageClient.tsx
    ./app/music/charts/page.tsx @ http://localhost:3000/_next/static/chunks/node_modules_next_dist_f3530cac._.js:3127
[ 1530259ms] [ERROR] ./app/music/charts/ChartsPageClient.tsx:486:10
Ecmascript file had an error
  484 | }
  485 |
> 486 | function FakeBundlePreview({ album }: { album: AlbumResourcePack }) {
      |          ^^^^^^^^^^^^^^^^^
  487 |   return (
  488 |     <div className={styles.bundleMock}>
  489 |       <div className={styles.bundleStack} aria-hidden="true">

the name `FakeBundlePreview` is defined multiple times

Import trace:
  Server Component:
    ./app/music/charts/ChartsPageClient.tsx
    ./app/music/charts/page.tsx @ http://localhost:3000/_next/static/chunks/node_modules_next_dist_f3530cac._.js:3127
[ 1530259ms] [ERROR] ./app/music/charts/ChartsPageClient.tsx:447:10
Ecmascript file had an error
  445 | }
  446 |
> 447 | function FakeChordChart({ title, selectedKey }: { title: string; selectedKey: string }) {
      |          ^^^^^^^^^^^^^^
  448 |   return (
  449 |     <div className={styles.pdfMock}>
  450 |       <div className={styles.pdfToolbar} aria-hidden="true">

the name `FakeChordChart` is defined multiple times

Import trace:
  Server Component:
    ./app/music/charts/ChartsPageClient.tsx
    ./app/music/charts/page.tsx @ http://localhost:3000/_next/static/chunks/node_modules_next_dist_f3530cac._.js:3127
[ 1530315ms] [ERROR] ./app/music/charts/ChartsPageClient.tsx:486:10
Ecmascript file had an error
  484 | }
  485 |
> 486 | function FakeBundlePreview({ album }: { album: AlbumResourcePack }) {
      |          ^^^^^^^^^^^^^^^^^
  487 |   return (
  488 |     <div className={styles.bundleMock}>
  489 |       <div className={styles.bundleStack} aria-hidden="true">

the name `FakeBundlePreview` is defined multiple times

Import trace:
  Server Component:
    ./app/music/charts/ChartsPageClient.tsx
    ./app/music/charts/page.tsx @ http://localhost:3000/_next/static/chunks/node_modules_next_dist_f3530cac._.js:3127
[ 1530315ms] [ERROR] ./app/music/charts/ChartsPageClient.tsx:447:10
Ecmascript file had an error
  445 | }
  446 |
> 447 | function FakeChordChart({ title, selectedKey }: { title: string; selectedKey: string }) {
      |          ^^^^^^^^^^^^^^
  448 |   return (
  449 |     <div className={styles.pdfMock}>
  450 |       <div className={styles.pdfToolbar} aria-hidden="true">

the name `FakeChordChart` is defined multiple times

Import trace:
  Server Component:
    ./app/music/charts/ChartsPageClient.tsx
    ./app/music/charts/page.tsx @ http://localhost:3000/_next/static/chunks/node_modules_next_dist_f3530cac._.js:3127
[ 1530412ms] [ERROR] ./app/music/charts/ChartsPageClient.tsx:486:10
Ecmascript file had an error
  484 | }
  485 |
> 486 | function FakeBundlePreview({ album }: { album: AlbumResourcePack }) {
      |          ^^^^^^^^^^^^^^^^^
  487 |   return (
  488 |     <div className={styles.bundleMock}>
  489 |       <div className={styles.bundleStack} aria-hidden="true">

the name `FakeBundlePreview` is defined multiple times

Import trace:
  Server Component:
    ./app/music/charts/ChartsPageClient.tsx
    ./app/music/charts/page.tsx @ http://localhost:3000/_next/static/chunks/node_modules_next_dist_f3530cac._.js:3127
[ 1530412ms] [ERROR] ./app/music/charts/ChartsPageClient.tsx:447:10
Ecmascript file had an error
  445 | }
  446 |
> 447 | function FakeChordChart({ title, selectedKey }: { title: string; selectedKey: string }) {
      |          ^^^^^^^^^^^^^^
  448 |   return (
  449 |     <div className={styles.pdfMock}>
  450 |       <div className={styles.pdfToolbar} aria-hidden="true">

the name `FakeChordChart` is defined multiple times

Import trace:
  Server Component:
    ./app/music/charts/ChartsPageClient.tsx
    ./app/music/charts/page.tsx @ http://localhost:3000/_next/static/chunks/node_modules_next_dist_f3530cac._.js:3127
[ 1530471ms] [ERROR] ./app/music/charts/ChartsPageClient.tsx:486:10
Ecmascript file had an error
  484 | }
  485 |
> 486 | function FakeBundlePreview({ album }: { album: AlbumResourcePack }) {
      |          ^^^^^^^^^^^^^^^^^
  487 |   return (
  488 |     <div className={styles.bundleMock}>
  489 |       <div className={styles.bundleStack} aria-hidden="true">

the name `FakeBundlePreview` is defined multiple times

Import trace:
  Server Component:
    ./app/music/charts/ChartsPageClient.tsx
    ./app/music/charts/page.tsx @ http://localhost:3000/_next/static/chunks/node_modules_next_dist_f3530cac._.js:3127
[ 1530471ms] [ERROR] ./app/music/charts/ChartsPageClient.tsx:447:10
Ecmascript file had an error
  445 | }
  446 |
> 447 | function FakeChordChart({ title, selectedKey }: { title: string; selectedKey: string }) {
      |          ^^^^^^^^^^^^^^
  448 |   return (
  449 |     <div className={styles.pdfMock}>
  450 |       <div className={styles.pdfToolbar} aria-hidden="true">

the name `FakeChordChart` is defined multiple times

Import trace:
  Server Component:
    ./app/music/charts/ChartsPageClient.tsx
    ./app/music/charts/page.tsx @ http://localhost:3000/_next/static/chunks/node_modules_next_dist_f3530cac._.js:3127
[ 1530533ms] [ERROR] ./app/music/charts/ChartsPageClient.tsx:486:10
Ecmascript file had an error
  484 | }
  485 |
> 486 | function FakeBundlePreview({ album }: { album: AlbumResourcePack }) {
      |          ^^^^^^^^^^^^^^^^^
  487 |   return (
  488 |     <div className={styles.bundleMock}>
  489 |       <div className={styles.bundleStack} aria-hidden="true">

the name `FakeBundlePreview` is defined multiple times

Import trace:
  Server Component:
    ./app/music/charts/ChartsPageClient.tsx
    ./app/music/charts/page.tsx @ http://localhost:3000/_next/static/chunks/node_modules_next_dist_f3530cac._.js:3127
[ 1530534ms] [ERROR] ./app/music/charts/ChartsPageClient.tsx:447:10
Ecmascript file had an error
  445 | }
  446 |
> 447 | function FakeChordChart({ title, selectedKey }: { title: string; selectedKey: string }) {
      |          ^^^^^^^^^^^^^^
  448 |   return (
  449 |     <div className={styles.pdfMock}>
  450 |       <div className={styles.pdfToolbar} aria-hidden="true">

the name `FakeChordChart` is defined multiple times

Import trace:
  Server Component:
    ./app/music/charts/ChartsPageClient.tsx
    ./app/music/charts/page.tsx @ http://localhost:3000/_next/static/chunks/node_modules_next_dist_f3530cac._.js:3127
[ 1530585ms] [ERROR] ./app/music/charts/ChartsPageClient.tsx:486:10
Ecmascript file had an error
  484 | }
  485 |
> 486 | function FakeBundlePreview({ album }: { album: AlbumResourcePack }) {
      |          ^^^^^^^^^^^^^^^^^
  487 |   return (
  488 |     <div className={styles.bundleMock}>
  489 |       <div className={styles.bundleStack} aria-hidden="true">

the name `FakeBundlePreview` is defined multiple times

Import trace:
  Server Component:
    ./app/music/charts/ChartsPageClient.tsx
    ./app/music/charts/page.tsx @ http://localhost:3000/_next/static/chunks/node_modules_next_dist_f3530cac._.js:3127
[ 1530586ms] [ERROR] ./app/music/charts/ChartsPageClient.tsx:447:10
Ecmascript file had an error
  445 | }
  446 |
> 447 | function FakeChordChart({ title, selectedKey }: { title: string; selectedKey: string }) {
      |          ^^^^^^^^^^^^^^
  448 |   return (
  449 |     <div className={styles.pdfMock}>
  450 |       <div className={styles.pdfToolbar} aria-hidden="true">

the name `FakeChordChart` is defined multiple times

Import trace:
  Server Component:
    ./app/music/charts/ChartsPageClient.tsx
    ./app/music/charts/page.tsx @ http://localhost:3000/_next/static/chunks/node_modules_next_dist_f3530cac._.js:3127
[ 1530655ms] [ERROR] ./app/music/charts/ChartsPageClient.tsx:486:10
Ecmascript file had an error
  484 | }
  485 |
> 486 | function FakeBundlePreview({ album }: { album: AlbumResourcePack }) {
      |          ^^^^^^^^^^^^^^^^^
  487 |   return (
  488 |     <div className={styles.bundleMock}>
  489 |       <div className={styles.bundleStack} aria-hidden="true">

the name `FakeBundlePreview` is defined multiple times

Import trace:
  Server Component:
    ./app/music/charts/ChartsPageClient.tsx
    ./app/music/charts/page.tsx @ http://localhost:3000/_next/static/chunks/node_modules_next_dist_f3530cac._.js:3127
[ 1530656ms] [ERROR] ./app/music/charts/ChartsPageClient.tsx:447:10
Ecmascript file had an error
  445 | }
  446 |
> 447 | function FakeChordChart({ title, selectedKey }: { title: string; selectedKey: string }) {
      |          ^^^^^^^^^^^^^^
  448 |   return (
  449 |     <div className={styles.pdfMock}>
  450 |       <div className={styles.pdfToolbar} aria-hidden="true">

the name `FakeChordChart` is defined multiple times

Import trace:
  Server Component:
    ./app/music/charts/ChartsPageClient.tsx
    ./app/music/charts/page.tsx @ http://localhost:3000/_next/static/chunks/node_modules_next_dist_f3530cac._.js:3127
[ 1530713ms] [ERROR] ./app/music/charts/ChartsPageClient.tsx:486:10
Ecmascript file had an error
  484 | }
  485 |
> 486 | function FakeBundlePreview({ album }: { album: AlbumResourcePack }) {
      |          ^^^^^^^^^^^^^^^^^
  487 |   return (
  488 |     <div className={styles.bundleMock}>
  489 |       <div className={styles.bundleStack} aria-hidden="true">

the name `FakeBundlePreview` is defined multiple times

Import trace:
  Server Component:
    ./app/music/charts/ChartsPageClient.tsx
    ./app/music/charts/page.tsx @ http://localhost:3000/_next/static/chunks/node_modules_next_dist_f3530cac._.js:3127
[ 1530713ms] [ERROR] ./app/music/charts/ChartsPageClient.tsx:447:10
Ecmascript file had an error
  445 | }
  446 |
> 447 | function FakeChordChart({ title, selectedKey }: { title: string; selectedKey: string }) {
      |          ^^^^^^^^^^^^^^
  448 |   return (
  449 |     <div className={styles.pdfMock}>
  450 |       <div className={styles.pdfToolbar} aria-hidden="true">

the name `FakeChordChart` is defined multiple times

Import trace:
  Server Component:
    ./app/music/charts/ChartsPageClient.tsx
    ./app/music/charts/page.tsx @ http://localhost:3000/_next/static/chunks/node_modules_next_dist_f3530cac._.js:3127
[ 1530774ms] [ERROR] ./app/music/charts/ChartsPageClient.tsx:486:10
Ecmascript file had an error
  484 | }
  485 |
> 486 | function FakeBundlePreview({ album }: { album: AlbumResourcePack }) {
      |          ^^^^^^^^^^^^^^^^^
  487 |   return (
  488 |     <div className={styles.bundleMock}>
  489 |       <div className={styles.bundleStack} aria-hidden="true">

the name `FakeBundlePreview` is defined multiple times

Import trace:
  Server Component:
    ./app/music/charts/ChartsPageClient.tsx
    ./app/music/charts/page.tsx @ http://localhost:3000/_next/static/chunks/node_modules_next_dist_f3530cac._.js:3127
[ 1530774ms] [ERROR] ./app/music/charts/ChartsPageClient.tsx:447:10
Ecmascript file had an error
  445 | }
  446 |
> 447 | function FakeChordChart({ title, selectedKey }: { title: string; selectedKey: string }) {
      |          ^^^^^^^^^^^^^^
  448 |   return (
  449 |     <div className={styles.pdfMock}>
  450 |       <div className={styles.pdfToolbar} aria-hidden="true">

the name `FakeChordChart` is defined multiple times

Import trace:
  Server Component:
    ./app/music/charts/ChartsPageClient.tsx
    ./app/music/charts/page.tsx @ http://localhost:3000/_next/static/chunks/node_modules_next_dist_f3530cac._.js:3127
[ 1530833ms] [ERROR] ./app/music/charts/ChartsPageClient.tsx:486:10
Ecmascript file had an error
  484 | }
  485 |
> 486 | function FakeBundlePreview({ album }: { album: AlbumResourcePack }) {
      |          ^^^^^^^^^^^^^^^^^
  487 |   return (
  488 |     <div className={styles.bundleMock}>
  489 |       <div className={styles.bundleStack} aria-hidden="true">

the name `FakeBundlePreview` is defined multiple times

Import trace:
  Server Component:
    ./app/music/charts/ChartsPageClient.tsx
    ./app/music/charts/page.tsx @ http://localhost:3000/_next/static/chunks/node_modules_next_dist_f3530cac._.js:3127
[ 1530833ms] [ERROR] ./app/music/charts/ChartsPageClient.tsx:447:10
Ecmascript file had an error
  445 | }
  446 |
> 447 | function FakeChordChart({ title, selectedKey }: { title: string; selectedKey: string }) {
      |          ^^^^^^^^^^^^^^
  448 |   return (
  449 |     <div className={styles.pdfMock}>
  450 |       <div className={styles.pdfToolbar} aria-hidden="true">

the name `FakeChordChart` is defined multiple times

Import trace:
  Server Component:
    ./app/music/charts/ChartsPageClient.tsx
    ./app/music/charts/page.tsx @ http://localhost:3000/_next/static/chunks/node_modules_next_dist_f3530cac._.js:3127
[ 1530891ms] [ERROR] ./app/music/charts/ChartsPageClient.tsx:486:10
Ecmascript file had an error
  484 | }
  485 |
> 486 | function FakeBundlePreview({ album }: { album: AlbumResourcePack }) {
      |          ^^^^^^^^^^^^^^^^^
  487 |   return (
  488 |     <div className={styles.bundleMock}>
  489 |       <div className={styles.bundleStack} aria-hidden="true">

the name `FakeBundlePreview` is defined multiple times

Import trace:
  Server Component:
    ./app/music/charts/ChartsPageClient.tsx
    ./app/music/charts/page.tsx @ http://localhost:3000/_next/static/chunks/node_modules_next_dist_f3530cac._.js:3127
[ 1530891ms] [ERROR] ./app/music/charts/ChartsPageClient.tsx:447:10
Ecmascript file had an error
  445 | }
  446 |
> 447 | function FakeChordChart({ title, selectedKey }: { title: string; selectedKey: string }) {
      |          ^^^^^^^^^^^^^^
  448 |   return (
  449 |     <div className={styles.pdfMock}>
  450 |       <div className={styles.pdfToolbar} aria-hidden="true">

the name `FakeChordChart` is defined multiple times

Import trace:
  Server Component:
    ./app/music/charts/ChartsPageClient.tsx
    ./app/music/charts/page.tsx @ http://localhost:3000/_next/static/chunks/node_modules_next_dist_f3530cac._.js:3127
[ 1530966ms] [ERROR] ./app/music/charts/ChartsPageClient.tsx:486:10
Ecmascript file had an error
  484 | }
  485 |
> 486 | function FakeBundlePreview({ album }: { album: AlbumResourcePack }) {
      |          ^^^^^^^^^^^^^^^^^
  487 |   return (
  488 |     <div className={styles.bundleMock}>
  489 |       <div className={styles.bundleStack} aria-hidden="true">

the name `FakeBundlePreview` is defined multiple times

Import trace:
  Server Component:
    ./app/music/charts/ChartsPageClient.tsx
    ./app/music/charts/page.tsx @ http://localhost:3000/_next/static/chunks/node_modules_next_dist_f3530cac._.js:3127
[ 1530966ms] [ERROR] ./app/music/charts/ChartsPageClient.tsx:447:10
Ecmascript file had an error
  445 | }
  446 |
> 447 | function FakeChordChart({ title, selectedKey }: { title: string; selectedKey: string }) {
      |          ^^^^^^^^^^^^^^
  448 |   return (
  449 |     <div className={styles.pdfMock}>
  450 |       <div className={styles.pdfToolbar} aria-hidden="true">

the name `FakeChordChart` is defined multiple times

Import trace:
  Server Component:
    ./app/music/charts/ChartsPageClient.tsx
    ./app/music/charts/page.tsx @ http://localhost:3000/_next/static/chunks/node_modules_next_dist_f3530cac._.js:3127
[ 1531029ms] [ERROR] ./app/music/charts/ChartsPageClient.tsx:486:10
Ecmascript file had an error
  484 | }
  485 |
> 486 | function FakeBundlePreview({ album }: { album: AlbumResourcePack }) {
      |          ^^^^^^^^^^^^^^^^^
  487 |   return (
  488 |     <div className={styles.bundleMock}>
  489 |       <div className={styles.bundleStack} aria-hidden="true">

the name `FakeBundlePreview` is defined multiple times

Import trace:
  Server Component:
    ./app/music/charts/ChartsPageClient.tsx
    ./app/music/charts/page.tsx @ http://localhost:3000/_next/static/chunks/node_modules_next_dist_f3530cac._.js:3127
[ 1531029ms] [ERROR] ./app/music/charts/ChartsPageClient.tsx:447:10
Ecmascript file had an error
  445 | }
  446 |
> 447 | function FakeChordChart({ title, selectedKey }: { title: string; selectedKey: string }) {
      |          ^^^^^^^^^^^^^^
  448 |   return (
  449 |     <div className={styles.pdfMock}>
  450 |       <div className={styles.pdfToolbar} aria-hidden="true">

the name `FakeChordChart` is defined multiple times

Import trace:
  Server Component:
    ./app/music/charts/ChartsPageClient.tsx
    ./app/music/charts/page.tsx @ http://localhost:3000/_next/static/chunks/node_modules_next_dist_f3530cac._.js:3127
[ 1531092ms] [ERROR] ./app/music/charts/ChartsPageClient.tsx:486:10
Ecmascript file had an error
  484 | }
  485 |
> 486 | function FakeBundlePreview({ album }: { album: AlbumResourcePack }) {
      |          ^^^^^^^^^^^^^^^^^
  487 |   return (
  488 |     <div className={styles.bundleMock}>
  489 |       <div className={styles.bundleStack} aria-hidden="true">

the name `FakeBundlePreview` is defined multiple times

Import trace:
  Server Component:
    ./app/music/charts/ChartsPageClient.tsx
    ./app/music/charts/page.tsx @ http://localhost:3000/_next/static/chunks/node_modules_next_dist_f3530cac._.js:3127
[ 1531092ms] [ERROR] ./app/music/charts/ChartsPageClient.tsx:447:10
Ecmascript file had an error
  445 | }
  446 |
> 447 | function FakeChordChart({ title, selectedKey }: { title: string; selectedKey: string }) {
      |          ^^^^^^^^^^^^^^
  448 |   return (
  449 |     <div className={styles.pdfMock}>
  450 |       <div className={styles.pdfToolbar} aria-hidden="true">

the name `FakeChordChart` is defined multiple times

Import trace:
  Server Component:
    ./app/music/charts/ChartsPageClient.tsx
    ./app/music/charts/page.tsx @ http://localhost:3000/_next/static/chunks/node_modules_next_dist_f3530cac._.js:3127
[ 1531153ms] [ERROR] ./app/music/charts/ChartsPageClient.tsx:486:10
Ecmascript file had an error
  484 | }
  485 |
> 486 | function FakeBundlePreview({ album }: { album: AlbumResourcePack }) {
      |          ^^^^^^^^^^^^^^^^^
  487 |   return (
  488 |     <div className={styles.bundleMock}>
  489 |       <div className={styles.bundleStack} aria-hidden="true">

the name `FakeBundlePreview` is defined multiple times

Import trace:
  Server Component:
    ./app/music/charts/ChartsPageClient.tsx
    ./app/music/charts/page.tsx @ http://localhost:3000/_next/static/chunks/node_modules_next_dist_f3530cac._.js:3127
[ 1531154ms] [ERROR] ./app/music/charts/ChartsPageClient.tsx:447:10
Ecmascript file had an error
  445 | }
  446 |
> 447 | function FakeChordChart({ title, selectedKey }: { title: string; selectedKey: string }) {
      |          ^^^^^^^^^^^^^^
  448 |   return (
  449 |     <div className={styles.pdfMock}>
  450 |       <div className={styles.pdfToolbar} aria-hidden="true">

the name `FakeChordChart` is defined multiple times

Import trace:
  Server Component:
    ./app/music/charts/ChartsPageClient.tsx
    ./app/music/charts/page.tsx @ http://localhost:3000/_next/static/chunks/node_modules_next_dist_f3530cac._.js:3127
[ 1531217ms] [ERROR] ./app/music/charts/ChartsPageClient.tsx:486:10
Ecmascript file had an error
  484 | }
  485 |
> 486 | function FakeBundlePreview({ album }: { album: AlbumResourcePack }) {
      |          ^^^^^^^^^^^^^^^^^
  487 |   return (
  488 |     <div className={styles.bundleMock}>
  489 |       <div className={styles.bundleStack} aria-hidden="true">

the name `FakeBundlePreview` is defined multiple times

Import trace:
  Server Component:
    ./app/music/charts/ChartsPageClient.tsx
    ./app/music/charts/page.tsx @ http://localhost:3000/_next/static/chunks/node_modules_next_dist_f3530cac._.js:3127
[ 1531217ms] [ERROR] ./app/music/charts/ChartsPageClient.tsx:447:10
Ecmascript file had an error
  445 | }
  446 |
> 447 | function FakeChordChart({ title, selectedKey }: { title: string; selectedKey: string }) {
      |          ^^^^^^^^^^^^^^
  448 |   return (
  449 |     <div className={styles.pdfMock}>
  450 |       <div className={styles.pdfToolbar} aria-hidden="true">

the name `FakeChordChart` is defined multiple times

Import trace:
  Server Component:
    ./app/music/charts/ChartsPageClient.tsx
    ./app/music/charts/page.tsx @ http://localhost:3000/_next/static/chunks/node_modules_next_dist_f3530cac._.js:3127
[ 1531274ms] [ERROR] ./app/music/charts/ChartsPageClient.tsx:486:10
Ecmascript file had an error
  484 | }
  485 |
> 486 | function FakeBundlePreview({ album }: { album: AlbumResourcePack }) {
      |          ^^^^^^^^^^^^^^^^^
  487 |   return (
  488 |     <div className={styles.bundleMock}>
  489 |       <div className={styles.bundleStack} aria-hidden="true">

the name `FakeBundlePreview` is defined multiple times

Import trace:
  Server Component:
    ./app/music/charts/ChartsPageClient.tsx
    ./app/music/charts/page.tsx @ http://localhost:3000/_next/static/chunks/node_modules_next_dist_f3530cac._.js:3127
[ 1531274ms] [ERROR] ./app/music/charts/ChartsPageClient.tsx:447:10
Ecmascript file had an error
  445 | }
  446 |
> 447 | function FakeChordChart({ title, selectedKey }: { title: string; selectedKey: string }) {
      |          ^^^^^^^^^^^^^^
  448 |   return (
  449 |     <div className={styles.pdfMock}>
  450 |       <div className={styles.pdfToolbar} aria-hidden="true">

the name `FakeChordChart` is defined multiple times

Import trace:
  Server Component:
    ./app/music/charts/ChartsPageClient.tsx
    ./app/music/charts/page.tsx @ http://localhost:3000/_next/static/chunks/node_modules_next_dist_f3530cac._.js:3127
[ 1531337ms] [ERROR] ./app/music/charts/ChartsPageClient.tsx:486:10
Ecmascript file had an error
  484 | }
  485 |
> 486 | function FakeBundlePreview({ album }: { album: AlbumResourcePack }) {
      |          ^^^^^^^^^^^^^^^^^
  487 |   return (
  488 |     <div className={styles.bundleMock}>
  489 |       <div className={styles.bundleStack} aria-hidden="true">

the name `FakeBundlePreview` is defined multiple times

Import trace:
  Server Component:
    ./app/music/charts/ChartsPageClient.tsx
    ./app/music/charts/page.tsx @ http://localhost:3000/_next/static/chunks/node_modules_next_dist_f3530cac._.js:3127
[ 1531338ms] [ERROR] ./app/music/charts/ChartsPageClient.tsx:447:10
Ecmascript file had an error
  445 | }
  446 |
> 447 | function FakeChordChart({ title, selectedKey }: { title: string; selectedKey: string }) {
      |          ^^^^^^^^^^^^^^
  448 |   return (
  449 |     <div className={styles.pdfMock}>
  450 |       <div className={styles.pdfToolbar} aria-hidden="true">

the name `FakeChordChart` is defined multiple times

Import trace:
  Server Component:
    ./app/music/charts/ChartsPageClient.tsx
    ./app/music/charts/page.tsx @ http://localhost:3000/_next/static/chunks/node_modules_next_dist_f3530cac._.js:3127
[ 1531399ms] [ERROR] ./app/music/charts/ChartsPageClient.tsx:486:10
Ecmascript file had an error
  484 | }
  485 |
> 486 | function FakeBundlePreview({ album }: { album: AlbumResourcePack }) {
      |          ^^^^^^^^^^^^^^^^^
  487 |   return (
  488 |     <div className={styles.bundleMock}>
  489 |       <div className={styles.bundleStack} aria-hidden="true">

the name `FakeBundlePreview` is defined multiple times

Import trace:
  Server Component:
    ./app/music/charts/ChartsPageClient.tsx
    ./app/music/charts/page.tsx @ http://localhost:3000/_next/static/chunks/node_modules_next_dist_f3530cac._.js:3127
[ 1531400ms] [ERROR] ./app/music/charts/ChartsPageClient.tsx:447:10
Ecmascript file had an error
  445 | }
  446 |
> 447 | function FakeChordChart({ title, selectedKey }: { title: string; selectedKey: string }) {
      |          ^^^^^^^^^^^^^^
  448 |   return (
  449 |     <div className={styles.pdfMock}>
  450 |       <div className={styles.pdfToolbar} aria-hidden="true">

the name `FakeChordChart` is defined multiple times

Import trace:
  Server Component:
    ./app/music/charts/ChartsPageClient.tsx
    ./app/music/charts/page.tsx @ http://localhost:3000/_next/static/chunks/node_modules_next_dist_f3530cac._.js:3127
[ 1531463ms] [ERROR] ./app/music/charts/ChartsPageClient.tsx:486:10
Ecmascript file had an error
  484 | }
  485 |
> 486 | function FakeBundlePreview({ album }: { album: AlbumResourcePack }) {
      |          ^^^^^^^^^^^^^^^^^
  487 |   return (
  488 |     <div className={styles.bundleMock}>
  489 |       <div className={styles.bundleStack} aria-hidden="true">

the name `FakeBundlePreview` is defined multiple times

Import trace:
  Server Component:
    ./app/music/charts/ChartsPageClient.tsx
    ./app/music/charts/page.tsx @ http://localhost:3000/_next/static/chunks/node_modules_next_dist_f3530cac._.js:3127
[ 1531463ms] [ERROR] ./app/music/charts/ChartsPageClient.tsx:447:10
Ecmascript file had an error
  445 | }
  446 |
> 447 | function FakeChordChart({ title, selectedKey }: { title: string; selectedKey: string }) {
      |          ^^^^^^^^^^^^^^
  448 |   return (
  449 |     <div className={styles.pdfMock}>
  450 |       <div className={styles.pdfToolbar} aria-hidden="true">

the name `FakeChordChart` is defined multiple times

Import trace:
  Server Component:
    ./app/music/charts/ChartsPageClient.tsx
    ./app/music/charts/page.tsx @ http://localhost:3000/_next/static/chunks/node_modules_next_dist_f3530cac._.js:3127
[ 1531523ms] [ERROR] ./app/music/charts/ChartsPageClient.tsx:486:10
Ecmascript file had an error
  484 | }
  485 |
> 486 | function FakeBundlePreview({ album }: { album: AlbumResourcePack }) {
      |          ^^^^^^^^^^^^^^^^^
  487 |   return (
  488 |     <div className={styles.bundleMock}>
  489 |       <div className={styles.bundleStack} aria-hidden="true">

the name `FakeBundlePreview` is defined multiple times

Import trace:
  Server Component:
    ./app/music/charts/ChartsPageClient.tsx
    ./app/music/charts/page.tsx @ http://localhost:3000/_next/static/chunks/node_modules_next_dist_f3530cac._.js:3127
[ 1531524ms] [ERROR] ./app/music/charts/ChartsPageClient.tsx:447:10
Ecmascript file had an error
  445 | }
  446 |
> 447 | function FakeChordChart({ title, selectedKey }: { title: string; selectedKey: string }) {
      |          ^^^^^^^^^^^^^^
  448 |   return (
  449 |     <div className={styles.pdfMock}>
  450 |       <div className={styles.pdfToolbar} aria-hidden="true">

the name `FakeChordChart` is defined multiple times

Import trace:
  Server Component:
    ./app/music/charts/ChartsPageClient.tsx
    ./app/music/charts/page.tsx @ http://localhost:3000/_next/static/chunks/node_modules_next_dist_f3530cac._.js:3127
[ 1531590ms] [ERROR] ./app/music/charts/ChartsPageClient.tsx:486:10
Ecmascript file had an error
  484 | }
  485 |
> 486 | function FakeBundlePreview({ album }: { album: AlbumResourcePack }) {
      |          ^^^^^^^^^^^^^^^^^
  487 |   return (
  488 |     <div className={styles.bundleMock}>
  489 |       <div className={styles.bundleStack} aria-hidden="true">

the name `FakeBundlePreview` is defined multiple times

Import trace:
  Server Component:
    ./app/music/charts/ChartsPageClient.tsx
    ./app/music/charts/page.tsx @ http://localhost:3000/_next/static/chunks/node_modules_next_dist_f3530cac._.js:3127
[ 1531590ms] [ERROR] ./app/music/charts/ChartsPageClient.tsx:447:10
Ecmascript file had an error
  445 | }
  446 |
> 447 | function FakeChordChart({ title, selectedKey }: { title: string; selectedKey: string }) {
      |          ^^^^^^^^^^^^^^
  448 |   return (
  449 |     <div className={styles.pdfMock}>
  450 |       <div className={styles.pdfToolbar} aria-hidden="true">

the name `FakeChordChart` is defined multiple times

Import trace:
  Server Component:
    ./app/music/charts/ChartsPageClient.tsx
    ./app/music/charts/page.tsx @ http://localhost:3000/_next/static/chunks/node_modules_next_dist_f3530cac._.js:3127
[ 1531650ms] [ERROR] ./app/music/charts/ChartsPageClient.tsx:486:10
Ecmascript file had an error
  484 | }
  485 |
> 486 | function FakeBundlePreview({ album }: { album: AlbumResourcePack }) {
      |          ^^^^^^^^^^^^^^^^^
  487 |   return (
  488 |     <div className={styles.bundleMock}>
  489 |       <div className={styles.bundleStack} aria-hidden="true">

the name `FakeBundlePreview` is defined multiple times

Import trace:
  Server Component:
    ./app/music/charts/ChartsPageClient.tsx
    ./app/music/charts/page.tsx @ http://localhost:3000/_next/static/chunks/node_modules_next_dist_f3530cac._.js:3127
[ 1531650ms] [ERROR] ./app/music/charts/ChartsPageClient.tsx:447:10
Ecmascript file had an error
  445 | }
  446 |
> 447 | function FakeChordChart({ title, selectedKey }: { title: string; selectedKey: string }) {
      |          ^^^^^^^^^^^^^^
  448 |   return (
  449 |     <div className={styles.pdfMock}>
  450 |       <div className={styles.pdfToolbar} aria-hidden="true">

the name `FakeChordChart` is defined multiple times

Import trace:
  Server Component:
    ./app/music/charts/ChartsPageClient.tsx
    ./app/music/charts/page.tsx @ http://localhost:3000/_next/static/chunks/node_modules_next_dist_f3530cac._.js:3127
[ 1531713ms] [ERROR] ./app/music/charts/ChartsPageClient.tsx:486:10
Ecmascript file had an error
  484 | }
  485 |
> 486 | function FakeBundlePreview({ album }: { album: AlbumResourcePack }) {
      |          ^^^^^^^^^^^^^^^^^
  487 |   return (
  488 |     <div className={styles.bundleMock}>
  489 |       <div className={styles.bundleStack} aria-hidden="true">

the name `FakeBundlePreview` is defined multiple times

Import trace:
  Server Component:
    ./app/music/charts/ChartsPageClient.tsx
    ./app/music/charts/page.tsx @ http://localhost:3000/_next/static/chunks/node_modules_next_dist_f3530cac._.js:3127
[ 1531713ms] [ERROR] ./app/music/charts/ChartsPageClient.tsx:447:10
Ecmascript file had an error
  445 | }
  446 |
> 447 | function FakeChordChart({ title, selectedKey }: { title: string; selectedKey: string }) {
      |          ^^^^^^^^^^^^^^
  448 |   return (
  449 |     <div className={styles.pdfMock}>
  450 |       <div className={styles.pdfToolbar} aria-hidden="true">

the name `FakeChordChart` is defined multiple times

Import trace:
  Server Component:
    ./app/music/charts/ChartsPageClient.tsx
    ./app/music/charts/page.tsx @ http://localhost:3000/_next/static/chunks/node_modules_next_dist_f3530cac._.js:3127
[ 1531778ms] [ERROR] ./app/music/charts/ChartsPageClient.tsx:486:10
Ecmascript file had an error
  484 | }
  485 |
> 486 | function FakeBundlePreview({ album }: { album: AlbumResourcePack }) {
      |          ^^^^^^^^^^^^^^^^^
  487 |   return (
  488 |     <div className={styles.bundleMock}>
  489 |       <div className={styles.bundleStack} aria-hidden="true">

the name `FakeBundlePreview` is defined multiple times

Import trace:
  Server Component:
    ./app/music/charts/ChartsPageClient.tsx
    ./app/music/charts/page.tsx @ http://localhost:3000/_next/static/chunks/node_modules_next_dist_f3530cac._.js:3127
[ 1531778ms] [ERROR] ./app/music/charts/ChartsPageClient.tsx:447:10
Ecmascript file had an error
  445 | }
  446 |
> 447 | function FakeChordChart({ title, selectedKey }: { title: string; selectedKey: string }) {
      |          ^^^^^^^^^^^^^^
  448 |   return (
  449 |     <div className={styles.pdfMock}>
  450 |       <div className={styles.pdfToolbar} aria-hidden="true">

the name `FakeChordChart` is defined multiple times

Import trace:
  Server Component:
    ./app/music/charts/ChartsPageClient.tsx
    ./app/music/charts/page.tsx @ http://localhost:3000/_next/static/chunks/node_modules_next_dist_f3530cac._.js:3127
[ 1531838ms] [ERROR] ./app/music/charts/ChartsPageClient.tsx:486:10
Ecmascript file had an error
  484 | }
  485 |
> 486 | function FakeBundlePreview({ album }: { album: AlbumResourcePack }) {
      |          ^^^^^^^^^^^^^^^^^
  487 |   return (
  488 |     <div className={styles.bundleMock}>
  489 |       <div className={styles.bundleStack} aria-hidden="true">

the name `FakeBundlePreview` is defined multiple times

Import trace:
  Server Component:
    ./app/music/charts/ChartsPageClient.tsx
    ./app/music/charts/page.tsx @ http://localhost:3000/_next/static/chunks/node_modules_next_dist_f3530cac._.js:3127
[ 1531838ms] [ERROR] ./app/music/charts/ChartsPageClient.tsx:447:10
Ecmascript file had an error
  445 | }
  446 |
> 447 | function FakeChordChart({ title, selectedKey }: { title: string; selectedKey: string }) {
      |          ^^^^^^^^^^^^^^
  448 |   return (
  449 |     <div className={styles.pdfMock}>
  450 |       <div className={styles.pdfToolbar} aria-hidden="true">

the name `FakeChordChart` is defined multiple times

Import trace:
  Server Component:
    ./app/music/charts/ChartsPageClient.tsx
    ./app/music/charts/page.tsx @ http://localhost:3000/_next/static/chunks/node_modules_next_dist_f3530cac._.js:3127
[ 1531902ms] [ERROR] ./app/music/charts/ChartsPageClient.tsx:486:10
Ecmascript file had an error
  484 | }
  485 |
> 486 | function FakeBundlePreview({ album }: { album: AlbumResourcePack }) {
      |          ^^^^^^^^^^^^^^^^^
  487 |   return (
  488 |     <div className={styles.bundleMock}>
  489 |       <div className={styles.bundleStack} aria-hidden="true">

the name `FakeBundlePreview` is defined multiple times

Import trace:
  Server Component:
    ./app/music/charts/ChartsPageClient.tsx
    ./app/music/charts/page.tsx @ http://localhost:3000/_next/static/chunks/node_modules_next_dist_f3530cac._.js:3127
[ 1531902ms] [ERROR] ./app/music/charts/ChartsPageClient.tsx:447:10
Ecmascript file had an error
  445 | }
  446 |
> 447 | function FakeChordChart({ title, selectedKey }: { title: string; selectedKey: string }) {
      |          ^^^^^^^^^^^^^^
  448 |   return (
  449 |     <div className={styles.pdfMock}>
  450 |       <div className={styles.pdfToolbar} aria-hidden="true">

the name `FakeChordChart` is defined multiple times

Import trace:
  Server Component:
    ./app/music/charts/ChartsPageClient.tsx
    ./app/music/charts/page.tsx @ http://localhost:3000/_next/static/chunks/node_modules_next_dist_f3530cac._.js:3127
[ 1531971ms] [ERROR] ./app/music/charts/ChartsPageClient.tsx:486:10
Ecmascript file had an error
  484 | }
  485 |
> 486 | function FakeBundlePreview({ album }: { album: AlbumResourcePack }) {
      |          ^^^^^^^^^^^^^^^^^
  487 |   return (
  488 |     <div className={styles.bundleMock}>
  489 |       <div className={styles.bundleStack} aria-hidden="true">

the name `FakeBundlePreview` is defined multiple times

Import trace:
  Server Component:
    ./app/music/charts/ChartsPageClient.tsx
    ./app/music/charts/page.tsx @ http://localhost:3000/_next/static/chunks/node_modules_next_dist_f3530cac._.js:3127
[ 1531971ms] [ERROR] ./app/music/charts/ChartsPageClient.tsx:447:10
Ecmascript file had an error
  445 | }
  446 |
> 447 | function FakeChordChart({ title, selectedKey }: { title: string; selectedKey: string }) {
      |          ^^^^^^^^^^^^^^
  448 |   return (
  449 |     <div className={styles.pdfMock}>
  450 |       <div className={styles.pdfToolbar} aria-hidden="true">

the name `FakeChordChart` is defined multiple times

Import trace:
  Server Component:
    ./app/music/charts/ChartsPageClient.tsx
    ./app/music/charts/page.tsx @ http://localhost:3000/_next/static/chunks/node_modules_next_dist_f3530cac._.js:3127
[ 1532019ms] [ERROR] ./app/music/charts/ChartsPageClient.tsx:486:10
Ecmascript file had an error
  484 | }
  485 |
> 486 | function FakeBundlePreview({ album }: { album: AlbumResourcePack }) {
      |          ^^^^^^^^^^^^^^^^^
  487 |   return (
  488 |     <div className={styles.bundleMock}>
  489 |       <div className={styles.bundleStack} aria-hidden="true">

the name `FakeBundlePreview` is defined multiple times

Import trace:
  Server Component:
    ./app/music/charts/ChartsPageClient.tsx
    ./app/music/charts/page.tsx @ http://localhost:3000/_next/static/chunks/node_modules_next_dist_f3530cac._.js:3127
[ 1532019ms] [ERROR] ./app/music/charts/ChartsPageClient.tsx:447:10
Ecmascript file had an error
  445 | }
  446 |
> 447 | function FakeChordChart({ title, selectedKey }: { title: string; selectedKey: string }) {
      |          ^^^^^^^^^^^^^^
  448 |   return (
  449 |     <div className={styles.pdfMock}>
  450 |       <div className={styles.pdfToolbar} aria-hidden="true">

the name `FakeChordChart` is defined multiple times

Import trace:
  Server Component:
    ./app/music/charts/ChartsPageClient.tsx
    ./app/music/charts/page.tsx @ http://localhost:3000/_next/static/chunks/node_modules_next_dist_f3530cac._.js:3127
[ 1532082ms] [ERROR] ./app/music/charts/ChartsPageClient.tsx:486:10
Ecmascript file had an error
  484 | }
  485 |
> 486 | function FakeBundlePreview({ album }: { album: AlbumResourcePack }) {
      |          ^^^^^^^^^^^^^^^^^
  487 |   return (
  488 |     <div className={styles.bundleMock}>
  489 |       <div className={styles.bundleStack} aria-hidden="true">

the name `FakeBundlePreview` is defined multiple times

Import trace:
  Server Component:
    ./app/music/charts/ChartsPageClient.tsx
    ./app/music/charts/page.tsx @ http://localhost:3000/_next/static/chunks/node_modules_next_dist_f3530cac._.js:3127
[ 1532082ms] [ERROR] ./app/music/charts/ChartsPageClient.tsx:447:10
Ecmascript file had an error
  445 | }
  446 |
> 447 | function FakeChordChart({ title, selectedKey }: { title: string; selectedKey: string }) {
      |          ^^^^^^^^^^^^^^
  448 |   return (
  449 |     <div className={styles.pdfMock}>
  450 |       <div className={styles.pdfToolbar} aria-hidden="true">

the name `FakeChordChart` is defined multiple times

Import trace:
  Server Component:
    ./app/music/charts/ChartsPageClient.tsx
    ./app/music/charts/page.tsx @ http://localhost:3000/_next/static/chunks/node_modules_next_dist_f3530cac._.js:3127
[ 1532144ms] [ERROR] ./app/music/charts/ChartsPageClient.tsx:486:10
Ecmascript file had an error
  484 | }
  485 |
> 486 | function FakeBundlePreview({ album }: { album: AlbumResourcePack }) {
      |          ^^^^^^^^^^^^^^^^^
  487 |   return (
  488 |     <div className={styles.bundleMock}>
  489 |       <div className={styles.bundleStack} aria-hidden="true">

the name `FakeBundlePreview` is defined multiple times

Import trace:
  Server Component:
    ./app/music/charts/ChartsPageClient.tsx
    ./app/music/charts/page.tsx @ http://localhost:3000/_next/static/chunks/node_modules_next_dist_f3530cac._.js:3127
[ 1532144ms] [ERROR] ./app/music/charts/ChartsPageClient.tsx:447:10
Ecmascript file had an error
  445 | }
  446 |
> 447 | function FakeChordChart({ title, selectedKey }: { title: string; selectedKey: string }) {
      |          ^^^^^^^^^^^^^^
  448 |   return (
  449 |     <div className={styles.pdfMock}>
  450 |       <div className={styles.pdfToolbar} aria-hidden="true">

the name `FakeChordChart` is defined multiple times

Import trace:
  Server Component:
    ./app/music/charts/ChartsPageClient.tsx
    ./app/music/charts/page.tsx @ http://localhost:3000/_next/static/chunks/node_modules_next_dist_f3530cac._.js:3127
[ 1532204ms] [ERROR] ./app/music/charts/ChartsPageClient.tsx:486:10
Ecmascript file had an error
  484 | }
  485 |
> 486 | function FakeBundlePreview({ album }: { album: AlbumResourcePack }) {
      |          ^^^^^^^^^^^^^^^^^
  487 |   return (
  488 |     <div className={styles.bundleMock}>
  489 |       <div className={styles.bundleStack} aria-hidden="true">

the name `FakeBundlePreview` is defined multiple times

Import trace:
  Server Component:
    ./app/music/charts/ChartsPageClient.tsx
    ./app/music/charts/page.tsx @ http://localhost:3000/_next/static/chunks/node_modules_next_dist_f3530cac._.js:3127
[ 1532205ms] [ERROR] ./app/music/charts/ChartsPageClient.tsx:447:10
Ecmascript file had an error
  445 | }
  446 |
> 447 | function FakeChordChart({ title, selectedKey }: { title: string; selectedKey: string }) {
      |          ^^^^^^^^^^^^^^
  448 |   return (
  449 |     <div className={styles.pdfMock}>
  450 |       <div className={styles.pdfToolbar} aria-hidden="true">

the name `FakeChordChart` is defined multiple times

Import trace:
  Server Component:
    ./app/music/charts/ChartsPageClient.tsx
    ./app/music/charts/page.tsx @ http://localhost:3000/_next/static/chunks/node_modules_next_dist_f3530cac._.js:3127
[ 1532268ms] [ERROR] ./app/music/charts/ChartsPageClient.tsx:486:10
Ecmascript file had an error
  484 | }
  485 |
> 486 | function FakeBundlePreview({ album }: { album: AlbumResourcePack }) {
      |          ^^^^^^^^^^^^^^^^^
  487 |   return (
  488 |     <div className={styles.bundleMock}>
  489 |       <div className={styles.bundleStack} aria-hidden="true">

the name `FakeBundlePreview` is defined multiple times

Import trace:
  Server Component:
    ./app/music/charts/ChartsPageClient.tsx
    ./app/music/charts/page.tsx @ http://localhost:3000/_next/static/chunks/node_modules_next_dist_f3530cac._.js:3127
[ 1532268ms] [ERROR] ./app/music/charts/ChartsPageClient.tsx:447:10
Ecmascript file had an error
  445 | }
  446 |
> 447 | function FakeChordChart({ title, selectedKey }: { title: string; selectedKey: string }) {
      |          ^^^^^^^^^^^^^^
  448 |   return (
  449 |     <div className={styles.pdfMock}>
  450 |       <div className={styles.pdfToolbar} aria-hidden="true">

the name `FakeChordChart` is defined multiple times

Import trace:
  Server Component:
    ./app/music/charts/ChartsPageClient.tsx
    ./app/music/charts/page.tsx @ http://localhost:3000/_next/static/chunks/node_modules_next_dist_f3530cac._.js:3127
[ 1532330ms] [ERROR] ./app/music/charts/ChartsPageClient.tsx:486:10
Ecmascript file had an error
  484 | }
  485 |
> 486 | function FakeBundlePreview({ album }: { album: AlbumResourcePack }) {
      |          ^^^^^^^^^^^^^^^^^
  487 |   return (
  488 |     <div className={styles.bundleMock}>
  489 |       <div className={styles.bundleStack} aria-hidden="true">

the name `FakeBundlePreview` is defined multiple times

Import trace:
  Server Component:
    ./app/music/charts/ChartsPageClient.tsx
    ./app/music/charts/page.tsx @ http://localhost:3000/_next/static/chunks/node_modules_next_dist_f3530cac._.js:3127
[ 1532330ms] [ERROR] ./app/music/charts/ChartsPageClient.tsx:447:10
Ecmascript file had an error
  445 | }
  446 |
> 447 | function FakeChordChart({ title, selectedKey }: { title: string; selectedKey: string }) {
      |          ^^^^^^^^^^^^^^
  448 |   return (
  449 |     <div className={styles.pdfMock}>
  450 |       <div className={styles.pdfToolbar} aria-hidden="true">

the name `FakeChordChart` is defined multiple times

Import trace:
  Server Component:
    ./app/music/charts/ChartsPageClient.tsx
    ./app/music/charts/page.tsx @ http://localhost:3000/_next/static/chunks/node_modules_next_dist_f3530cac._.js:3127
[ 1532394ms] [ERROR] ./app/music/charts/ChartsPageClient.tsx:486:10
Ecmascript file had an error
  484 | }
  485 |
> 486 | function FakeBundlePreview({ album }: { album: AlbumResourcePack }) {
      |          ^^^^^^^^^^^^^^^^^
  487 |   return (
  488 |     <div className={styles.bundleMock}>
  489 |       <div className={styles.bundleStack} aria-hidden="true">

the name `FakeBundlePreview` is defined multiple times

Import trace:
  Server Component:
    ./app/music/charts/ChartsPageClient.tsx
    ./app/music/charts/page.tsx @ http://localhost:3000/_next/static/chunks/node_modules_next_dist_f3530cac._.js:3127
[ 1532394ms] [ERROR] ./app/music/charts/ChartsPageClient.tsx:447:10
Ecmascript file had an error
  445 | }
  446 |
> 447 | function FakeChordChart({ title, selectedKey }: { title: string; selectedKey: string }) {
      |          ^^^^^^^^^^^^^^
  448 |   return (
  449 |     <div className={styles.pdfMock}>
  450 |       <div className={styles.pdfToolbar} aria-hidden="true">

the name `FakeChordChart` is defined multiple times

Import trace:
  Server Component:
    ./app/music/charts/ChartsPageClient.tsx
    ./app/music/charts/page.tsx @ http://localhost:3000/_next/static/chunks/node_modules_next_dist_f3530cac._.js:3127
[ 1532452ms] [ERROR] ./app/music/charts/ChartsPageClient.tsx:486:10
Ecmascript file had an error
  484 | }
  485 |
> 486 | function FakeBundlePreview({ album }: { album: AlbumResourcePack }) {
      |          ^^^^^^^^^^^^^^^^^
  487 |   return (
  488 |     <div className={styles.bundleMock}>
  489 |       <div className={styles.bundleStack} aria-hidden="true">

the name `FakeBundlePreview` is defined multiple times

Import trace:
  Server Component:
    ./app/music/charts/ChartsPageClient.tsx
    ./app/music/charts/page.tsx @ http://localhost:3000/_next/static/chunks/node_modules_next_dist_f3530cac._.js:3127
[ 1532452ms] [ERROR] ./app/music/charts/ChartsPageClient.tsx:447:10
Ecmascript file had an error
  445 | }
  446 |
> 447 | function FakeChordChart({ title, selectedKey }: { title: string; selectedKey: string }) {
      |          ^^^^^^^^^^^^^^
  448 |   return (
  449 |     <div className={styles.pdfMock}>
  450 |       <div className={styles.pdfToolbar} aria-hidden="true">

the name `FakeChordChart` is defined multiple times

Import trace:
  Server Component:
    ./app/music/charts/ChartsPageClient.tsx
    ./app/music/charts/page.tsx @ http://localhost:3000/_next/static/chunks/node_modules_next_dist_f3530cac._.js:3127
[ 1532516ms] [ERROR] ./app/music/charts/ChartsPageClient.tsx:486:10
Ecmascript file had an error
  484 | }
  485 |
> 486 | function FakeBundlePreview({ album }: { album: AlbumResourcePack }) {
      |          ^^^^^^^^^^^^^^^^^
  487 |   return (
  488 |     <div className={styles.bundleMock}>
  489 |       <div className={styles.bundleStack} aria-hidden="true">

the name `FakeBundlePreview` is defined multiple times

Import trace:
  Server Component:
    ./app/music/charts/ChartsPageClient.tsx
    ./app/music/charts/page.tsx @ http://localhost:3000/_next/static/chunks/node_modules_next_dist_f3530cac._.js:3127
[ 1532516ms] [ERROR] ./app/music/charts/ChartsPageClient.tsx:447:10
Ecmascript file had an error
  445 | }
  446 |
> 447 | function FakeChordChart({ title, selectedKey }: { title: string; selectedKey: string }) {
      |          ^^^^^^^^^^^^^^
  448 |   return (
  449 |     <div className={styles.pdfMock}>
  450 |       <div className={styles.pdfToolbar} aria-hidden="true">

the name `FakeChordChart` is defined multiple times

Import trace:
  Server Component:
    ./app/music/charts/ChartsPageClient.tsx
    ./app/music/charts/page.tsx @ http://localhost:3000/_next/static/chunks/node_modules_next_dist_f3530cac._.js:3127
[ 1532579ms] [ERROR] ./app/music/charts/ChartsPageClient.tsx:486:10
Ecmascript file had an error
  484 | }
  485 |
> 486 | function FakeBundlePreview({ album }: { album: AlbumResourcePack }) {
      |          ^^^^^^^^^^^^^^^^^
  487 |   return (
  488 |     <div className={styles.bundleMock}>
  489 |       <div className={styles.bundleStack} aria-hidden="true">

the name `FakeBundlePreview` is defined multiple times

Import trace:
  Server Component:
    ./app/music/charts/ChartsPageClient.tsx
    ./app/music/charts/page.tsx @ http://localhost:3000/_next/static/chunks/node_modules_next_dist_f3530cac._.js:3127
[ 1532579ms] [ERROR] ./app/music/charts/ChartsPageClient.tsx:447:10
Ecmascript file had an error
  445 | }
  446 |
> 447 | function FakeChordChart({ title, selectedKey }: { title: string; selectedKey: string }) {
      |          ^^^^^^^^^^^^^^
  448 |   return (
  449 |     <div className={styles.pdfMock}>
  450 |       <div className={styles.pdfToolbar} aria-hidden="true">

the name `FakeChordChart` is defined multiple times

Import trace:
  Server Component:
    ./app/music/charts/ChartsPageClient.tsx
    ./app/music/charts/page.tsx @ http://localhost:3000/_next/static/chunks/node_modules_next_dist_f3530cac._.js:3127
[ 1532633ms] [ERROR] ./app/music/charts/ChartsPageClient.tsx:486:10
Ecmascript file had an error
  484 | }
  485 |
> 486 | function FakeBundlePreview({ album }: { album: AlbumResourcePack }) {
      |          ^^^^^^^^^^^^^^^^^
  487 |   return (
  488 |     <div className={styles.bundleMock}>
  489 |       <div className={styles.bundleStack} aria-hidden="true">

the name `FakeBundlePreview` is defined multiple times

Import trace:
  Server Component:
    ./app/music/charts/ChartsPageClient.tsx
    ./app/music/charts/page.tsx @ http://localhost:3000/_next/static/chunks/node_modules_next_dist_f3530cac._.js:3127
[ 1532633ms] [ERROR] ./app/music/charts/ChartsPageClient.tsx:447:10
Ecmascript file had an error
  445 | }
  446 |
> 447 | function FakeChordChart({ title, selectedKey }: { title: string; selectedKey: string }) {
      |          ^^^^^^^^^^^^^^
  448 |   return (
  449 |     <div className={styles.pdfMock}>
  450 |       <div className={styles.pdfToolbar} aria-hidden="true">

the name `FakeChordChart` is defined multiple times

Import trace:
  Server Component:
    ./app/music/charts/ChartsPageClient.tsx
    ./app/music/charts/page.tsx @ http://localhost:3000/_next/static/chunks/node_modules_next_dist_f3530cac._.js:3127
[ 1532696ms] [ERROR] ./app/music/charts/ChartsPageClient.tsx:486:10
Ecmascript file had an error
  484 | }
  485 |
> 486 | function FakeBundlePreview({ album }: { album: AlbumResourcePack }) {
      |          ^^^^^^^^^^^^^^^^^
  487 |   return (
  488 |     <div className={styles.bundleMock}>
  489 |       <div className={styles.bundleStack} aria-hidden="true">

the name `FakeBundlePreview` is defined multiple times

Import trace:
  Server Component:
    ./app/music/charts/ChartsPageClient.tsx
    ./app/music/charts/page.tsx @ http://localhost:3000/_next/static/chunks/node_modules_next_dist_f3530cac._.js:3127
[ 1532696ms] [ERROR] ./app/music/charts/ChartsPageClient.tsx:447:10
Ecmascript file had an error
  445 | }
  446 |
> 447 | function FakeChordChart({ title, selectedKey }: { title: string; selectedKey: string }) {
      |          ^^^^^^^^^^^^^^
  448 |   return (
  449 |     <div className={styles.pdfMock}>
  450 |       <div className={styles.pdfToolbar} aria-hidden="true">

the name `FakeChordChart` is defined multiple times

Import trace:
  Server Component:
    ./app/music/charts/ChartsPageClient.tsx
    ./app/music/charts/page.tsx @ http://localhost:3000/_next/static/chunks/node_modules_next_dist_f3530cac._.js:3127
[ 1532760ms] [ERROR] ./app/music/charts/ChartsPageClient.tsx:486:10
Ecmascript file had an error
  484 | }
  485 |
> 486 | function FakeBundlePreview({ album }: { album: AlbumResourcePack }) {
      |          ^^^^^^^^^^^^^^^^^
  487 |   return (
  488 |     <div className={styles.bundleMock}>
  489 |       <div className={styles.bundleStack} aria-hidden="true">

the name `FakeBundlePreview` is defined multiple times

Import trace:
  Server Component:
    ./app/music/charts/ChartsPageClient.tsx
    ./app/music/charts/page.tsx @ http://localhost:3000/_next/static/chunks/node_modules_next_dist_f3530cac._.js:3127
[ 1532761ms] [ERROR] ./app/music/charts/ChartsPageClient.tsx:447:10
Ecmascript file had an error
  445 | }
  446 |
> 447 | function FakeChordChart({ title, selectedKey }: { title: string; selectedKey: string }) {
      |          ^^^^^^^^^^^^^^
  448 |   return (
  449 |     <div className={styles.pdfMock}>
  450 |       <div className={styles.pdfToolbar} aria-hidden="true">

the name `FakeChordChart` is defined multiple times

Import trace:
  Server Component:
    ./app/music/charts/ChartsPageClient.tsx
    ./app/music/charts/page.tsx @ http://localhost:3000/_next/static/chunks/node_modules_next_dist_f3530cac._.js:3127
[ 1532822ms] [ERROR] ./app/music/charts/ChartsPageClient.tsx:486:10
Ecmascript file had an error
  484 | }
  485 |
> 486 | function FakeBundlePreview({ album }: { album: AlbumResourcePack }) {
      |          ^^^^^^^^^^^^^^^^^
  487 |   return (
  488 |     <div className={styles.bundleMock}>
  489 |       <div className={styles.bundleStack} aria-hidden="true">

the name `FakeBundlePreview` is defined multiple times

Import trace:
  Server Component:
    ./app/music/charts/ChartsPageClient.tsx
    ./app/music/charts/page.tsx @ http://localhost:3000/_next/static/chunks/node_modules_next_dist_f3530cac._.js:3127
[ 1532822ms] [ERROR] ./app/music/charts/ChartsPageClient.tsx:447:10
Ecmascript file had an error
  445 | }
  446 |
> 447 | function FakeChordChart({ title, selectedKey }: { title: string; selectedKey: string }) {
      |          ^^^^^^^^^^^^^^
  448 |   return (
  449 |     <div className={styles.pdfMock}>
  450 |       <div className={styles.pdfToolbar} aria-hidden="true">

the name `FakeChordChart` is defined multiple times

Import trace:
  Server Component:
    ./app/music/charts/ChartsPageClient.tsx
    ./app/music/charts/page.tsx @ http://localhost:3000/_next/static/chunks/node_modules_next_dist_f3530cac._.js:3127
[ 1532881ms] [ERROR] ./app/music/charts/ChartsPageClient.tsx:486:10
Ecmascript file had an error
  484 | }
  485 |
> 486 | function FakeBundlePreview({ album }: { album: AlbumResourcePack }) {
      |          ^^^^^^^^^^^^^^^^^
  487 |   return (
  488 |     <div className={styles.bundleMock}>
  489 |       <div className={styles.bundleStack} aria-hidden="true">

the name `FakeBundlePreview` is defined multiple times

Import trace:
  Server Component:
    ./app/music/charts/ChartsPageClient.tsx
    ./app/music/charts/page.tsx @ http://localhost:3000/_next/static/chunks/node_modules_next_dist_f3530cac._.js:3127
[ 1532882ms] [ERROR] ./app/music/charts/ChartsPageClient.tsx:447:10
Ecmascript file had an error
  445 | }
  446 |
> 447 | function FakeChordChart({ title, selectedKey }: { title: string; selectedKey: string }) {
      |          ^^^^^^^^^^^^^^
  448 |   return (
  449 |     <div className={styles.pdfMock}>
  450 |       <div className={styles.pdfToolbar} aria-hidden="true">

the name `FakeChordChart` is defined multiple times

Import trace:
  Server Component:
    ./app/music/charts/ChartsPageClient.tsx
    ./app/music/charts/page.tsx @ http://localhost:3000/_next/static/chunks/node_modules_next_dist_f3530cac._.js:3127
[ 1532949ms] [ERROR] ./app/music/charts/ChartsPageClient.tsx:486:10
Ecmascript file had an error
  484 | }
  485 |
> 486 | function FakeBundlePreview({ album }: { album: AlbumResourcePack }) {
      |          ^^^^^^^^^^^^^^^^^
  487 |   return (
  488 |     <div className={styles.bundleMock}>
  489 |       <div className={styles.bundleStack} aria-hidden="true">

the name `FakeBundlePreview` is defined multiple times

Import trace:
  Server Component:
    ./app/music/charts/ChartsPageClient.tsx
    ./app/music/charts/page.tsx @ http://localhost:3000/_next/static/chunks/node_modules_next_dist_f3530cac._.js:3127
[ 1532949ms] [ERROR] ./app/music/charts/ChartsPageClient.tsx:447:10
Ecmascript file had an error
  445 | }
  446 |
> 447 | function FakeChordChart({ title, selectedKey }: { title: string; selectedKey: string }) {
      |          ^^^^^^^^^^^^^^
  448 |   return (
  449 |     <div className={styles.pdfMock}>
  450 |       <div className={styles.pdfToolbar} aria-hidden="true">

the name `FakeChordChart` is defined multiple times

Import trace:
  Server Component:
    ./app/music/charts/ChartsPageClient.tsx
    ./app/music/charts/page.tsx @ http://localhost:3000/_next/static/chunks/node_modules_next_dist_f3530cac._.js:3127
[ 1532999ms] [ERROR] ./app/music/charts/ChartsPageClient.tsx:486:10
Ecmascript file had an error
  484 | }
  485 |
> 486 | function FakeBundlePreview({ album }: { album: AlbumResourcePack }) {
      |          ^^^^^^^^^^^^^^^^^
  487 |   return (
  488 |     <div className={styles.bundleMock}>
  489 |       <div className={styles.bundleStack} aria-hidden="true">

the name `FakeBundlePreview` is defined multiple times

Import trace:
  Server Component:
    ./app/music/charts/ChartsPageClient.tsx
    ./app/music/charts/page.tsx @ http://localhost:3000/_next/static/chunks/node_modules_next_dist_f3530cac._.js:3127
[ 1532999ms] [ERROR] ./app/music/charts/ChartsPageClient.tsx:447:10
Ecmascript file had an error
  445 | }
  446 |
> 447 | function FakeChordChart({ title, selectedKey }: { title: string; selectedKey: string }) {
      |          ^^^^^^^^^^^^^^
  448 |   return (
  449 |     <div className={styles.pdfMock}>
  450 |       <div className={styles.pdfToolbar} aria-hidden="true">

the name `FakeChordChart` is defined multiple times

Import trace:
  Server Component:
    ./app/music/charts/ChartsPageClient.tsx
    ./app/music/charts/page.tsx @ http://localhost:3000/_next/static/chunks/node_modules_next_dist_f3530cac._.js:3127
[ 1533062ms] [ERROR] ./app/music/charts/ChartsPageClient.tsx:486:10
Ecmascript file had an error
  484 | }
  485 |
> 486 | function FakeBundlePreview({ album }: { album: AlbumResourcePack }) {
      |          ^^^^^^^^^^^^^^^^^
  487 |   return (
  488 |     <div className={styles.bundleMock}>
  489 |       <div className={styles.bundleStack} aria-hidden="true">

the name `FakeBundlePreview` is defined multiple times

Import trace:
  Server Component:
    ./app/music/charts/ChartsPageClient.tsx
    ./app/music/charts/page.tsx @ http://localhost:3000/_next/static/chunks/node_modules_next_dist_f3530cac._.js:3127
[ 1533062ms] [ERROR] ./app/music/charts/ChartsPageClient.tsx:447:10
Ecmascript file had an error
  445 | }
  446 |
> 447 | function FakeChordChart({ title, selectedKey }: { title: string; selectedKey: string }) {
      |          ^^^^^^^^^^^^^^
  448 |   return (
  449 |     <div className={styles.pdfMock}>
  450 |       <div className={styles.pdfToolbar} aria-hidden="true">

the name `FakeChordChart` is defined multiple times

Import trace:
  Server Component:
    ./app/music/charts/ChartsPageClient.tsx
    ./app/music/charts/page.tsx @ http://localhost:3000/_next/static/chunks/node_modules_next_dist_f3530cac._.js:3127
[ 1533117ms] [ERROR] ./app/music/charts/ChartsPageClient.tsx:486:10
Ecmascript file had an error
  484 | }
  485 |
> 486 | function FakeBundlePreview({ album }: { album: AlbumResourcePack }) {
      |          ^^^^^^^^^^^^^^^^^
  487 |   return (
  488 |     <div className={styles.bundleMock}>
  489 |       <div className={styles.bundleStack} aria-hidden="true">

the name `FakeBundlePreview` is defined multiple times

Import trace:
  Server Component:
    ./app/music/charts/ChartsPageClient.tsx
    ./app/music/charts/page.tsx @ http://localhost:3000/_next/static/chunks/node_modules_next_dist_f3530cac._.js:3127
[ 1533118ms] [ERROR] ./app/music/charts/ChartsPageClient.tsx:447:10
Ecmascript file had an error
  445 | }
  446 |
> 447 | function FakeChordChart({ title, selectedKey }: { title: string; selectedKey: string }) {
      |          ^^^^^^^^^^^^^^
  448 |   return (
  449 |     <div className={styles.pdfMock}>
  450 |       <div className={styles.pdfToolbar} aria-hidden="true">

the name `FakeChordChart` is defined multiple times

Import trace:
  Server Component:
    ./app/music/charts/ChartsPageClient.tsx
    ./app/music/charts/page.tsx @ http://localhost:3000/_next/static/chunks/node_modules_next_dist_f3530cac._.js:3127
[ 1533162ms] [ERROR] ./app/music/charts/ChartsPageClient.tsx:486:10
Ecmascript file had an error
  484 | }
  485 |
> 486 | function FakeBundlePreview({ album }: { album: AlbumResourcePack }) {
      |          ^^^^^^^^^^^^^^^^^
  487 |   return (
  488 |     <div className={styles.bundleMock}>
  489 |       <div className={styles.bundleStack} aria-hidden="true">

the name `FakeBundlePreview` is defined multiple times

Import trace:
  Server Component:
    ./app/music/charts/ChartsPageClient.tsx
    ./app/music/charts/page.tsx @ http://localhost:3000/_next/static/chunks/node_modules_next_dist_f3530cac._.js:3127
[ 1533162ms] [ERROR] ./app/music/charts/ChartsPageClient.tsx:447:10
Ecmascript file had an error
  445 | }
  446 |
> 447 | function FakeChordChart({ title, selectedKey }: { title: string; selectedKey: string }) {
      |          ^^^^^^^^^^^^^^
  448 |   return (
  449 |     <div className={styles.pdfMock}>
  450 |       <div className={styles.pdfToolbar} aria-hidden="true">

the name `FakeChordChart` is defined multiple times

Import trace:
  Server Component:
    ./app/music/charts/ChartsPageClient.tsx
    ./app/music/charts/page.tsx @ http://localhost:3000/_next/static/chunks/node_modules_next_dist_f3530cac._.js:3127
[ 1533215ms] [ERROR] ./app/music/charts/ChartsPageClient.tsx:486:10
Ecmascript file had an error
  484 | }
  485 |
> 486 | function FakeBundlePreview({ album }: { album: AlbumResourcePack }) {
      |          ^^^^^^^^^^^^^^^^^
  487 |   return (
  488 |     <div className={styles.bundleMock}>
  489 |       <div className={styles.bundleStack} aria-hidden="true">

the name `FakeBundlePreview` is defined multiple times

Import trace:
  Server Component:
    ./app/music/charts/ChartsPageClient.tsx
    ./app/music/charts/page.tsx @ http://localhost:3000/_next/static/chunks/node_modules_next_dist_f3530cac._.js:3127
[ 1533215ms] [ERROR] ./app/music/charts/ChartsPageClient.tsx:447:10
Ecmascript file had an error
  445 | }
  446 |
> 447 | function FakeChordChart({ title, selectedKey }: { title: string; selectedKey: string }) {
      |          ^^^^^^^^^^^^^^
  448 |   return (
  449 |     <div className={styles.pdfMock}>
  450 |       <div className={styles.pdfToolbar} aria-hidden="true">

the name `FakeChordChart` is defined multiple times

Import trace:
  Server Component:
    ./app/music/charts/ChartsPageClient.tsx
    ./app/music/charts/page.tsx @ http://localhost:3000/_next/static/chunks/node_modules_next_dist_f3530cac._.js:3127
[ 1533278ms] [ERROR] ./app/music/charts/ChartsPageClient.tsx:486:10
Ecmascript file had an error
  484 | }
  485 |
> 486 | function FakeBundlePreview({ album }: { album: AlbumResourcePack }) {
      |          ^^^^^^^^^^^^^^^^^
  487 |   return (
  488 |     <div className={styles.bundleMock}>
  489 |       <div className={styles.bundleStack} aria-hidden="true">

the name `FakeBundlePreview` is defined multiple times

Import trace:
  Server Component:
    ./app/music/charts/ChartsPageClient.tsx
    ./app/music/charts/page.tsx @ http://localhost:3000/_next/static/chunks/node_modules_next_dist_f3530cac._.js:3127
[ 1533279ms] [ERROR] ./app/music/charts/ChartsPageClient.tsx:447:10
Ecmascript file had an error
  445 | }
  446 |
> 447 | function FakeChordChart({ title, selectedKey }: { title: string; selectedKey: string }) {
      |          ^^^^^^^^^^^^^^
  448 |   return (
  449 |     <div className={styles.pdfMock}>
  450 |       <div className={styles.pdfToolbar} aria-hidden="true">

the name `FakeChordChart` is defined multiple times

Import trace:
  Server Component:
    ./app/music/charts/ChartsPageClient.tsx
    ./app/music/charts/page.tsx @ http://localhost:3000/_next/static/chunks/node_modules_next_dist_f3530cac._.js:3127
[ 1533347ms] [ERROR] ./app/music/charts/ChartsPageClient.tsx:486:10
Ecmascript file had an error
  484 | }
  485 |
> 486 | function FakeBundlePreview({ album }: { album: AlbumResourcePack }) {
      |          ^^^^^^^^^^^^^^^^^
  487 |   return (
  488 |     <div className={styles.bundleMock}>
  489 |       <div className={styles.bundleStack} aria-hidden="true">

the name `FakeBundlePreview` is defined multiple times

Import trace:
  Server Component:
    ./app/music/charts/ChartsPageClient.tsx
    ./app/music/charts/page.tsx @ http://localhost:3000/_next/static/chunks/node_modules_next_dist_f3530cac._.js:3127
[ 1533347ms] [ERROR] ./app/music/charts/ChartsPageClient.tsx:447:10
Ecmascript file had an error
  445 | }
  446 |
> 447 | function FakeChordChart({ title, selectedKey }: { title: string; selectedKey: string }) {
      |          ^^^^^^^^^^^^^^
  448 |   return (
  449 |     <div className={styles.pdfMock}>
  450 |       <div className={styles.pdfToolbar} aria-hidden="true">

the name `FakeChordChart` is defined multiple times

Import trace:
  Server Component:
    ./app/music/charts/ChartsPageClient.tsx
    ./app/music/charts/page.tsx @ http://localhost:3000/_next/static/chunks/node_modules_next_dist_f3530cac._.js:3127
[ 1533407ms] [ERROR] ./app/music/charts/ChartsPageClient.tsx:486:10
Ecmascript file had an error
  484 | }
  485 |
> 486 | function FakeBundlePreview({ album }: { album: AlbumResourcePack }) {
      |          ^^^^^^^^^^^^^^^^^
  487 |   return (
  488 |     <div className={styles.bundleMock}>
  489 |       <div className={styles.bundleStack} aria-hidden="true">

the name `FakeBundlePreview` is defined multiple times

Import trace:
  Server Component:
    ./app/music/charts/ChartsPageClient.tsx
    ./app/music/charts/page.tsx @ http://localhost:3000/_next/static/chunks/node_modules_next_dist_f3530cac._.js:3127
[ 1533407ms] [ERROR] ./app/music/charts/ChartsPageClient.tsx:447:10
Ecmascript file had an error
  445 | }
  446 |
> 447 | function FakeChordChart({ title, selectedKey }: { title: string; selectedKey: string }) {
      |          ^^^^^^^^^^^^^^
  448 |   return (
  449 |     <div className={styles.pdfMock}>
  450 |       <div className={styles.pdfToolbar} aria-hidden="true">

the name `FakeChordChart` is defined multiple times

Import trace:
  Server Component:
    ./app/music/charts/ChartsPageClient.tsx
    ./app/music/charts/page.tsx @ http://localhost:3000/_next/static/chunks/node_modules_next_dist_f3530cac._.js:3127
[ 1533482ms] [ERROR] ./app/music/charts/ChartsPageClient.tsx:486:10
Ecmascript file had an error
  484 | }
  485 |
> 486 | function FakeBundlePreview({ album }: { album: AlbumResourcePack }) {
      |          ^^^^^^^^^^^^^^^^^
  487 |   return (
  488 |     <div className={styles.bundleMock}>
  489 |       <div className={styles.bundleStack} aria-hidden="true">

the name `FakeBundlePreview` is defined multiple times

Import trace:
  Server Component:
    ./app/music/charts/ChartsPageClient.tsx
    ./app/music/charts/page.tsx @ http://localhost:3000/_next/static/chunks/node_modules_next_dist_f3530cac._.js:3127
[ 1533483ms] [ERROR] ./app/music/charts/ChartsPageClient.tsx:447:10
Ecmascript file had an error
  445 | }
  446 |
> 447 | function FakeChordChart({ title, selectedKey }: { title: string; selectedKey: string }) {
      |          ^^^^^^^^^^^^^^
  448 |   return (
  449 |     <div className={styles.pdfMock}>
  450 |       <div className={styles.pdfToolbar} aria-hidden="true">

the name `FakeChordChart` is defined multiple times

Import trace:
  Server Component:
    ./app/music/charts/ChartsPageClient.tsx
    ./app/music/charts/page.tsx @ http://localhost:3000/_next/static/chunks/node_modules_next_dist_f3530cac._.js:3127
[ 1533543ms] [ERROR] ./app/music/charts/ChartsPageClient.tsx:486:10
Ecmascript file had an error
  484 | }
  485 |
> 486 | function FakeBundlePreview({ album }: { album: AlbumResourcePack }) {
      |          ^^^^^^^^^^^^^^^^^
  487 |   return (
  488 |     <div className={styles.bundleMock}>
  489 |       <div className={styles.bundleStack} aria-hidden="true">

the name `FakeBundlePreview` is defined multiple times

Import trace:
  Server Component:
    ./app/music/charts/ChartsPageClient.tsx
    ./app/music/charts/page.tsx @ http://localhost:3000/_next/static/chunks/node_modules_next_dist_f3530cac._.js:3127
[ 1533543ms] [ERROR] ./app/music/charts/ChartsPageClient.tsx:447:10
Ecmascript file had an error
  445 | }
  446 |
> 447 | function FakeChordChart({ title, selectedKey }: { title: string; selectedKey: string }) {
      |          ^^^^^^^^^^^^^^
  448 |   return (
  449 |     <div className={styles.pdfMock}>
  450 |       <div className={styles.pdfToolbar} aria-hidden="true">

the name `FakeChordChart` is defined multiple times

Import trace:
  Server Component:
    ./app/music/charts/ChartsPageClient.tsx
    ./app/music/charts/page.tsx @ http://localhost:3000/_next/static/chunks/node_modules_next_dist_f3530cac._.js:3127
[ 1533603ms] [ERROR] ./app/music/charts/ChartsPageClient.tsx:486:10
Ecmascript file had an error
  484 | }
  485 |
> 486 | function FakeBundlePreview({ album }: { album: AlbumResourcePack }) {
      |          ^^^^^^^^^^^^^^^^^
  487 |   return (
  488 |     <div className={styles.bundleMock}>
  489 |       <div className={styles.bundleStack} aria-hidden="true">

the name `FakeBundlePreview` is defined multiple times

Import trace:
  Server Component:
    ./app/music/charts/ChartsPageClient.tsx
    ./app/music/charts/page.tsx @ http://localhost:3000/_next/static/chunks/node_modules_next_dist_f3530cac._.js:3127
[ 1533603ms] [ERROR] ./app/music/charts/ChartsPageClient.tsx:447:10
Ecmascript file had an error
  445 | }
  446 |
> 447 | function FakeChordChart({ title, selectedKey }: { title: string; selectedKey: string }) {
      |          ^^^^^^^^^^^^^^
  448 |   return (
  449 |     <div className={styles.pdfMock}>
  450 |       <div className={styles.pdfToolbar} aria-hidden="true">

the name `FakeChordChart` is defined multiple times

Import trace:
  Server Component:
    ./app/music/charts/ChartsPageClient.tsx
    ./app/music/charts/page.tsx @ http://localhost:3000/_next/static/chunks/node_modules_next_dist_f3530cac._.js:3127
[ 1533666ms] [ERROR] ./app/music/charts/ChartsPageClient.tsx:486:10
Ecmascript file had an error
  484 | }
  485 |
> 486 | function FakeBundlePreview({ album }: { album: AlbumResourcePack }) {
      |          ^^^^^^^^^^^^^^^^^
  487 |   return (
  488 |     <div className={styles.bundleMock}>
  489 |       <div className={styles.bundleStack} aria-hidden="true">

the name `FakeBundlePreview` is defined multiple times

Import trace:
  Server Component:
    ./app/music/charts/ChartsPageClient.tsx
    ./app/music/charts/page.tsx @ http://localhost:3000/_next/static/chunks/node_modules_next_dist_f3530cac._.js:3127
[ 1533667ms] [ERROR] ./app/music/charts/ChartsPageClient.tsx:447:10
Ecmascript file had an error
  445 | }
  446 |
> 447 | function FakeChordChart({ title, selectedKey }: { title: string; selectedKey: string }) {
      |          ^^^^^^^^^^^^^^
  448 |   return (
  449 |     <div className={styles.pdfMock}>
  450 |       <div className={styles.pdfToolbar} aria-hidden="true">

the name `FakeChordChart` is defined multiple times

Import trace:
  Server Component:
    ./app/music/charts/ChartsPageClient.tsx
    ./app/music/charts/page.tsx @ http://localhost:3000/_next/static/chunks/node_modules_next_dist_f3530cac._.js:3127
[ 1533729ms] [ERROR] ./app/music/charts/ChartsPageClient.tsx:486:10
Ecmascript file had an error
  484 | }
  485 |
> 486 | function FakeBundlePreview({ album }: { album: AlbumResourcePack }) {
      |          ^^^^^^^^^^^^^^^^^
  487 |   return (
  488 |     <div className={styles.bundleMock}>
  489 |       <div className={styles.bundleStack} aria-hidden="true">

the name `FakeBundlePreview` is defined multiple times

Import trace:
  Server Component:
    ./app/music/charts/ChartsPageClient.tsx
    ./app/music/charts/page.tsx @ http://localhost:3000/_next/static/chunks/node_modules_next_dist_f3530cac._.js:3127
[ 1533729ms] [ERROR] ./app/music/charts/ChartsPageClient.tsx:447:10
Ecmascript file had an error
  445 | }
  446 |
> 447 | function FakeChordChart({ title, selectedKey }: { title: string; selectedKey: string }) {
      |          ^^^^^^^^^^^^^^
  448 |   return (
  449 |     <div className={styles.pdfMock}>
  450 |       <div className={styles.pdfToolbar} aria-hidden="true">

the name `FakeChordChart` is defined multiple times

Import trace:
  Server Component:
    ./app/music/charts/ChartsPageClient.tsx
    ./app/music/charts/page.tsx @ http://localhost:3000/_next/static/chunks/node_modules_next_dist_f3530cac._.js:3127
[ 1533790ms] [ERROR] ./app/music/charts/ChartsPageClient.tsx:486:10
Ecmascript file had an error
  484 | }
  485 |
> 486 | function FakeBundlePreview({ album }: { album: AlbumResourcePack }) {
      |          ^^^^^^^^^^^^^^^^^
  487 |   return (
  488 |     <div className={styles.bundleMock}>
  489 |       <div className={styles.bundleStack} aria-hidden="true">

the name `FakeBundlePreview` is defined multiple times

Import trace:
  Server Component:
    ./app/music/charts/ChartsPageClient.tsx
    ./app/music/charts/page.tsx @ http://localhost:3000/_next/static/chunks/node_modules_next_dist_f3530cac._.js:3127
[ 1533791ms] [ERROR] ./app/music/charts/ChartsPageClient.tsx:447:10
Ecmascript file had an error
  445 | }
  446 |
> 447 | function FakeChordChart({ title, selectedKey }: { title: string; selectedKey: string }) {
      |          ^^^^^^^^^^^^^^
  448 |   return (
  449 |     <div className={styles.pdfMock}>
  450 |       <div className={styles.pdfToolbar} aria-hidden="true">

the name `FakeChordChart` is defined multiple times

Import trace:
  Server Component:
    ./app/music/charts/ChartsPageClient.tsx
    ./app/music/charts/page.tsx @ http://localhost:3000/_next/static/chunks/node_modules_next_dist_f3530cac._.js:3127
[ 1533851ms] [ERROR] ./app/music/charts/ChartsPageClient.tsx:486:10
Ecmascript file had an error
  484 | }
  485 |
> 486 | function FakeBundlePreview({ album }: { album: AlbumResourcePack }) {
      |          ^^^^^^^^^^^^^^^^^
  487 |   return (
  488 |     <div className={styles.bundleMock}>
  489 |       <div className={styles.bundleStack} aria-hidden="true">

the name `FakeBundlePreview` is defined multiple times

Import trace:
  Server Component:
    ./app/music/charts/ChartsPageClient.tsx
    ./app/music/charts/page.tsx @ http://localhost:3000/_next/static/chunks/node_modules_next_dist_f3530cac._.js:3127
[ 1533851ms] [ERROR] ./app/music/charts/ChartsPageClient.tsx:447:10
Ecmascript file had an error
  445 | }
  446 |
> 447 | function FakeChordChart({ title, selectedKey }: { title: string; selectedKey: string }) {
      |          ^^^^^^^^^^^^^^
  448 |   return (
  449 |     <div className={styles.pdfMock}>
  450 |       <div className={styles.pdfToolbar} aria-hidden="true">

the name `FakeChordChart` is defined multiple times

Import trace:
  Server Component:
    ./app/music/charts/ChartsPageClient.tsx
    ./app/music/charts/page.tsx @ http://localhost:3000/_next/static/chunks/node_modules_next_dist_f3530cac._.js:3127
[ 1533915ms] [ERROR] ./app/music/charts/ChartsPageClient.tsx:486:10
Ecmascript file had an error
  484 | }
  485 |
> 486 | function FakeBundlePreview({ album }: { album: AlbumResourcePack }) {
      |          ^^^^^^^^^^^^^^^^^
  487 |   return (
  488 |     <div className={styles.bundleMock}>
  489 |       <div className={styles.bundleStack} aria-hidden="true">

the name `FakeBundlePreview` is defined multiple times

Import trace:
  Server Component:
    ./app/music/charts/ChartsPageClient.tsx
    ./app/music/charts/page.tsx @ http://localhost:3000/_next/static/chunks/node_modules_next_dist_f3530cac._.js:3127
[ 1533915ms] [ERROR] ./app/music/charts/ChartsPageClient.tsx:447:10
Ecmascript file had an error
  445 | }
  446 |
> 447 | function FakeChordChart({ title, selectedKey }: { title: string; selectedKey: string }) {
      |          ^^^^^^^^^^^^^^
  448 |   return (
  449 |     <div className={styles.pdfMock}>
  450 |       <div className={styles.pdfToolbar} aria-hidden="true">

the name `FakeChordChart` is defined multiple times

Import trace:
  Server Component:
    ./app/music/charts/ChartsPageClient.tsx
    ./app/music/charts/page.tsx @ http://localhost:3000/_next/static/chunks/node_modules_next_dist_f3530cac._.js:3127
[ 1533975ms] [ERROR] ./app/music/charts/ChartsPageClient.tsx:486:10
Ecmascript file had an error
  484 | }
  485 |
> 486 | function FakeBundlePreview({ album }: { album: AlbumResourcePack }) {
      |          ^^^^^^^^^^^^^^^^^
  487 |   return (
  488 |     <div className={styles.bundleMock}>
  489 |       <div className={styles.bundleStack} aria-hidden="true">

the name `FakeBundlePreview` is defined multiple times

Import trace:
  Server Component:
    ./app/music/charts/ChartsPageClient.tsx
    ./app/music/charts/page.tsx @ http://localhost:3000/_next/static/chunks/node_modules_next_dist_f3530cac._.js:3127
[ 1533975ms] [ERROR] ./app/music/charts/ChartsPageClient.tsx:447:10
Ecmascript file had an error
  445 | }
  446 |
> 447 | function FakeChordChart({ title, selectedKey }: { title: string; selectedKey: string }) {
      |          ^^^^^^^^^^^^^^
  448 |   return (
  449 |     <div className={styles.pdfMock}>
  450 |       <div className={styles.pdfToolbar} aria-hidden="true">

the name `FakeChordChart` is defined multiple times

Import trace:
  Server Component:
    ./app/music/charts/ChartsPageClient.tsx
    ./app/music/charts/page.tsx @ http://localhost:3000/_next/static/chunks/node_modules_next_dist_f3530cac._.js:3127
[ 1534033ms] [ERROR] ./app/music/charts/ChartsPageClient.tsx:486:10
Ecmascript file had an error
  484 | }
  485 |
> 486 | function FakeBundlePreview({ album }: { album: AlbumResourcePack }) {
      |          ^^^^^^^^^^^^^^^^^
  487 |   return (
  488 |     <div className={styles.bundleMock}>
  489 |       <div className={styles.bundleStack} aria-hidden="true">

the name `FakeBundlePreview` is defined multiple times

Import trace:
  Server Component:
    ./app/music/charts/ChartsPageClient.tsx
    ./app/music/charts/page.tsx @ http://localhost:3000/_next/static/chunks/node_modules_next_dist_f3530cac._.js:3127
[ 1534033ms] [ERROR] ./app/music/charts/ChartsPageClient.tsx:447:10
Ecmascript file had an error
  445 | }
  446 |
> 447 | function FakeChordChart({ title, selectedKey }: { title: string; selectedKey: string }) {
      |          ^^^^^^^^^^^^^^
  448 |   return (
  449 |     <div className={styles.pdfMock}>
  450 |       <div className={styles.pdfToolbar} aria-hidden="true">

the name `FakeChordChart` is defined multiple times

Import trace:
  Server Component:
    ./app/music/charts/ChartsPageClient.tsx
    ./app/music/charts/page.tsx @ http://localhost:3000/_next/static/chunks/node_modules_next_dist_f3530cac._.js:3127
[ 1534097ms] [ERROR] ./app/music/charts/ChartsPageClient.tsx:486:10
Ecmascript file had an error
  484 | }
  485 |
> 486 | function FakeBundlePreview({ album }: { album: AlbumResourcePack }) {
      |          ^^^^^^^^^^^^^^^^^
  487 |   return (
  488 |     <div className={styles.bundleMock}>
  489 |       <div className={styles.bundleStack} aria-hidden="true">

the name `FakeBundlePreview` is defined multiple times

Import trace:
  Server Component:
    ./app/music/charts/ChartsPageClient.tsx
    ./app/music/charts/page.tsx @ http://localhost:3000/_next/static/chunks/node_modules_next_dist_f3530cac._.js:3127
[ 1534097ms] [ERROR] ./app/music/charts/ChartsPageClient.tsx:447:10
Ecmascript file had an error
  445 | }
  446 |
> 447 | function FakeChordChart({ title, selectedKey }: { title: string; selectedKey: string }) {
      |          ^^^^^^^^^^^^^^
  448 |   return (
  449 |     <div className={styles.pdfMock}>
  450 |       <div className={styles.pdfToolbar} aria-hidden="true">

the name `FakeChordChart` is defined multiple times

Import trace:
  Server Component:
    ./app/music/charts/ChartsPageClient.tsx
    ./app/music/charts/page.tsx @ http://localhost:3000/_next/static/chunks/node_modules_next_dist_f3530cac._.js:3127
[ 1534158ms] [ERROR] ./app/music/charts/ChartsPageClient.tsx:486:10
Ecmascript file had an error
  484 | }
  485 |
> 486 | function FakeBundlePreview({ album }: { album: AlbumResourcePack }) {
      |          ^^^^^^^^^^^^^^^^^
  487 |   return (
  488 |     <div className={styles.bundleMock}>
  489 |       <div className={styles.bundleStack} aria-hidden="true">

the name `FakeBundlePreview` is defined multiple times

Import trace:
  Server Component:
    ./app/music/charts/ChartsPageClient.tsx
    ./app/music/charts/page.tsx @ http://localhost:3000/_next/static/chunks/node_modules_next_dist_f3530cac._.js:3127
[ 1534158ms] [ERROR] ./app/music/charts/ChartsPageClient.tsx:447:10
Ecmascript file had an error
  445 | }
  446 |
> 447 | function FakeChordChart({ title, selectedKey }: { title: string; selectedKey: string }) {
      |          ^^^^^^^^^^^^^^
  448 |   return (
  449 |     <div className={styles.pdfMock}>
  450 |       <div className={styles.pdfToolbar} aria-hidden="true">

the name `FakeChordChart` is defined multiple times

Import trace:
  Server Component:
    ./app/music/charts/ChartsPageClient.tsx
    ./app/music/charts/page.tsx @ http://localhost:3000/_next/static/chunks/node_modules_next_dist_f3530cac._.js:3127
[ 1534220ms] [ERROR] ./app/music/charts/ChartsPageClient.tsx:486:10
Ecmascript file had an error
  484 | }
  485 |
> 486 | function FakeBundlePreview({ album }: { album: AlbumResourcePack }) {
      |          ^^^^^^^^^^^^^^^^^
  487 |   return (
  488 |     <div className={styles.bundleMock}>
  489 |       <div className={styles.bundleStack} aria-hidden="true">

the name `FakeBundlePreview` is defined multiple times

Import trace:
  Server Component:
    ./app/music/charts/ChartsPageClient.tsx
    ./app/music/charts/page.tsx @ http://localhost:3000/_next/static/chunks/node_modules_next_dist_f3530cac._.js:3127
[ 1534220ms] [ERROR] ./app/music/charts/ChartsPageClient.tsx:447:10
Ecmascript file had an error
  445 | }
  446 |
> 447 | function FakeChordChart({ title, selectedKey }: { title: string; selectedKey: string }) {
      |          ^^^^^^^^^^^^^^
  448 |   return (
  449 |     <div className={styles.pdfMock}>
  450 |       <div className={styles.pdfToolbar} aria-hidden="true">

the name `FakeChordChart` is defined multiple times

Import trace:
  Server Component:
    ./app/music/charts/ChartsPageClient.tsx
    ./app/music/charts/page.tsx @ http://localhost:3000/_next/static/chunks/node_modules_next_dist_f3530cac._.js:3127
[ 1534283ms] [ERROR] ./app/music/charts/ChartsPageClient.tsx:486:10
Ecmascript file had an error
  484 | }
  485 |
> 486 | function FakeBundlePreview({ album }: { album: AlbumResourcePack }) {
      |          ^^^^^^^^^^^^^^^^^
  487 |   return (
  488 |     <div className={styles.bundleMock}>
  489 |       <div className={styles.bundleStack} aria-hidden="true">

the name `FakeBundlePreview` is defined multiple times

Import trace:
  Server Component:
    ./app/music/charts/ChartsPageClient.tsx
    ./app/music/charts/page.tsx @ http://localhost:3000/_next/static/chunks/node_modules_next_dist_f3530cac._.js:3127
[ 1534283ms] [ERROR] ./app/music/charts/ChartsPageClient.tsx:447:10
Ecmascript file had an error
  445 | }
  446 |
> 447 | function FakeChordChart({ title, selectedKey }: { title: string; selectedKey: string }) {
      |          ^^^^^^^^^^^^^^
  448 |   return (
  449 |     <div className={styles.pdfMock}>
  450 |       <div className={styles.pdfToolbar} aria-hidden="true">

the name `FakeChordChart` is defined multiple times

Import trace:
  Server Component:
    ./app/music/charts/ChartsPageClient.tsx
    ./app/music/charts/page.tsx @ http://localhost:3000/_next/static/chunks/node_modules_next_dist_f3530cac._.js:3127
[ 1534349ms] [ERROR] ./app/music/charts/ChartsPageClient.tsx:486:10
Ecmascript file had an error
  484 | }
  485 |
> 486 | function FakeBundlePreview({ album }: { album: AlbumResourcePack }) {
      |          ^^^^^^^^^^^^^^^^^
  487 |   return (
  488 |     <div className={styles.bundleMock}>
  489 |       <div className={styles.bundleStack} aria-hidden="true">

the name `FakeBundlePreview` is defined multiple times

Import trace:
  Server Component:
    ./app/music/charts/ChartsPageClient.tsx
    ./app/music/charts/page.tsx @ http://localhost:3000/_next/static/chunks/node_modules_next_dist_f3530cac._.js:3127
[ 1534349ms] [ERROR] ./app/music/charts/ChartsPageClient.tsx:447:10
Ecmascript file had an error
  445 | }
  446 |
> 447 | function FakeChordChart({ title, selectedKey }: { title: string; selectedKey: string }) {
      |          ^^^^^^^^^^^^^^
  448 |   return (
  449 |     <div className={styles.pdfMock}>
  450 |       <div className={styles.pdfToolbar} aria-hidden="true">

the name `FakeChordChart` is defined multiple times

Import trace:
  Server Component:
    ./app/music/charts/ChartsPageClient.tsx
    ./app/music/charts/page.tsx @ http://localhost:3000/_next/static/chunks/node_modules_next_dist_f3530cac._.js:3127
[ 1534409ms] [ERROR] ./app/music/charts/ChartsPageClient.tsx:486:10
Ecmascript file had an error
  484 | }
  485 |
> 486 | function FakeBundlePreview({ album }: { album: AlbumResourcePack }) {
      |          ^^^^^^^^^^^^^^^^^
  487 |   return (
  488 |     <div className={styles.bundleMock}>
  489 |       <div className={styles.bundleStack} aria-hidden="true">

the name `FakeBundlePreview` is defined multiple times

Import trace:
  Server Component:
    ./app/music/charts/ChartsPageClient.tsx
    ./app/music/charts/page.tsx @ http://localhost:3000/_next/static/chunks/node_modules_next_dist_f3530cac._.js:3127
[ 1534409ms] [ERROR] ./app/music/charts/ChartsPageClient.tsx:447:10
Ecmascript file had an error
  445 | }
  446 |
> 447 | function FakeChordChart({ title, selectedKey }: { title: string; selectedKey: string }) {
      |          ^^^^^^^^^^^^^^
  448 |   return (
  449 |     <div className={styles.pdfMock}>
  450 |       <div className={styles.pdfToolbar} aria-hidden="true">

the name `FakeChordChart` is defined multiple times

Import trace:
  Server Component:
    ./app/music/charts/ChartsPageClient.tsx
    ./app/music/charts/page.tsx @ http://localhost:3000/_next/static/chunks/node_modules_next_dist_f3530cac._.js:3127
[ 1534473ms] [ERROR] ./app/music/charts/ChartsPageClient.tsx:486:10
Ecmascript file had an error
  484 | }
  485 |
> 486 | function FakeBundlePreview({ album }: { album: AlbumResourcePack }) {
      |          ^^^^^^^^^^^^^^^^^
  487 |   return (
  488 |     <div className={styles.bundleMock}>
  489 |       <div className={styles.bundleStack} aria-hidden="true">

the name `FakeBundlePreview` is defined multiple times

Import trace:
  Server Component:
    ./app/music/charts/ChartsPageClient.tsx
    ./app/music/charts/page.tsx @ http://localhost:3000/_next/static/chunks/node_modules_next_dist_f3530cac._.js:3127
[ 1534474ms] [ERROR] ./app/music/charts/ChartsPageClient.tsx:447:10
Ecmascript file had an error
  445 | }
  446 |
> 447 | function FakeChordChart({ title, selectedKey }: { title: string; selectedKey: string }) {
      |          ^^^^^^^^^^^^^^
  448 |   return (
  449 |     <div className={styles.pdfMock}>
  450 |       <div className={styles.pdfToolbar} aria-hidden="true">

the name `FakeChordChart` is defined multiple times

Import trace:
  Server Component:
    ./app/music/charts/ChartsPageClient.tsx
    ./app/music/charts/page.tsx @ http://localhost:3000/_next/static/chunks/node_modules_next_dist_f3530cac._.js:3127
[ 1534539ms] [ERROR] ./app/music/charts/ChartsPageClient.tsx:486:10
Ecmascript file had an error
  484 | }
  485 |
> 486 | function FakeBundlePreview({ album }: { album: AlbumResourcePack }) {
      |          ^^^^^^^^^^^^^^^^^
  487 |   return (
  488 |     <div className={styles.bundleMock}>
  489 |       <div className={styles.bundleStack} aria-hidden="true">

the name `FakeBundlePreview` is defined multiple times

Import trace:
  Server Component:
    ./app/music/charts/ChartsPageClient.tsx
    ./app/music/charts/page.tsx @ http://localhost:3000/_next/static/chunks/node_modules_next_dist_f3530cac._.js:3127
[ 1534539ms] [ERROR] ./app/music/charts/ChartsPageClient.tsx:447:10
Ecmascript file had an error
  445 | }
  446 |
> 447 | function FakeChordChart({ title, selectedKey }: { title: string; selectedKey: string }) {
      |          ^^^^^^^^^^^^^^
  448 |   return (
  449 |     <div className={styles.pdfMock}>
  450 |       <div className={styles.pdfToolbar} aria-hidden="true">

the name `FakeChordChart` is defined multiple times

Import trace:
  Server Component:
    ./app/music/charts/ChartsPageClient.tsx
    ./app/music/charts/page.tsx @ http://localhost:3000/_next/static/chunks/node_modules_next_dist_f3530cac._.js:3127
[ 1534599ms] [ERROR] ./app/music/charts/ChartsPageClient.tsx:486:10
Ecmascript file had an error
  484 | }
  485 |
> 486 | function FakeBundlePreview({ album }: { album: AlbumResourcePack }) {
      |          ^^^^^^^^^^^^^^^^^
  487 |   return (
  488 |     <div className={styles.bundleMock}>
  489 |       <div className={styles.bundleStack} aria-hidden="true">

the name `FakeBundlePreview` is defined multiple times

Import trace:
  Server Component:
    ./app/music/charts/ChartsPageClient.tsx
    ./app/music/charts/page.tsx @ http://localhost:3000/_next/static/chunks/node_modules_next_dist_f3530cac._.js:3127
[ 1534599ms] [ERROR] ./app/music/charts/ChartsPageClient.tsx:447:10
Ecmascript file had an error
  445 | }
  446 |
> 447 | function FakeChordChart({ title, selectedKey }: { title: string; selectedKey: string }) {
      |          ^^^^^^^^^^^^^^
  448 |   return (
  449 |     <div className={styles.pdfMock}>
  450 |       <div className={styles.pdfToolbar} aria-hidden="true">

the name `FakeChordChart` is defined multiple times

Import trace:
  Server Component:
    ./app/music/charts/ChartsPageClient.tsx
    ./app/music/charts/page.tsx @ http://localhost:3000/_next/static/chunks/node_modules_next_dist_f3530cac._.js:3127
[ 1534662ms] [ERROR] ./app/music/charts/ChartsPageClient.tsx:486:10
Ecmascript file had an error
  484 | }
  485 |
> 486 | function FakeBundlePreview({ album }: { album: AlbumResourcePack }) {
      |          ^^^^^^^^^^^^^^^^^
  487 |   return (
  488 |     <div className={styles.bundleMock}>
  489 |       <div className={styles.bundleStack} aria-hidden="true">

the name `FakeBundlePreview` is defined multiple times

Import trace:
  Server Component:
    ./app/music/charts/ChartsPageClient.tsx
    ./app/music/charts/page.tsx @ http://localhost:3000/_next/static/chunks/node_modules_next_dist_f3530cac._.js:3127
[ 1534663ms] [ERROR] ./app/music/charts/ChartsPageClient.tsx:447:10
Ecmascript file had an error
  445 | }
  446 |
> 447 | function FakeChordChart({ title, selectedKey }: { title: string; selectedKey: string }) {
      |          ^^^^^^^^^^^^^^
  448 |   return (
  449 |     <div className={styles.pdfMock}>
  450 |       <div className={styles.pdfToolbar} aria-hidden="true">

the name `FakeChordChart` is defined multiple times

Import trace:
  Server Component:
    ./app/music/charts/ChartsPageClient.tsx
    ./app/music/charts/page.tsx @ http://localhost:3000/_next/static/chunks/node_modules_next_dist_f3530cac._.js:3127
[ 1534725ms] [ERROR] ./app/music/charts/ChartsPageClient.tsx:486:10
Ecmascript file had an error
  484 | }
  485 |
> 486 | function FakeBundlePreview({ album }: { album: AlbumResourcePack }) {
      |          ^^^^^^^^^^^^^^^^^
  487 |   return (
  488 |     <div className={styles.bundleMock}>
  489 |       <div className={styles.bundleStack} aria-hidden="true">

the name `FakeBundlePreview` is defined multiple times

Import trace:
  Server Component:
    ./app/music/charts/ChartsPageClient.tsx
    ./app/music/charts/page.tsx @ http://localhost:3000/_next/static/chunks/node_modules_next_dist_f3530cac._.js:3127
[ 1534726ms] [ERROR] ./app/music/charts/ChartsPageClient.tsx:447:10
Ecmascript file had an error
  445 | }
  446 |
> 447 | function FakeChordChart({ title, selectedKey }: { title: string; selectedKey: string }) {
      |          ^^^^^^^^^^^^^^
  448 |   return (
  449 |     <div className={styles.pdfMock}>
  450 |       <div className={styles.pdfToolbar} aria-hidden="true">

the name `FakeChordChart` is defined multiple times

Import trace:
  Server Component:
    ./app/music/charts/ChartsPageClient.tsx
    ./app/music/charts/page.tsx @ http://localhost:3000/_next/static/chunks/node_modules_next_dist_f3530cac._.js:3127
[ 1534789ms] [ERROR] ./app/music/charts/ChartsPageClient.tsx:486:10
Ecmascript file had an error
  484 | }
  485 |
> 486 | function FakeBundlePreview({ album }: { album: AlbumResourcePack }) {
      |          ^^^^^^^^^^^^^^^^^
  487 |   return (
  488 |     <div className={styles.bundleMock}>
  489 |       <div className={styles.bundleStack} aria-hidden="true">

the name `FakeBundlePreview` is defined multiple times

Import trace:
  Server Component:
    ./app/music/charts/ChartsPageClient.tsx
    ./app/music/charts/page.tsx @ http://localhost:3000/_next/static/chunks/node_modules_next_dist_f3530cac._.js:3127
[ 1534789ms] [ERROR] ./app/music/charts/ChartsPageClient.tsx:447:10
Ecmascript file had an error
  445 | }
  446 |
> 447 | function FakeChordChart({ title, selectedKey }: { title: string; selectedKey: string }) {
      |          ^^^^^^^^^^^^^^
  448 |   return (
  449 |     <div className={styles.pdfMock}>
  450 |       <div className={styles.pdfToolbar} aria-hidden="true">

the name `FakeChordChart` is defined multiple times

Import trace:
  Server Component:
    ./app/music/charts/ChartsPageClient.tsx
    ./app/music/charts/page.tsx @ http://localhost:3000/_next/static/chunks/node_modules_next_dist_f3530cac._.js:3127
[ 1534852ms] [ERROR] ./app/music/charts/ChartsPageClient.tsx:486:10
Ecmascript file had an error
  484 | }
  485 |
> 486 | function FakeBundlePreview({ album }: { album: AlbumResourcePack }) {
      |          ^^^^^^^^^^^^^^^^^
  487 |   return (
  488 |     <div className={styles.bundleMock}>
  489 |       <div className={styles.bundleStack} aria-hidden="true">

the name `FakeBundlePreview` is defined multiple times

Import trace:
  Server Component:
    ./app/music/charts/ChartsPageClient.tsx
    ./app/music/charts/page.tsx @ http://localhost:3000/_next/static/chunks/node_modules_next_dist_f3530cac._.js:3127
[ 1534853ms] [ERROR] ./app/music/charts/ChartsPageClient.tsx:447:10
Ecmascript file had an error
  445 | }
  446 |
> 447 | function FakeChordChart({ title, selectedKey }: { title: string; selectedKey: string }) {
      |          ^^^^^^^^^^^^^^
  448 |   return (
  449 |     <div className={styles.pdfMock}>
  450 |       <div className={styles.pdfToolbar} aria-hidden="true">

the name `FakeChordChart` is defined multiple times

Import trace:
  Server Component:
    ./app/music/charts/ChartsPageClient.tsx
    ./app/music/charts/page.tsx @ http://localhost:3000/_next/static/chunks/node_modules_next_dist_f3530cac._.js:3127
[ 1534912ms] [ERROR] ./app/music/charts/ChartsPageClient.tsx:486:10
Ecmascript file had an error
  484 | }
  485 |
> 486 | function FakeBundlePreview({ album }: { album: AlbumResourcePack }) {
      |          ^^^^^^^^^^^^^^^^^
  487 |   return (
  488 |     <div className={styles.bundleMock}>
  489 |       <div className={styles.bundleStack} aria-hidden="true">

the name `FakeBundlePreview` is defined multiple times

Import trace:
  Server Component:
    ./app/music/charts/ChartsPageClient.tsx
    ./app/music/charts/page.tsx @ http://localhost:3000/_next/static/chunks/node_modules_next_dist_f3530cac._.js:3127
[ 1534912ms] [ERROR] ./app/music/charts/ChartsPageClient.tsx:447:10
Ecmascript file had an error
  445 | }
  446 |
> 447 | function FakeChordChart({ title, selectedKey }: { title: string; selectedKey: string }) {
      |          ^^^^^^^^^^^^^^
  448 |   return (
  449 |     <div className={styles.pdfMock}>
  450 |       <div className={styles.pdfToolbar} aria-hidden="true">

the name `FakeChordChart` is defined multiple times

Import trace:
  Server Component:
    ./app/music/charts/ChartsPageClient.tsx
    ./app/music/charts/page.tsx @ http://localhost:3000/_next/static/chunks/node_modules_next_dist_f3530cac._.js:3127
[ 1534976ms] [ERROR] ./app/music/charts/ChartsPageClient.tsx:486:10
Ecmascript file had an error
  484 | }
  485 |
> 486 | function FakeBundlePreview({ album }: { album: AlbumResourcePack }) {
      |          ^^^^^^^^^^^^^^^^^
  487 |   return (
  488 |     <div className={styles.bundleMock}>
  489 |       <div className={styles.bundleStack} aria-hidden="true">

the name `FakeBundlePreview` is defined multiple times

Import trace:
  Server Component:
    ./app/music/charts/ChartsPageClient.tsx
    ./app/music/charts/page.tsx @ http://localhost:3000/_next/static/chunks/node_modules_next_dist_f3530cac._.js:3127
[ 1534976ms] [ERROR] ./app/music/charts/ChartsPageClient.tsx:447:10
Ecmascript file had an error
  445 | }
  446 |
> 447 | function FakeChordChart({ title, selectedKey }: { title: string; selectedKey: string }) {
      |          ^^^^^^^^^^^^^^
  448 |   return (
  449 |     <div className={styles.pdfMock}>
  450 |       <div className={styles.pdfToolbar} aria-hidden="true">

the name `FakeChordChart` is defined multiple times

Import trace:
  Server Component:
    ./app/music/charts/ChartsPageClient.tsx
    ./app/music/charts/page.tsx @ http://localhost:3000/_next/static/chunks/node_modules_next_dist_f3530cac._.js:3127
[ 1535037ms] [ERROR] ./app/music/charts/ChartsPageClient.tsx:486:10
Ecmascript file had an error
  484 | }
  485 |
> 486 | function FakeBundlePreview({ album }: { album: AlbumResourcePack }) {
      |          ^^^^^^^^^^^^^^^^^
  487 |   return (
  488 |     <div className={styles.bundleMock}>
  489 |       <div className={styles.bundleStack} aria-hidden="true">

the name `FakeBundlePreview` is defined multiple times

Import trace:
  Server Component:
    ./app/music/charts/ChartsPageClient.tsx
    ./app/music/charts/page.tsx @ http://localhost:3000/_next/static/chunks/node_modules_next_dist_f3530cac._.js:3127
[ 1535037ms] [ERROR] ./app/music/charts/ChartsPageClient.tsx:447:10
Ecmascript file had an error
  445 | }
  446 |
> 447 | function FakeChordChart({ title, selectedKey }: { title: string; selectedKey: string }) {
      |          ^^^^^^^^^^^^^^
  448 |   return (
  449 |     <div className={styles.pdfMock}>
  450 |       <div className={styles.pdfToolbar} aria-hidden="true">

the name `FakeChordChart` is defined multiple times

Import trace:
  Server Component:
    ./app/music/charts/ChartsPageClient.tsx
    ./app/music/charts/page.tsx @ http://localhost:3000/_next/static/chunks/node_modules_next_dist_f3530cac._.js:3127
[ 1535100ms] [ERROR] ./app/music/charts/ChartsPageClient.tsx:486:10
Ecmascript file had an error
  484 | }
  485 |
> 486 | function FakeBundlePreview({ album }: { album: AlbumResourcePack }) {
      |          ^^^^^^^^^^^^^^^^^
  487 |   return (
  488 |     <div className={styles.bundleMock}>
  489 |       <div className={styles.bundleStack} aria-hidden="true">

the name `FakeBundlePreview` is defined multiple times

Import trace:
  Server Component:
    ./app/music/charts/ChartsPageClient.tsx
    ./app/music/charts/page.tsx @ http://localhost:3000/_next/static/chunks/node_modules_next_dist_f3530cac._.js:3127
[ 1535100ms] [ERROR] ./app/music/charts/ChartsPageClient.tsx:447:10
Ecmascript file had an error
  445 | }
  446 |
> 447 | function FakeChordChart({ title, selectedKey }: { title: string; selectedKey: string }) {
      |          ^^^^^^^^^^^^^^
  448 |   return (
  449 |     <div className={styles.pdfMock}>
  450 |       <div className={styles.pdfToolbar} aria-hidden="true">

the name `FakeChordChart` is defined multiple times

Import trace:
  Server Component:
    ./app/music/charts/ChartsPageClient.tsx
    ./app/music/charts/page.tsx @ http://localhost:3000/_next/static/chunks/node_modules_next_dist_f3530cac._.js:3127
[ 1535158ms] [ERROR] ./app/music/charts/ChartsPageClient.tsx:486:10
Ecmascript file had an error
  484 | }
  485 |
> 486 | function FakeBundlePreview({ album }: { album: AlbumResourcePack }) {
      |          ^^^^^^^^^^^^^^^^^
  487 |   return (
  488 |     <div className={styles.bundleMock}>
  489 |       <div className={styles.bundleStack} aria-hidden="true">

the name `FakeBundlePreview` is defined multiple times

Import trace:
  Server Component:
    ./app/music/charts/ChartsPageClient.tsx
    ./app/music/charts/page.tsx @ http://localhost:3000/_next/static/chunks/node_modules_next_dist_f3530cac._.js:3127
[ 1535159ms] [ERROR] ./app/music/charts/ChartsPageClient.tsx:447:10
Ecmascript file had an error
  445 | }
  446 |
> 447 | function FakeChordChart({ title, selectedKey }: { title: string; selectedKey: string }) {
      |          ^^^^^^^^^^^^^^
  448 |   return (
  449 |     <div className={styles.pdfMock}>
  450 |       <div className={styles.pdfToolbar} aria-hidden="true">

the name `FakeChordChart` is defined multiple times

Import trace:
  Server Component:
    ./app/music/charts/ChartsPageClient.tsx
    ./app/music/charts/page.tsx @ http://localhost:3000/_next/static/chunks/node_modules_next_dist_f3530cac._.js:3127
[ 1535220ms] [ERROR] ./app/music/charts/ChartsPageClient.tsx:486:10
Ecmascript file had an error
  484 | }
  485 |
> 486 | function FakeBundlePreview({ album }: { album: AlbumResourcePack }) {
      |          ^^^^^^^^^^^^^^^^^
  487 |   return (
  488 |     <div className={styles.bundleMock}>
  489 |       <div className={styles.bundleStack} aria-hidden="true">

the name `FakeBundlePreview` is defined multiple times

Import trace:
  Server Component:
    ./app/music/charts/ChartsPageClient.tsx
    ./app/music/charts/page.tsx @ http://localhost:3000/_next/static/chunks/node_modules_next_dist_f3530cac._.js:3127
[ 1535220ms] [ERROR] ./app/music/charts/ChartsPageClient.tsx:447:10
Ecmascript file had an error
  445 | }
  446 |
> 447 | function FakeChordChart({ title, selectedKey }: { title: string; selectedKey: string }) {
      |          ^^^^^^^^^^^^^^
  448 |   return (
  449 |     <div className={styles.pdfMock}>
  450 |       <div className={styles.pdfToolbar} aria-hidden="true">

the name `FakeChordChart` is defined multiple times

Import trace:
  Server Component:
    ./app/music/charts/ChartsPageClient.tsx
    ./app/music/charts/page.tsx @ http://localhost:3000/_next/static/chunks/node_modules_next_dist_f3530cac._.js:3127
[ 1535284ms] [ERROR] ./app/music/charts/ChartsPageClient.tsx:486:10
Ecmascript file had an error
  484 | }
  485 |
> 486 | function FakeBundlePreview({ album }: { album: AlbumResourcePack }) {
      |          ^^^^^^^^^^^^^^^^^
  487 |   return (
  488 |     <div className={styles.bundleMock}>
  489 |       <div className={styles.bundleStack} aria-hidden="true">

the name `FakeBundlePreview` is defined multiple times

Import trace:
  Server Component:
    ./app/music/charts/ChartsPageClient.tsx
    ./app/music/charts/page.tsx @ http://localhost:3000/_next/static/chunks/node_modules_next_dist_f3530cac._.js:3127
[ 1535284ms] [ERROR] ./app/music/charts/ChartsPageClient.tsx:447:10
Ecmascript file had an error
  445 | }
  446 |
> 447 | function FakeChordChart({ title, selectedKey }: { title: string; selectedKey: string }) {
      |          ^^^^^^^^^^^^^^
  448 |   return (
  449 |     <div className={styles.pdfMock}>
  450 |       <div className={styles.pdfToolbar} aria-hidden="true">

the name `FakeChordChart` is defined multiple times

Import trace:
  Server Component:
    ./app/music/charts/ChartsPageClient.tsx
    ./app/music/charts/page.tsx @ http://localhost:3000/_next/static/chunks/node_modules_next_dist_f3530cac._.js:3127
[ 1535344ms] [ERROR] ./app/music/charts/ChartsPageClient.tsx:486:10
Ecmascript file had an error
  484 | }
  485 |
> 486 | function FakeBundlePreview({ album }: { album: AlbumResourcePack }) {
      |          ^^^^^^^^^^^^^^^^^
  487 |   return (
  488 |     <div className={styles.bundleMock}>
  489 |       <div className={styles.bundleStack} aria-hidden="true">

the name `FakeBundlePreview` is defined multiple times

Import trace:
  Server Component:
    ./app/music/charts/ChartsPageClient.tsx
    ./app/music/charts/page.tsx @ http://localhost:3000/_next/static/chunks/node_modules_next_dist_f3530cac._.js:3127
[ 1535344ms] [ERROR] ./app/music/charts/ChartsPageClient.tsx:447:10
Ecmascript file had an error
  445 | }
  446 |
> 447 | function FakeChordChart({ title, selectedKey }: { title: string; selectedKey: string }) {
      |          ^^^^^^^^^^^^^^
  448 |   return (
  449 |     <div className={styles.pdfMock}>
  450 |       <div className={styles.pdfToolbar} aria-hidden="true">

the name `FakeChordChart` is defined multiple times

Import trace:
  Server Component:
    ./app/music/charts/ChartsPageClient.tsx
    ./app/music/charts/page.tsx @ http://localhost:3000/_next/static/chunks/node_modules_next_dist_f3530cac._.js:3127
[ 1535408ms] [ERROR] ./app/music/charts/ChartsPageClient.tsx:486:10
Ecmascript file had an error
  484 | }
  485 |
> 486 | function FakeBundlePreview({ album }: { album: AlbumResourcePack }) {
      |          ^^^^^^^^^^^^^^^^^
  487 |   return (
  488 |     <div className={styles.bundleMock}>
  489 |       <div className={styles.bundleStack} aria-hidden="true">

the name `FakeBundlePreview` is defined multiple times

Import trace:
  Server Component:
    ./app/music/charts/ChartsPageClient.tsx
    ./app/music/charts/page.tsx @ http://localhost:3000/_next/static/chunks/node_modules_next_dist_f3530cac._.js:3127
[ 1535408ms] [ERROR] ./app/music/charts/ChartsPageClient.tsx:447:10
Ecmascript file had an error
  445 | }
  446 |
> 447 | function FakeChordChart({ title, selectedKey }: { title: string; selectedKey: string }) {
      |          ^^^^^^^^^^^^^^
  448 |   return (
  449 |     <div className={styles.pdfMock}>
  450 |       <div className={styles.pdfToolbar} aria-hidden="true">

the name `FakeChordChart` is defined multiple times

Import trace:
  Server Component:
    ./app/music/charts/ChartsPageClient.tsx
    ./app/music/charts/page.tsx @ http://localhost:3000/_next/static/chunks/node_modules_next_dist_f3530cac._.js:3127
[ 1535470ms] [ERROR] ./app/music/charts/ChartsPageClient.tsx:486:10
Ecmascript file had an error
  484 | }
  485 |
> 486 | function FakeBundlePreview({ album }: { album: AlbumResourcePack }) {
      |          ^^^^^^^^^^^^^^^^^
  487 |   return (
  488 |     <div className={styles.bundleMock}>
  489 |       <div className={styles.bundleStack} aria-hidden="true">

the name `FakeBundlePreview` is defined multiple times

Import trace:
  Server Component:
    ./app/music/charts/ChartsPageClient.tsx
    ./app/music/charts/page.tsx @ http://localhost:3000/_next/static/chunks/node_modules_next_dist_f3530cac._.js:3127
[ 1535470ms] [ERROR] ./app/music/charts/ChartsPageClient.tsx:447:10
Ecmascript file had an error
  445 | }
  446 |
> 447 | function FakeChordChart({ title, selectedKey }: { title: string; selectedKey: string }) {
      |          ^^^^^^^^^^^^^^
  448 |   return (
  449 |     <div className={styles.pdfMock}>
  450 |       <div className={styles.pdfToolbar} aria-hidden="true">

the name `FakeChordChart` is defined multiple times

Import trace:
  Server Component:
    ./app/music/charts/ChartsPageClient.tsx
    ./app/music/charts/page.tsx @ http://localhost:3000/_next/static/chunks/node_modules_next_dist_f3530cac._.js:3127
[ 1535533ms] [ERROR] ./app/music/charts/ChartsPageClient.tsx:486:10
Ecmascript file had an error
  484 | }
  485 |
> 486 | function FakeBundlePreview({ album }: { album: AlbumResourcePack }) {
      |          ^^^^^^^^^^^^^^^^^
  487 |   return (
  488 |     <div className={styles.bundleMock}>
  489 |       <div className={styles.bundleStack} aria-hidden="true">

the name `FakeBundlePreview` is defined multiple times

Import trace:
  Server Component:
    ./app/music/charts/ChartsPageClient.tsx
    ./app/music/charts/page.tsx @ http://localhost:3000/_next/static/chunks/node_modules_next_dist_f3530cac._.js:3127
[ 1535533ms] [ERROR] ./app/music/charts/ChartsPageClient.tsx:447:10
Ecmascript file had an error
  445 | }
  446 |
> 447 | function FakeChordChart({ title, selectedKey }: { title: string; selectedKey: string }) {
      |          ^^^^^^^^^^^^^^
  448 |   return (
  449 |     <div className={styles.pdfMock}>
  450 |       <div className={styles.pdfToolbar} aria-hidden="true">

the name `FakeChordChart` is defined multiple times

Import trace:
  Server Component:
    ./app/music/charts/ChartsPageClient.tsx
    ./app/music/charts/page.tsx @ http://localhost:3000/_next/static/chunks/node_modules_next_dist_f3530cac._.js:3127
[ 1535595ms] [ERROR] ./app/music/charts/ChartsPageClient.tsx:486:10
Ecmascript file had an error
  484 | }
  485 |
> 486 | function FakeBundlePreview({ album }: { album: AlbumResourcePack }) {
      |          ^^^^^^^^^^^^^^^^^
  487 |   return (
  488 |     <div className={styles.bundleMock}>
  489 |       <div className={styles.bundleStack} aria-hidden="true">

the name `FakeBundlePreview` is defined multiple times

Import trace:
  Server Component:
    ./app/music/charts/ChartsPageClient.tsx
    ./app/music/charts/page.tsx @ http://localhost:3000/_next/static/chunks/node_modules_next_dist_f3530cac._.js:3127
[ 1535595ms] [ERROR] ./app/music/charts/ChartsPageClient.tsx:447:10
Ecmascript file had an error
  445 | }
  446 |
> 447 | function FakeChordChart({ title, selectedKey }: { title: string; selectedKey: string }) {
      |          ^^^^^^^^^^^^^^
  448 |   return (
  449 |     <div className={styles.pdfMock}>
  450 |       <div className={styles.pdfToolbar} aria-hidden="true">

the name `FakeChordChart` is defined multiple times

Import trace:
  Server Component:
    ./app/music/charts/ChartsPageClient.tsx
    ./app/music/charts/page.tsx @ http://localhost:3000/_next/static/chunks/node_modules_next_dist_f3530cac._.js:3127
[ 1535659ms] [ERROR] ./app/music/charts/ChartsPageClient.tsx:486:10
Ecmascript file had an error
  484 | }
  485 |
> 486 | function FakeBundlePreview({ album }: { album: AlbumResourcePack }) {
      |          ^^^^^^^^^^^^^^^^^
  487 |   return (
  488 |     <div className={styles.bundleMock}>
  489 |       <div className={styles.bundleStack} aria-hidden="true">

the name `FakeBundlePreview` is defined multiple times

Import trace:
  Server Component:
    ./app/music/charts/ChartsPageClient.tsx
    ./app/music/charts/page.tsx @ http://localhost:3000/_next/static/chunks/node_modules_next_dist_f3530cac._.js:3127
[ 1535660ms] [ERROR] ./app/music/charts/ChartsPageClient.tsx:447:10
Ecmascript file had an error
  445 | }
  446 |
> 447 | function FakeChordChart({ title, selectedKey }: { title: string; selectedKey: string }) {
      |          ^^^^^^^^^^^^^^
  448 |   return (
  449 |     <div className={styles.pdfMock}>
  450 |       <div className={styles.pdfToolbar} aria-hidden="true">

the name `FakeChordChart` is defined multiple times

Import trace:
  Server Component:
    ./app/music/charts/ChartsPageClient.tsx
    ./app/music/charts/page.tsx @ http://localhost:3000/_next/static/chunks/node_modules_next_dist_f3530cac._.js:3127
[ 1535720ms] [ERROR] ./app/music/charts/ChartsPageClient.tsx:486:10
Ecmascript file had an error
  484 | }
  485 |
> 486 | function FakeBundlePreview({ album }: { album: AlbumResourcePack }) {
      |          ^^^^^^^^^^^^^^^^^
  487 |   return (
  488 |     <div className={styles.bundleMock}>
  489 |       <div className={styles.bundleStack} aria-hidden="true">

the name `FakeBundlePreview` is defined multiple times

Import trace:
  Server Component:
    ./app/music/charts/ChartsPageClient.tsx
    ./app/music/charts/page.tsx @ http://localhost:3000/_next/static/chunks/node_modules_next_dist_f3530cac._.js:3127
[ 1535720ms] [ERROR] ./app/music/charts/ChartsPageClient.tsx:447:10
Ecmascript file had an error
  445 | }
  446 |
> 447 | function FakeChordChart({ title, selectedKey }: { title: string; selectedKey: string }) {
      |          ^^^^^^^^^^^^^^
  448 |   return (
  449 |     <div className={styles.pdfMock}>
  450 |       <div className={styles.pdfToolbar} aria-hidden="true">

the name `FakeChordChart` is defined multiple times

Import trace:
  Server Component:
    ./app/music/charts/ChartsPageClient.tsx
    ./app/music/charts/page.tsx @ http://localhost:3000/_next/static/chunks/node_modules_next_dist_f3530cac._.js:3127
[ 1535781ms] [ERROR] ./app/music/charts/ChartsPageClient.tsx:486:10
Ecmascript file had an error
  484 | }
  485 |
> 486 | function FakeBundlePreview({ album }: { album: AlbumResourcePack }) {
      |          ^^^^^^^^^^^^^^^^^
  487 |   return (
  488 |     <div className={styles.bundleMock}>
  489 |       <div className={styles.bundleStack} aria-hidden="true">

the name `FakeBundlePreview` is defined multiple times

Import trace:
  Server Component:
    ./app/music/charts/ChartsPageClient.tsx
    ./app/music/charts/page.tsx @ http://localhost:3000/_next/static/chunks/node_modules_next_dist_f3530cac._.js:3127
[ 1535781ms] [ERROR] ./app/music/charts/ChartsPageClient.tsx:447:10
Ecmascript file had an error
  445 | }
  446 |
> 447 | function FakeChordChart({ title, selectedKey }: { title: string; selectedKey: string }) {
      |          ^^^^^^^^^^^^^^
  448 |   return (
  449 |     <div className={styles.pdfMock}>
  450 |       <div className={styles.pdfToolbar} aria-hidden="true">

the name `FakeChordChart` is defined multiple times

Import trace:
  Server Component:
    ./app/music/charts/ChartsPageClient.tsx
    ./app/music/charts/page.tsx @ http://localhost:3000/_next/static/chunks/node_modules_next_dist_f3530cac._.js:3127
[ 1535843ms] [ERROR] ./app/music/charts/ChartsPageClient.tsx:486:10
Ecmascript file had an error
  484 | }
  485 |
> 486 | function FakeBundlePreview({ album }: { album: AlbumResourcePack }) {
      |          ^^^^^^^^^^^^^^^^^
  487 |   return (
  488 |     <div className={styles.bundleMock}>
  489 |       <div className={styles.bundleStack} aria-hidden="true">

the name `FakeBundlePreview` is defined multiple times

Import trace:
  Server Component:
    ./app/music/charts/ChartsPageClient.tsx
    ./app/music/charts/page.tsx @ http://localhost:3000/_next/static/chunks/node_modules_next_dist_f3530cac._.js:3127
[ 1535843ms] [ERROR] ./app/music/charts/ChartsPageClient.tsx:447:10
Ecmascript file had an error
  445 | }
  446 |
> 447 | function FakeChordChart({ title, selectedKey }: { title: string; selectedKey: string }) {
      |          ^^^^^^^^^^^^^^
  448 |   return (
  449 |     <div className={styles.pdfMock}>
  450 |       <div className={styles.pdfToolbar} aria-hidden="true">

the name `FakeChordChart` is defined multiple times

Import trace:
  Server Component:
    ./app/music/charts/ChartsPageClient.tsx
    ./app/music/charts/page.tsx @ http://localhost:3000/_next/static/chunks/node_modules_next_dist_f3530cac._.js:3127
[ 1535907ms] [ERROR] ./app/music/charts/ChartsPageClient.tsx:486:10
Ecmascript file had an error
  484 | }
  485 |
> 486 | function FakeBundlePreview({ album }: { album: AlbumResourcePack }) {
      |          ^^^^^^^^^^^^^^^^^
  487 |   return (
  488 |     <div className={styles.bundleMock}>
  489 |       <div className={styles.bundleStack} aria-hidden="true">

the name `FakeBundlePreview` is defined multiple times

Import trace:
  Server Component:
    ./app/music/charts/ChartsPageClient.tsx
    ./app/music/charts/page.tsx @ http://localhost:3000/_next/static/chunks/node_modules_next_dist_f3530cac._.js:3127
[ 1535907ms] [ERROR] ./app/music/charts/ChartsPageClient.tsx:447:10
Ecmascript file had an error
  445 | }
  446 |
> 447 | function FakeChordChart({ title, selectedKey }: { title: string; selectedKey: string }) {
      |          ^^^^^^^^^^^^^^
  448 |   return (
  449 |     <div className={styles.pdfMock}>
  450 |       <div className={styles.pdfToolbar} aria-hidden="true">

the name `FakeChordChart` is defined multiple times

Import trace:
  Server Component:
    ./app/music/charts/ChartsPageClient.tsx
    ./app/music/charts/page.tsx @ http://localhost:3000/_next/static/chunks/node_modules_next_dist_f3530cac._.js:3127
[ 1535968ms] [ERROR] ./app/music/charts/ChartsPageClient.tsx:486:10
Ecmascript file had an error
  484 | }
  485 |
> 486 | function FakeBundlePreview({ album }: { album: AlbumResourcePack }) {
      |          ^^^^^^^^^^^^^^^^^
  487 |   return (
  488 |     <div className={styles.bundleMock}>
  489 |       <div className={styles.bundleStack} aria-hidden="true">

the name `FakeBundlePreview` is defined multiple times

Import trace:
  Server Component:
    ./app/music/charts/ChartsPageClient.tsx
    ./app/music/charts/page.tsx @ http://localhost:3000/_next/static/chunks/node_modules_next_dist_f3530cac._.js:3127
[ 1535968ms] [ERROR] ./app/music/charts/ChartsPageClient.tsx:447:10
Ecmascript file had an error
  445 | }
  446 |
> 447 | function FakeChordChart({ title, selectedKey }: { title: string; selectedKey: string }) {
      |          ^^^^^^^^^^^^^^
  448 |   return (
  449 |     <div className={styles.pdfMock}>
  450 |       <div className={styles.pdfToolbar} aria-hidden="true">

the name `FakeChordChart` is defined multiple times

Import trace:
  Server Component:
    ./app/music/charts/ChartsPageClient.tsx
    ./app/music/charts/page.tsx @ http://localhost:3000/_next/static/chunks/node_modules_next_dist_f3530cac._.js:3127
[ 1536032ms] [ERROR] ./app/music/charts/ChartsPageClient.tsx:486:10
Ecmascript file had an error
  484 | }
  485 |
> 486 | function FakeBundlePreview({ album }: { album: AlbumResourcePack }) {
      |          ^^^^^^^^^^^^^^^^^
  487 |   return (
  488 |     <div className={styles.bundleMock}>
  489 |       <div className={styles.bundleStack} aria-hidden="true">

the name `FakeBundlePreview` is defined multiple times

Import trace:
  Server Component:
    ./app/music/charts/ChartsPageClient.tsx
    ./app/music/charts/page.tsx @ http://localhost:3000/_next/static/chunks/node_modules_next_dist_f3530cac._.js:3127
[ 1536032ms] [ERROR] ./app/music/charts/ChartsPageClient.tsx:447:10
Ecmascript file had an error
  445 | }
  446 |
> 447 | function FakeChordChart({ title, selectedKey }: { title: string; selectedKey: string }) {
      |          ^^^^^^^^^^^^^^
  448 |   return (
  449 |     <div className={styles.pdfMock}>
  450 |       <div className={styles.pdfToolbar} aria-hidden="true">

the name `FakeChordChart` is defined multiple times

Import trace:
  Server Component:
    ./app/music/charts/ChartsPageClient.tsx
    ./app/music/charts/page.tsx @ http://localhost:3000/_next/static/chunks/node_modules_next_dist_f3530cac._.js:3127
[ 1536096ms] [ERROR] ./app/music/charts/ChartsPageClient.tsx:486:10
Ecmascript file had an error
  484 | }
  485 |
> 486 | function FakeBundlePreview({ album }: { album: AlbumResourcePack }) {
      |          ^^^^^^^^^^^^^^^^^
  487 |   return (
  488 |     <div className={styles.bundleMock}>
  489 |       <div className={styles.bundleStack} aria-hidden="true">

the name `FakeBundlePreview` is defined multiple times

Import trace:
  Server Component:
    ./app/music/charts/ChartsPageClient.tsx
    ./app/music/charts/page.tsx @ http://localhost:3000/_next/static/chunks/node_modules_next_dist_f3530cac._.js:3127
[ 1536096ms] [ERROR] ./app/music/charts/ChartsPageClient.tsx:447:10
Ecmascript file had an error
  445 | }
  446 |
> 447 | function FakeChordChart({ title, selectedKey }: { title: string; selectedKey: string }) {
      |          ^^^^^^^^^^^^^^
  448 |   return (
  449 |     <div className={styles.pdfMock}>
  450 |       <div className={styles.pdfToolbar} aria-hidden="true">

the name `FakeChordChart` is defined multiple times

Import trace:
  Server Component:
    ./app/music/charts/ChartsPageClient.tsx
    ./app/music/charts/page.tsx @ http://localhost:3000/_next/static/chunks/node_modules_next_dist_f3530cac._.js:3127
[ 1536155ms] [ERROR] ./app/music/charts/ChartsPageClient.tsx:486:10
Ecmascript file had an error
  484 | }
  485 |
> 486 | function FakeBundlePreview({ album }: { album: AlbumResourcePack }) {
      |          ^^^^^^^^^^^^^^^^^
  487 |   return (
  488 |     <div className={styles.bundleMock}>
  489 |       <div className={styles.bundleStack} aria-hidden="true">

the name `FakeBundlePreview` is defined multiple times

Import trace:
  Server Component:
    ./app/music/charts/ChartsPageClient.tsx
    ./app/music/charts/page.tsx @ http://localhost:3000/_next/static/chunks/node_modules_next_dist_f3530cac._.js:3127
[ 1536155ms] [ERROR] ./app/music/charts/ChartsPageClient.tsx:447:10
Ecmascript file had an error
  445 | }
  446 |
> 447 | function FakeChordChart({ title, selectedKey }: { title: string; selectedKey: string }) {
      |          ^^^^^^^^^^^^^^
  448 |   return (
  449 |     <div className={styles.pdfMock}>
  450 |       <div className={styles.pdfToolbar} aria-hidden="true">

the name `FakeChordChart` is defined multiple times

Import trace:
  Server Component:
    ./app/music/charts/ChartsPageClient.tsx
    ./app/music/charts/page.tsx @ http://localhost:3000/_next/static/chunks/node_modules_next_dist_f3530cac._.js:3127
[ 1536210ms] [ERROR] ./app/music/charts/ChartsPageClient.tsx:486:10
Ecmascript file had an error
  484 | }
  485 |
> 486 | function FakeBundlePreview({ album }: { album: AlbumResourcePack }) {
      |          ^^^^^^^^^^^^^^^^^
  487 |   return (
  488 |     <div className={styles.bundleMock}>
  489 |       <div className={styles.bundleStack} aria-hidden="true">

the name `FakeBundlePreview` is defined multiple times

Import trace:
  Server Component:
    ./app/music/charts/ChartsPageClient.tsx
    ./app/music/charts/page.tsx @ http://localhost:3000/_next/static/chunks/node_modules_next_dist_f3530cac._.js:3127
[ 1536210ms] [ERROR] ./app/music/charts/ChartsPageClient.tsx:447:10
Ecmascript file had an error
  445 | }
  446 |
> 447 | function FakeChordChart({ title, selectedKey }: { title: string; selectedKey: string }) {
      |          ^^^^^^^^^^^^^^
  448 |   return (
  449 |     <div className={styles.pdfMock}>
  450 |       <div className={styles.pdfToolbar} aria-hidden="true">

the name `FakeChordChart` is defined multiple times

Import trace:
  Server Component:
    ./app/music/charts/ChartsPageClient.tsx
    ./app/music/charts/page.tsx @ http://localhost:3000/_next/static/chunks/node_modules_next_dist_f3530cac._.js:3127
[ 1536265ms] [ERROR] ./app/music/charts/ChartsPageClient.tsx:486:10
Ecmascript file had an error
  484 | }
  485 |
> 486 | function FakeBundlePreview({ album }: { album: AlbumResourcePack }) {
      |          ^^^^^^^^^^^^^^^^^
  487 |   return (
  488 |     <div className={styles.bundleMock}>
  489 |       <div className={styles.bundleStack} aria-hidden="true">

the name `FakeBundlePreview` is defined multiple times

Import trace:
  Server Component:
    ./app/music/charts/ChartsPageClient.tsx
    ./app/music/charts/page.tsx @ http://localhost:3000/_next/static/chunks/node_modules_next_dist_f3530cac._.js:3127
[ 1536265ms] [ERROR] ./app/music/charts/ChartsPageClient.tsx:447:10
Ecmascript file had an error
  445 | }
  446 |
> 447 | function FakeChordChart({ title, selectedKey }: { title: string; selectedKey: string }) {
      |          ^^^^^^^^^^^^^^
  448 |   return (
  449 |     <div className={styles.pdfMock}>
  450 |       <div className={styles.pdfToolbar} aria-hidden="true">

the name `FakeChordChart` is defined multiple times

Import trace:
  Server Component:
    ./app/music/charts/ChartsPageClient.tsx
    ./app/music/charts/page.tsx @ http://localhost:3000/_next/static/chunks/node_modules_next_dist_f3530cac._.js:3127
[ 1536322ms] [ERROR] ./app/music/charts/ChartsPageClient.tsx:486:10
Ecmascript file had an error
  484 | }
  485 |
> 486 | function FakeBundlePreview({ album }: { album: AlbumResourcePack }) {
      |          ^^^^^^^^^^^^^^^^^
  487 |   return (
  488 |     <div className={styles.bundleMock}>
  489 |       <div className={styles.bundleStack} aria-hidden="true">

the name `FakeBundlePreview` is defined multiple times

Import trace:
  Server Component:
    ./app/music/charts/ChartsPageClient.tsx
    ./app/music/charts/page.tsx @ http://localhost:3000/_next/static/chunks/node_modules_next_dist_f3530cac._.js:3127
[ 1536322ms] [ERROR] ./app/music/charts/ChartsPageClient.tsx:447:10
Ecmascript file had an error
  445 | }
  446 |
> 447 | function FakeChordChart({ title, selectedKey }: { title: string; selectedKey: string }) {
      |          ^^^^^^^^^^^^^^
  448 |   return (
  449 |     <div className={styles.pdfMock}>
  450 |       <div className={styles.pdfToolbar} aria-hidden="true">

the name `FakeChordChart` is defined multiple times

Import trace:
  Server Component:
    ./app/music/charts/ChartsPageClient.tsx
    ./app/music/charts/page.tsx @ http://localhost:3000/_next/static/chunks/node_modules_next_dist_f3530cac._.js:3127
[ 1536382ms] [ERROR] ./app/music/charts/ChartsPageClient.tsx:486:10
Ecmascript file had an error
  484 | }
  485 |
> 486 | function FakeBundlePreview({ album }: { album: AlbumResourcePack }) {
      |          ^^^^^^^^^^^^^^^^^
  487 |   return (
  488 |     <div className={styles.bundleMock}>
  489 |       <div className={styles.bundleStack} aria-hidden="true">

the name `FakeBundlePreview` is defined multiple times

Import trace:
  Server Component:
    ./app/music/charts/ChartsPageClient.tsx
    ./app/music/charts/page.tsx @ http://localhost:3000/_next/static/chunks/node_modules_next_dist_f3530cac._.js:3127
[ 1536382ms] [ERROR] ./app/music/charts/ChartsPageClient.tsx:447:10
Ecmascript file had an error
  445 | }
  446 |
> 447 | function FakeChordChart({ title, selectedKey }: { title: string; selectedKey: string }) {
      |          ^^^^^^^^^^^^^^
  448 |   return (
  449 |     <div className={styles.pdfMock}>
  450 |       <div className={styles.pdfToolbar} aria-hidden="true">

the name `FakeChordChart` is defined multiple times

Import trace:
  Server Component:
    ./app/music/charts/ChartsPageClient.tsx
    ./app/music/charts/page.tsx @ http://localhost:3000/_next/static/chunks/node_modules_next_dist_f3530cac._.js:3127
[ 1536444ms] [ERROR] ./app/music/charts/ChartsPageClient.tsx:486:10
Ecmascript file had an error
  484 | }
  485 |
> 486 | function FakeBundlePreview({ album }: { album: AlbumResourcePack }) {
      |          ^^^^^^^^^^^^^^^^^
  487 |   return (
  488 |     <div className={styles.bundleMock}>
  489 |       <div className={styles.bundleStack} aria-hidden="true">

the name `FakeBundlePreview` is defined multiple times

Import trace:
  Server Component:
    ./app/music/charts/ChartsPageClient.tsx
    ./app/music/charts/page.tsx @ http://localhost:3000/_next/static/chunks/node_modules_next_dist_f3530cac._.js:3127
[ 1536445ms] [ERROR] ./app/music/charts/ChartsPageClient.tsx:447:10
Ecmascript file had an error
  445 | }
  446 |
> 447 | function FakeChordChart({ title, selectedKey }: { title: string; selectedKey: string }) {
      |          ^^^^^^^^^^^^^^
  448 |   return (
  449 |     <div className={styles.pdfMock}>
  450 |       <div className={styles.pdfToolbar} aria-hidden="true">

the name `FakeChordChart` is defined multiple times

Import trace:
  Server Component:
    ./app/music/charts/ChartsPageClient.tsx
    ./app/music/charts/page.tsx @ http://localhost:3000/_next/static/chunks/node_modules_next_dist_f3530cac._.js:3127
[ 1536510ms] [ERROR] ./app/music/charts/ChartsPageClient.tsx:486:10
Ecmascript file had an error
  484 | }
  485 |
> 486 | function FakeBundlePreview({ album }: { album: AlbumResourcePack }) {
      |          ^^^^^^^^^^^^^^^^^
  487 |   return (
  488 |     <div className={styles.bundleMock}>
  489 |       <div className={styles.bundleStack} aria-hidden="true">

the name `FakeBundlePreview` is defined multiple times

Import trace:
  Server Component:
    ./app/music/charts/ChartsPageClient.tsx
    ./app/music/charts/page.tsx @ http://localhost:3000/_next/static/chunks/node_modules_next_dist_f3530cac._.js:3127
[ 1536510ms] [ERROR] ./app/music/charts/ChartsPageClient.tsx:447:10
Ecmascript file had an error
  445 | }
  446 |
> 447 | function FakeChordChart({ title, selectedKey }: { title: string; selectedKey: string }) {
      |          ^^^^^^^^^^^^^^
  448 |   return (
  449 |     <div className={styles.pdfMock}>
  450 |       <div className={styles.pdfToolbar} aria-hidden="true">

the name `FakeChordChart` is defined multiple times

Import trace:
  Server Component:
    ./app/music/charts/ChartsPageClient.tsx
    ./app/music/charts/page.tsx @ http://localhost:3000/_next/static/chunks/node_modules_next_dist_f3530cac._.js:3127
[ 1536571ms] [ERROR] ./app/music/charts/ChartsPageClient.tsx:486:10
Ecmascript file had an error
  484 | }
  485 |
> 486 | function FakeBundlePreview({ album }: { album: AlbumResourcePack }) {
      |          ^^^^^^^^^^^^^^^^^
  487 |   return (
  488 |     <div className={styles.bundleMock}>
  489 |       <div className={styles.bundleStack} aria-hidden="true">

the name `FakeBundlePreview` is defined multiple times

Import trace:
  Server Component:
    ./app/music/charts/ChartsPageClient.tsx
    ./app/music/charts/page.tsx @ http://localhost:3000/_next/static/chunks/node_modules_next_dist_f3530cac._.js:3127
[ 1536571ms] [ERROR] ./app/music/charts/ChartsPageClient.tsx:447:10
Ecmascript file had an error
  445 | }
  446 |
> 447 | function FakeChordChart({ title, selectedKey }: { title: string; selectedKey: string }) {
      |          ^^^^^^^^^^^^^^
  448 |   return (
  449 |     <div className={styles.pdfMock}>
  450 |       <div className={styles.pdfToolbar} aria-hidden="true">

the name `FakeChordChart` is defined multiple times

Import trace:
  Server Component:
    ./app/music/charts/ChartsPageClient.tsx
    ./app/music/charts/page.tsx @ http://localhost:3000/_next/static/chunks/node_modules_next_dist_f3530cac._.js:3127
[ 1536635ms] [ERROR] ./app/music/charts/ChartsPageClient.tsx:486:10
Ecmascript file had an error
  484 | }
  485 |
> 486 | function FakeBundlePreview({ album }: { album: AlbumResourcePack }) {
      |          ^^^^^^^^^^^^^^^^^
  487 |   return (
  488 |     <div className={styles.bundleMock}>
  489 |       <div className={styles.bundleStack} aria-hidden="true">

the name `FakeBundlePreview` is defined multiple times

Import trace:
  Server Component:
    ./app/music/charts/ChartsPageClient.tsx
    ./app/music/charts/page.tsx @ http://localhost:3000/_next/static/chunks/node_modules_next_dist_f3530cac._.js:3127
[ 1536635ms] [ERROR] ./app/music/charts/ChartsPageClient.tsx:447:10
Ecmascript file had an error
  445 | }
  446 |
> 447 | function FakeChordChart({ title, selectedKey }: { title: string; selectedKey: string }) {
      |          ^^^^^^^^^^^^^^
  448 |   return (
  449 |     <div className={styles.pdfMock}>
  450 |       <div className={styles.pdfToolbar} aria-hidden="true">

the name `FakeChordChart` is defined multiple times

Import trace:
  Server Component:
    ./app/music/charts/ChartsPageClient.tsx
    ./app/music/charts/page.tsx @ http://localhost:3000/_next/static/chunks/node_modules_next_dist_f3530cac._.js:3127
[ 1536699ms] [ERROR] ./app/music/charts/ChartsPageClient.tsx:486:10
Ecmascript file had an error
  484 | }
  485 |
> 486 | function FakeBundlePreview({ album }: { album: AlbumResourcePack }) {
      |          ^^^^^^^^^^^^^^^^^
  487 |   return (
  488 |     <div className={styles.bundleMock}>
  489 |       <div className={styles.bundleStack} aria-hidden="true">

the name `FakeBundlePreview` is defined multiple times

Import trace:
  Server Component:
    ./app/music/charts/ChartsPageClient.tsx
    ./app/music/charts/page.tsx @ http://localhost:3000/_next/static/chunks/node_modules_next_dist_f3530cac._.js:3127
[ 1536699ms] [ERROR] ./app/music/charts/ChartsPageClient.tsx:447:10
Ecmascript file had an error
  445 | }
  446 |
> 447 | function FakeChordChart({ title, selectedKey }: { title: string; selectedKey: string }) {
      |          ^^^^^^^^^^^^^^
  448 |   return (
  449 |     <div className={styles.pdfMock}>
  450 |       <div className={styles.pdfToolbar} aria-hidden="true">

the name `FakeChordChart` is defined multiple times

Import trace:
  Server Component:
    ./app/music/charts/ChartsPageClient.tsx
    ./app/music/charts/page.tsx @ http://localhost:3000/_next/static/chunks/node_modules_next_dist_f3530cac._.js:3127
[ 1536769ms] [ERROR] ./app/music/charts/ChartsPageClient.tsx:486:10
Ecmascript file had an error
  484 | }
  485 |
> 486 | function FakeBundlePreview({ album }: { album: AlbumResourcePack }) {
      |          ^^^^^^^^^^^^^^^^^
  487 |   return (
  488 |     <div className={styles.bundleMock}>
  489 |       <div className={styles.bundleStack} aria-hidden="true">

the name `FakeBundlePreview` is defined multiple times

Import trace:
  Server Component:
    ./app/music/charts/ChartsPageClient.tsx
    ./app/music/charts/page.tsx @ http://localhost:3000/_next/static/chunks/node_modules_next_dist_f3530cac._.js:3127
[ 1536769ms] [ERROR] ./app/music/charts/ChartsPageClient.tsx:447:10
Ecmascript file had an error
  445 | }
  446 |
> 447 | function FakeChordChart({ title, selectedKey }: { title: string; selectedKey: string }) {
      |          ^^^^^^^^^^^^^^
  448 |   return (
  449 |     <div className={styles.pdfMock}>
  450 |       <div className={styles.pdfToolbar} aria-hidden="true">

the name `FakeChordChart` is defined multiple times

Import trace:
  Server Component:
    ./app/music/charts/ChartsPageClient.tsx
    ./app/music/charts/page.tsx @ http://localhost:3000/_next/static/chunks/node_modules_next_dist_f3530cac._.js:3127
[ 1536834ms] [ERROR] ./app/music/charts/ChartsPageClient.tsx:486:10
Ecmascript file had an error
  484 | }
  485 |
> 486 | function FakeBundlePreview({ album }: { album: AlbumResourcePack }) {
      |          ^^^^^^^^^^^^^^^^^
  487 |   return (
  488 |     <div className={styles.bundleMock}>
  489 |       <div className={styles.bundleStack} aria-hidden="true">

the name `FakeBundlePreview` is defined multiple times

Import trace:
  Server Component:
    ./app/music/charts/ChartsPageClient.tsx
    ./app/music/charts/page.tsx @ http://localhost:3000/_next/static/chunks/node_modules_next_dist_f3530cac._.js:3127
[ 1536835ms] [ERROR] ./app/music/charts/ChartsPageClient.tsx:447:10
Ecmascript file had an error
  445 | }
  446 |
> 447 | function FakeChordChart({ title, selectedKey }: { title: string; selectedKey: string }) {
      |          ^^^^^^^^^^^^^^
  448 |   return (
  449 |     <div className={styles.pdfMock}>
  450 |       <div className={styles.pdfToolbar} aria-hidden="true">

the name `FakeChordChart` is defined multiple times

Import trace:
  Server Component:
    ./app/music/charts/ChartsPageClient.tsx
    ./app/music/charts/page.tsx @ http://localhost:3000/_next/static/chunks/node_modules_next_dist_f3530cac._.js:3127
[ 1536888ms] [ERROR] ./app/music/charts/ChartsPageClient.tsx:486:10
Ecmascript file had an error
  484 | }
  485 |
> 486 | function FakeBundlePreview({ album }: { album: AlbumResourcePack }) {
      |          ^^^^^^^^^^^^^^^^^
  487 |   return (
  488 |     <div className={styles.bundleMock}>
  489 |       <div className={styles.bundleStack} aria-hidden="true">

the name `FakeBundlePreview` is defined multiple times

Import trace:
  Server Component:
    ./app/music/charts/ChartsPageClient.tsx
    ./app/music/charts/page.tsx @ http://localhost:3000/_next/static/chunks/node_modules_next_dist_f3530cac._.js:3127
[ 1536888ms] [ERROR] ./app/music/charts/ChartsPageClient.tsx:447:10
Ecmascript file had an error
  445 | }
  446 |
> 447 | function FakeChordChart({ title, selectedKey }: { title: string; selectedKey: string }) {
      |          ^^^^^^^^^^^^^^
  448 |   return (
  449 |     <div className={styles.pdfMock}>
  450 |       <div className={styles.pdfToolbar} aria-hidden="true">

the name `FakeChordChart` is defined multiple times

Import trace:
  Server Component:
    ./app/music/charts/ChartsPageClient.tsx
    ./app/music/charts/page.tsx @ http://localhost:3000/_next/static/chunks/node_modules_next_dist_f3530cac._.js:3127
[ 1536948ms] [ERROR] ./app/music/charts/ChartsPageClient.tsx:486:10
Ecmascript file had an error
  484 | }
  485 |
> 486 | function FakeBundlePreview({ album }: { album: AlbumResourcePack }) {
      |          ^^^^^^^^^^^^^^^^^
  487 |   return (
  488 |     <div className={styles.bundleMock}>
  489 |       <div className={styles.bundleStack} aria-hidden="true">

the name `FakeBundlePreview` is defined multiple times

Import trace:
  Server Component:
    ./app/music/charts/ChartsPageClient.tsx
    ./app/music/charts/page.tsx @ http://localhost:3000/_next/static/chunks/node_modules_next_dist_f3530cac._.js:3127
[ 1536948ms] [ERROR] ./app/music/charts/ChartsPageClient.tsx:447:10
Ecmascript file had an error
  445 | }
  446 |
> 447 | function FakeChordChart({ title, selectedKey }: { title: string; selectedKey: string }) {
      |          ^^^^^^^^^^^^^^
  448 |   return (
  449 |     <div className={styles.pdfMock}>
  450 |       <div className={styles.pdfToolbar} aria-hidden="true">

the name `FakeChordChart` is defined multiple times

Import trace:
  Server Component:
    ./app/music/charts/ChartsPageClient.tsx
    ./app/music/charts/page.tsx @ http://localhost:3000/_next/static/chunks/node_modules_next_dist_f3530cac._.js:3127
[ 1537015ms] [ERROR] ./app/music/charts/ChartsPageClient.tsx:486:10
Ecmascript file had an error
  484 | }
  485 |
> 486 | function FakeBundlePreview({ album }: { album: AlbumResourcePack }) {
      |          ^^^^^^^^^^^^^^^^^
  487 |   return (
  488 |     <div className={styles.bundleMock}>
  489 |       <div className={styles.bundleStack} aria-hidden="true">

the name `FakeBundlePreview` is defined multiple times

Import trace:
  Server Component:
    ./app/music/charts/ChartsPageClient.tsx
    ./app/music/charts/page.tsx @ http://localhost:3000/_next/static/chunks/node_modules_next_dist_f3530cac._.js:3127
[ 1537015ms] [ERROR] ./app/music/charts/ChartsPageClient.tsx:447:10
Ecmascript file had an error
  445 | }
  446 |
> 447 | function FakeChordChart({ title, selectedKey }: { title: string; selectedKey: string }) {
      |          ^^^^^^^^^^^^^^
  448 |   return (
  449 |     <div className={styles.pdfMock}>
  450 |       <div className={styles.pdfToolbar} aria-hidden="true">

the name `FakeChordChart` is defined multiple times

Import trace:
  Server Component:
    ./app/music/charts/ChartsPageClient.tsx
    ./app/music/charts/page.tsx @ http://localhost:3000/_next/static/chunks/node_modules_next_dist_f3530cac._.js:3127
[ 1537079ms] [ERROR] ./app/music/charts/ChartsPageClient.tsx:486:10
Ecmascript file had an error
  484 | }
  485 |
> 486 | function FakeBundlePreview({ album }: { album: AlbumResourcePack }) {
      |          ^^^^^^^^^^^^^^^^^
  487 |   return (
  488 |     <div className={styles.bundleMock}>
  489 |       <div className={styles.bundleStack} aria-hidden="true">

the name `FakeBundlePreview` is defined multiple times

Import trace:
  Server Component:
    ./app/music/charts/ChartsPageClient.tsx
    ./app/music/charts/page.tsx @ http://localhost:3000/_next/static/chunks/node_modules_next_dist_f3530cac._.js:3127
[ 1537079ms] [ERROR] ./app/music/charts/ChartsPageClient.tsx:447:10
Ecmascript file had an error
  445 | }
  446 |
> 447 | function FakeChordChart({ title, selectedKey }: { title: string; selectedKey: string }) {
      |          ^^^^^^^^^^^^^^
  448 |   return (
  449 |     <div className={styles.pdfMock}>
  450 |       <div className={styles.pdfToolbar} aria-hidden="true">

the name `FakeChordChart` is defined multiple times

Import trace:
  Server Component:
    ./app/music/charts/ChartsPageClient.tsx
    ./app/music/charts/page.tsx @ http://localhost:3000/_next/static/chunks/node_modules_next_dist_f3530cac._.js:3127
[ 1537131ms] [ERROR] ./app/music/charts/ChartsPageClient.tsx:486:10
Ecmascript file had an error
  484 | }
  485 |
> 486 | function FakeBundlePreview({ album }: { album: AlbumResourcePack }) {
      |          ^^^^^^^^^^^^^^^^^
  487 |   return (
  488 |     <div className={styles.bundleMock}>
  489 |       <div className={styles.bundleStack} aria-hidden="true">

the name `FakeBundlePreview` is defined multiple times

Import trace:
  Server Component:
    ./app/music/charts/ChartsPageClient.tsx
    ./app/music/charts/page.tsx @ http://localhost:3000/_next/static/chunks/node_modules_next_dist_f3530cac._.js:3127
[ 1537132ms] [ERROR] ./app/music/charts/ChartsPageClient.tsx:447:10
Ecmascript file had an error
  445 | }
  446 |
> 447 | function FakeChordChart({ title, selectedKey }: { title: string; selectedKey: string }) {
      |          ^^^^^^^^^^^^^^
  448 |   return (
  449 |     <div className={styles.pdfMock}>
  450 |       <div className={styles.pdfToolbar} aria-hidden="true">

the name `FakeChordChart` is defined multiple times

Import trace:
  Server Component:
    ./app/music/charts/ChartsPageClient.tsx
    ./app/music/charts/page.tsx @ http://localhost:3000/_next/static/chunks/node_modules_next_dist_f3530cac._.js:3127
[ 1537179ms] [ERROR] ./app/music/charts/ChartsPageClient.tsx:486:10
Ecmascript file had an error
  484 | }
  485 |
> 486 | function FakeBundlePreview({ album }: { album: AlbumResourcePack }) {
      |          ^^^^^^^^^^^^^^^^^
  487 |   return (
  488 |     <div className={styles.bundleMock}>
  489 |       <div className={styles.bundleStack} aria-hidden="true">

the name `FakeBundlePreview` is defined multiple times

Import trace:
  Server Component:
    ./app/music/charts/ChartsPageClient.tsx
    ./app/music/charts/page.tsx @ http://localhost:3000/_next/static/chunks/node_modules_next_dist_f3530cac._.js:3127
[ 1537179ms] [ERROR] ./app/music/charts/ChartsPageClient.tsx:447:10
Ecmascript file had an error
  445 | }
  446 |
> 447 | function FakeChordChart({ title, selectedKey }: { title: string; selectedKey: string }) {
      |          ^^^^^^^^^^^^^^
  448 |   return (
  449 |     <div className={styles.pdfMock}>
  450 |       <div className={styles.pdfToolbar} aria-hidden="true">

the name `FakeChordChart` is defined multiple times

Import trace:
  Server Component:
    ./app/music/charts/ChartsPageClient.tsx
    ./app/music/charts/page.tsx @ http://localhost:3000/_next/static/chunks/node_modules_next_dist_f3530cac._.js:3127
[ 1537243ms] [ERROR] ./app/music/charts/ChartsPageClient.tsx:486:10
Ecmascript file had an error
  484 | }
  485 |
> 486 | function FakeBundlePreview({ album }: { album: AlbumResourcePack }) {
      |          ^^^^^^^^^^^^^^^^^
  487 |   return (
  488 |     <div className={styles.bundleMock}>
  489 |       <div className={styles.bundleStack} aria-hidden="true">

the name `FakeBundlePreview` is defined multiple times

Import trace:
  Server Component:
    ./app/music/charts/ChartsPageClient.tsx
    ./app/music/charts/page.tsx @ http://localhost:3000/_next/static/chunks/node_modules_next_dist_f3530cac._.js:3127
[ 1537243ms] [ERROR] ./app/music/charts/ChartsPageClient.tsx:447:10
Ecmascript file had an error
  445 | }
  446 |
> 447 | function FakeChordChart({ title, selectedKey }: { title: string; selectedKey: string }) {
      |          ^^^^^^^^^^^^^^
  448 |   return (
  449 |     <div className={styles.pdfMock}>
  450 |       <div className={styles.pdfToolbar} aria-hidden="true">

the name `FakeChordChart` is defined multiple times

Import trace:
  Server Component:
    ./app/music/charts/ChartsPageClient.tsx
    ./app/music/charts/page.tsx @ http://localhost:3000/_next/static/chunks/node_modules_next_dist_f3530cac._.js:3127
[ 1537315ms] [ERROR] ./app/music/charts/ChartsPageClient.tsx:486:10
Ecmascript file had an error
  484 | }
  485 |
> 486 | function FakeBundlePreview({ album }: { album: AlbumResourcePack }) {
      |          ^^^^^^^^^^^^^^^^^
  487 |   return (
  488 |     <div className={styles.bundleMock}>
  489 |       <div className={styles.bundleStack} aria-hidden="true">

the name `FakeBundlePreview` is defined multiple times

Import trace:
  Server Component:
    ./app/music/charts/ChartsPageClient.tsx
    ./app/music/charts/page.tsx @ http://localhost:3000/_next/static/chunks/node_modules_next_dist_f3530cac._.js:3127
[ 1537315ms] [ERROR] ./app/music/charts/ChartsPageClient.tsx:447:10
Ecmascript file had an error
  445 | }
  446 |
> 447 | function FakeChordChart({ title, selectedKey }: { title: string; selectedKey: string }) {
      |          ^^^^^^^^^^^^^^
  448 |   return (
  449 |     <div className={styles.pdfMock}>
  450 |       <div className={styles.pdfToolbar} aria-hidden="true">

the name `FakeChordChart` is defined multiple times

Import trace:
  Server Component:
    ./app/music/charts/ChartsPageClient.tsx
    ./app/music/charts/page.tsx @ http://localhost:3000/_next/static/chunks/node_modules_next_dist_f3530cac._.js:3127
[ 1537364ms] [ERROR] ./app/music/charts/ChartsPageClient.tsx:486:10
Ecmascript file had an error
  484 | }
  485 |
> 486 | function FakeBundlePreview({ album }: { album: AlbumResourcePack }) {
      |          ^^^^^^^^^^^^^^^^^
  487 |   return (
  488 |     <div className={styles.bundleMock}>
  489 |       <div className={styles.bundleStack} aria-hidden="true">

the name `FakeBundlePreview` is defined multiple times

Import trace:
  Server Component:
    ./app/music/charts/ChartsPageClient.tsx
    ./app/music/charts/page.tsx @ http://localhost:3000/_next/static/chunks/node_modules_next_dist_f3530cac._.js:3127
[ 1537364ms] [ERROR] ./app/music/charts/ChartsPageClient.tsx:447:10
Ecmascript file had an error
  445 | }
  446 |
> 447 | function FakeChordChart({ title, selectedKey }: { title: string; selectedKey: string }) {
      |          ^^^^^^^^^^^^^^
  448 |   return (
  449 |     <div className={styles.pdfMock}>
  450 |       <div className={styles.pdfToolbar} aria-hidden="true">

the name `FakeChordChart` is defined multiple times

Import trace:
  Server Component:
    ./app/music/charts/ChartsPageClient.tsx
    ./app/music/charts/page.tsx @ http://localhost:3000/_next/static/chunks/node_modules_next_dist_f3530cac._.js:3127
[ 1537432ms] [ERROR] ./app/music/charts/ChartsPageClient.tsx:486:10
Ecmascript file had an error
  484 | }
  485 |
> 486 | function FakeBundlePreview({ album }: { album: AlbumResourcePack }) {
      |          ^^^^^^^^^^^^^^^^^
  487 |   return (
  488 |     <div className={styles.bundleMock}>
  489 |       <div className={styles.bundleStack} aria-hidden="true">

the name `FakeBundlePreview` is defined multiple times

Import trace:
  Server Component:
    ./app/music/charts/ChartsPageClient.tsx
    ./app/music/charts/page.tsx @ http://localhost:3000/_next/static/chunks/node_modules_next_dist_f3530cac._.js:3127
[ 1537432ms] [ERROR] ./app/music/charts/ChartsPageClient.tsx:447:10
Ecmascript file had an error
  445 | }
  446 |
> 447 | function FakeChordChart({ title, selectedKey }: { title: string; selectedKey: string }) {
      |          ^^^^^^^^^^^^^^
  448 |   return (
  449 |     <div className={styles.pdfMock}>
  450 |       <div className={styles.pdfToolbar} aria-hidden="true">

the name `FakeChordChart` is defined multiple times

Import trace:
  Server Component:
    ./app/music/charts/ChartsPageClient.tsx
    ./app/music/charts/page.tsx @ http://localhost:3000/_next/static/chunks/node_modules_next_dist_f3530cac._.js:3127
[ 1537492ms] [ERROR] ./app/music/charts/ChartsPageClient.tsx:486:10
Ecmascript file had an error
  484 | }
  485 |
> 486 | function FakeBundlePreview({ album }: { album: AlbumResourcePack }) {
      |          ^^^^^^^^^^^^^^^^^
  487 |   return (
  488 |     <div className={styles.bundleMock}>
  489 |       <div className={styles.bundleStack} aria-hidden="true">

the name `FakeBundlePreview` is defined multiple times

Import trace:
  Server Component:
    ./app/music/charts/ChartsPageClient.tsx
    ./app/music/charts/page.tsx @ http://localhost:3000/_next/static/chunks/node_modules_next_dist_f3530cac._.js:3127
[ 1537492ms] [ERROR] ./app/music/charts/ChartsPageClient.tsx:447:10
Ecmascript file had an error
  445 | }
  446 |
> 447 | function FakeChordChart({ title, selectedKey }: { title: string; selectedKey: string }) {
      |          ^^^^^^^^^^^^^^
  448 |   return (
  449 |     <div className={styles.pdfMock}>
  450 |       <div className={styles.pdfToolbar} aria-hidden="true">

the name `FakeChordChart` is defined multiple times

Import trace:
  Server Component:
    ./app/music/charts/ChartsPageClient.tsx
    ./app/music/charts/page.tsx @ http://localhost:3000/_next/static/chunks/node_modules_next_dist_f3530cac._.js:3127
[ 1537555ms] [ERROR] ./app/music/charts/ChartsPageClient.tsx:486:10
Ecmascript file had an error
  484 | }
  485 |
> 486 | function FakeBundlePreview({ album }: { album: AlbumResourcePack }) {
      |          ^^^^^^^^^^^^^^^^^
  487 |   return (
  488 |     <div className={styles.bundleMock}>
  489 |       <div className={styles.bundleStack} aria-hidden="true">

the name `FakeBundlePreview` is defined multiple times

Import trace:
  Server Component:
    ./app/music/charts/ChartsPageClient.tsx
    ./app/music/charts/page.tsx @ http://localhost:3000/_next/static/chunks/node_modules_next_dist_f3530cac._.js:3127
[ 1537555ms] [ERROR] ./app/music/charts/ChartsPageClient.tsx:447:10
Ecmascript file had an error
  445 | }
  446 |
> 447 | function FakeChordChart({ title, selectedKey }: { title: string; selectedKey: string }) {
      |          ^^^^^^^^^^^^^^
  448 |   return (
  449 |     <div className={styles.pdfMock}>
  450 |       <div className={styles.pdfToolbar} aria-hidden="true">

the name `FakeChordChart` is defined multiple times

Import trace:
  Server Component:
    ./app/music/charts/ChartsPageClient.tsx
    ./app/music/charts/page.tsx @ http://localhost:3000/_next/static/chunks/node_modules_next_dist_f3530cac._.js:3127
[ 1537618ms] [ERROR] ./app/music/charts/ChartsPageClient.tsx:486:10
Ecmascript file had an error
  484 | }
  485 |
> 486 | function FakeBundlePreview({ album }: { album: AlbumResourcePack }) {
      |          ^^^^^^^^^^^^^^^^^
  487 |   return (
  488 |     <div className={styles.bundleMock}>
  489 |       <div className={styles.bundleStack} aria-hidden="true">

the name `FakeBundlePreview` is defined multiple times

Import trace:
  Server Component:
    ./app/music/charts/ChartsPageClient.tsx
    ./app/music/charts/page.tsx @ http://localhost:3000/_next/static/chunks/node_modules_next_dist_f3530cac._.js:3127
[ 1537618ms] [ERROR] ./app/music/charts/ChartsPageClient.tsx:447:10
Ecmascript file had an error
  445 | }
  446 |
> 447 | function FakeChordChart({ title, selectedKey }: { title: string; selectedKey: string }) {
      |          ^^^^^^^^^^^^^^
  448 |   return (
  449 |     <div className={styles.pdfMock}>
  450 |       <div className={styles.pdfToolbar} aria-hidden="true">

the name `FakeChordChart` is defined multiple times

Import trace:
  Server Component:
    ./app/music/charts/ChartsPageClient.tsx
    ./app/music/charts/page.tsx @ http://localhost:3000/_next/static/chunks/node_modules_next_dist_f3530cac._.js:3127
[ 1537680ms] [ERROR] ./app/music/charts/ChartsPageClient.tsx:486:10
Ecmascript file had an error
  484 | }
  485 |
> 486 | function FakeBundlePreview({ album }: { album: AlbumResourcePack }) {
      |          ^^^^^^^^^^^^^^^^^
  487 |   return (
  488 |     <div className={styles.bundleMock}>
  489 |       <div className={styles.bundleStack} aria-hidden="true">

the name `FakeBundlePreview` is defined multiple times

Import trace:
  Server Component:
    ./app/music/charts/ChartsPageClient.tsx
    ./app/music/charts/page.tsx @ http://localhost:3000/_next/static/chunks/node_modules_next_dist_f3530cac._.js:3127
[ 1537680ms] [ERROR] ./app/music/charts/ChartsPageClient.tsx:447:10
Ecmascript file had an error
  445 | }
  446 |
> 447 | function FakeChordChart({ title, selectedKey }: { title: string; selectedKey: string }) {
      |          ^^^^^^^^^^^^^^
  448 |   return (
  449 |     <div className={styles.pdfMock}>
  450 |       <div className={styles.pdfToolbar} aria-hidden="true">

the name `FakeChordChart` is defined multiple times

Import trace:
  Server Component:
    ./app/music/charts/ChartsPageClient.tsx
    ./app/music/charts/page.tsx @ http://localhost:3000/_next/static/chunks/node_modules_next_dist_f3530cac._.js:3127
[ 1537742ms] [ERROR] ./app/music/charts/ChartsPageClient.tsx:486:10
Ecmascript file had an error
  484 | }
  485 |
> 486 | function FakeBundlePreview({ album }: { album: AlbumResourcePack }) {
      |          ^^^^^^^^^^^^^^^^^
  487 |   return (
  488 |     <div className={styles.bundleMock}>
  489 |       <div className={styles.bundleStack} aria-hidden="true">

the name `FakeBundlePreview` is defined multiple times

Import trace:
  Server Component:
    ./app/music/charts/ChartsPageClient.tsx
    ./app/music/charts/page.tsx @ http://localhost:3000/_next/static/chunks/node_modules_next_dist_f3530cac._.js:3127
[ 1537742ms] [ERROR] ./app/music/charts/ChartsPageClient.tsx:447:10
Ecmascript file had an error
  445 | }
  446 |
> 447 | function FakeChordChart({ title, selectedKey }: { title: string; selectedKey: string }) {
      |          ^^^^^^^^^^^^^^
  448 |   return (
  449 |     <div className={styles.pdfMock}>
  450 |       <div className={styles.pdfToolbar} aria-hidden="true">

the name `FakeChordChart` is defined multiple times

Import trace:
  Server Component:
    ./app/music/charts/ChartsPageClient.tsx
    ./app/music/charts/page.tsx @ http://localhost:3000/_next/static/chunks/node_modules_next_dist_f3530cac._.js:3127
[ 1537806ms] [ERROR] ./app/music/charts/ChartsPageClient.tsx:486:10
Ecmascript file had an error
  484 | }
  485 |
> 486 | function FakeBundlePreview({ album }: { album: AlbumResourcePack }) {
      |          ^^^^^^^^^^^^^^^^^
  487 |   return (
  488 |     <div className={styles.bundleMock}>
  489 |       <div className={styles.bundleStack} aria-hidden="true">

the name `FakeBundlePreview` is defined multiple times

Import trace:
  Server Component:
    ./app/music/charts/ChartsPageClient.tsx
    ./app/music/charts/page.tsx @ http://localhost:3000/_next/static/chunks/node_modules_next_dist_f3530cac._.js:3127
[ 1537806ms] [ERROR] ./app/music/charts/ChartsPageClient.tsx:447:10
Ecmascript file had an error
  445 | }
  446 |
> 447 | function FakeChordChart({ title, selectedKey }: { title: string; selectedKey: string }) {
      |          ^^^^^^^^^^^^^^
  448 |   return (
  449 |     <div className={styles.pdfMock}>
  450 |       <div className={styles.pdfToolbar} aria-hidden="true">

the name `FakeChordChart` is defined multiple times

Import trace:
  Server Component:
    ./app/music/charts/ChartsPageClient.tsx
    ./app/music/charts/page.tsx @ http://localhost:3000/_next/static/chunks/node_modules_next_dist_f3530cac._.js:3127
[ 1537865ms] [ERROR] ./app/music/charts/ChartsPageClient.tsx:486:10
Ecmascript file had an error
  484 | }
  485 |
> 486 | function FakeBundlePreview({ album }: { album: AlbumResourcePack }) {
      |          ^^^^^^^^^^^^^^^^^
  487 |   return (
  488 |     <div className={styles.bundleMock}>
  489 |       <div className={styles.bundleStack} aria-hidden="true">

the name `FakeBundlePreview` is defined multiple times

Import trace:
  Server Component:
    ./app/music/charts/ChartsPageClient.tsx
    ./app/music/charts/page.tsx @ http://localhost:3000/_next/static/chunks/node_modules_next_dist_f3530cac._.js:3127
[ 1537865ms] [ERROR] ./app/music/charts/ChartsPageClient.tsx:447:10
Ecmascript file had an error
  445 | }
  446 |
> 447 | function FakeChordChart({ title, selectedKey }: { title: string; selectedKey: string }) {
      |          ^^^^^^^^^^^^^^
  448 |   return (
  449 |     <div className={styles.pdfMock}>
  450 |       <div className={styles.pdfToolbar} aria-hidden="true">

the name `FakeChordChart` is defined multiple times

Import trace:
  Server Component:
    ./app/music/charts/ChartsPageClient.tsx
    ./app/music/charts/page.tsx @ http://localhost:3000/_next/static/chunks/node_modules_next_dist_f3530cac._.js:3127
[ 1537927ms] [ERROR] ./app/music/charts/ChartsPageClient.tsx:486:10
Ecmascript file had an error
  484 | }
  485 |
> 486 | function FakeBundlePreview({ album }: { album: AlbumResourcePack }) {
      |          ^^^^^^^^^^^^^^^^^
  487 |   return (
  488 |     <div className={styles.bundleMock}>
  489 |       <div className={styles.bundleStack} aria-hidden="true">

the name `FakeBundlePreview` is defined multiple times

Import trace:
  Server Component:
    ./app/music/charts/ChartsPageClient.tsx
    ./app/music/charts/page.tsx @ http://localhost:3000/_next/static/chunks/node_modules_next_dist_f3530cac._.js:3127
[ 1537927ms] [ERROR] ./app/music/charts/ChartsPageClient.tsx:447:10
Ecmascript file had an error
  445 | }
  446 |
> 447 | function FakeChordChart({ title, selectedKey }: { title: string; selectedKey: string }) {
      |          ^^^^^^^^^^^^^^
  448 |   return (
  449 |     <div className={styles.pdfMock}>
  450 |       <div className={styles.pdfToolbar} aria-hidden="true">

the name `FakeChordChart` is defined multiple times

Import trace:
  Server Component:
    ./app/music/charts/ChartsPageClient.tsx
    ./app/music/charts/page.tsx @ http://localhost:3000/_next/static/chunks/node_modules_next_dist_f3530cac._.js:3127
[ 1537992ms] [ERROR] ./app/music/charts/ChartsPageClient.tsx:486:10
Ecmascript file had an error
  484 | }
  485 |
> 486 | function FakeBundlePreview({ album }: { album: AlbumResourcePack }) {
      |          ^^^^^^^^^^^^^^^^^
  487 |   return (
  488 |     <div className={styles.bundleMock}>
  489 |       <div className={styles.bundleStack} aria-hidden="true">

the name `FakeBundlePreview` is defined multiple times

Import trace:
  Server Component:
    ./app/music/charts/ChartsPageClient.tsx
    ./app/music/charts/page.tsx @ http://localhost:3000/_next/static/chunks/node_modules_next_dist_f3530cac._.js:3127
[ 1537993ms] [ERROR] ./app/music/charts/ChartsPageClient.tsx:447:10
Ecmascript file had an error
  445 | }
  446 |
> 447 | function FakeChordChart({ title, selectedKey }: { title: string; selectedKey: string }) {
      |          ^^^^^^^^^^^^^^
  448 |   return (
  449 |     <div className={styles.pdfMock}>
  450 |       <div className={styles.pdfToolbar} aria-hidden="true">

the name `FakeChordChart` is defined multiple times

Import trace:
  Server Component:
    ./app/music/charts/ChartsPageClient.tsx
    ./app/music/charts/page.tsx @ http://localhost:3000/_next/static/chunks/node_modules_next_dist_f3530cac._.js:3127
[ 1538053ms] [ERROR] ./app/music/charts/ChartsPageClient.tsx:486:10
Ecmascript file had an error
  484 | }
  485 |
> 486 | function FakeBundlePreview({ album }: { album: AlbumResourcePack }) {
      |          ^^^^^^^^^^^^^^^^^
  487 |   return (
  488 |     <div className={styles.bundleMock}>
  489 |       <div className={styles.bundleStack} aria-hidden="true">

the name `FakeBundlePreview` is defined multiple times

Import trace:
  Server Component:
    ./app/music/charts/ChartsPageClient.tsx
    ./app/music/charts/page.tsx @ http://localhost:3000/_next/static/chunks/node_modules_next_dist_f3530cac._.js:3127
[ 1538053ms] [ERROR] ./app/music/charts/ChartsPageClient.tsx:447:10
Ecmascript file had an error
  445 | }
  446 |
> 447 | function FakeChordChart({ title, selectedKey }: { title: string; selectedKey: string }) {
      |          ^^^^^^^^^^^^^^
  448 |   return (
  449 |     <div className={styles.pdfMock}>
  450 |       <div className={styles.pdfToolbar} aria-hidden="true">

the name `FakeChordChart` is defined multiple times

Import trace:
  Server Component:
    ./app/music/charts/ChartsPageClient.tsx
    ./app/music/charts/page.tsx @ http://localhost:3000/_next/static/chunks/node_modules_next_dist_f3530cac._.js:3127
[ 1538117ms] [ERROR] ./app/music/charts/ChartsPageClient.tsx:486:10
Ecmascript file had an error
  484 | }
  485 |
> 486 | function FakeBundlePreview({ album }: { album: AlbumResourcePack }) {
      |          ^^^^^^^^^^^^^^^^^
  487 |   return (
  488 |     <div className={styles.bundleMock}>
  489 |       <div className={styles.bundleStack} aria-hidden="true">

the name `FakeBundlePreview` is defined multiple times

Import trace:
  Server Component:
    ./app/music/charts/ChartsPageClient.tsx
    ./app/music/charts/page.tsx @ http://localhost:3000/_next/static/chunks/node_modules_next_dist_f3530cac._.js:3127
[ 1538118ms] [ERROR] ./app/music/charts/ChartsPageClient.tsx:447:10
Ecmascript file had an error
  445 | }
  446 |
> 447 | function FakeChordChart({ title, selectedKey }: { title: string; selectedKey: string }) {
      |          ^^^^^^^^^^^^^^
  448 |   return (
  449 |     <div className={styles.pdfMock}>
  450 |       <div className={styles.pdfToolbar} aria-hidden="true">

the name `FakeChordChart` is defined multiple times

Import trace:
  Server Component:
    ./app/music/charts/ChartsPageClient.tsx
    ./app/music/charts/page.tsx @ http://localhost:3000/_next/static/chunks/node_modules_next_dist_f3530cac._.js:3127
[ 1538178ms] [ERROR] ./app/music/charts/ChartsPageClient.tsx:486:10
Ecmascript file had an error
  484 | }
  485 |
> 486 | function FakeBundlePreview({ album }: { album: AlbumResourcePack }) {
      |          ^^^^^^^^^^^^^^^^^
  487 |   return (
  488 |     <div className={styles.bundleMock}>
  489 |       <div className={styles.bundleStack} aria-hidden="true">

the name `FakeBundlePreview` is defined multiple times

Import trace:
  Server Component:
    ./app/music/charts/ChartsPageClient.tsx
    ./app/music/charts/page.tsx @ http://localhost:3000/_next/static/chunks/node_modules_next_dist_f3530cac._.js:3127
[ 1538179ms] [ERROR] ./app/music/charts/ChartsPageClient.tsx:447:10
Ecmascript file had an error
  445 | }
  446 |
> 447 | function FakeChordChart({ title, selectedKey }: { title: string; selectedKey: string }) {
      |          ^^^^^^^^^^^^^^
  448 |   return (
  449 |     <div className={styles.pdfMock}>
  450 |       <div className={styles.pdfToolbar} aria-hidden="true">

the name `FakeChordChart` is defined multiple times

Import trace:
  Server Component:
    ./app/music/charts/ChartsPageClient.tsx
    ./app/music/charts/page.tsx @ http://localhost:3000/_next/static/chunks/node_modules_next_dist_f3530cac._.js:3127
[ 1538238ms] [ERROR] ./app/music/charts/ChartsPageClient.tsx:486:10
Ecmascript file had an error
  484 | }
  485 |
> 486 | function FakeBundlePreview({ album }: { album: AlbumResourcePack }) {
      |          ^^^^^^^^^^^^^^^^^
  487 |   return (
  488 |     <div className={styles.bundleMock}>
  489 |       <div className={styles.bundleStack} aria-hidden="true">

the name `FakeBundlePreview` is defined multiple times

Import trace:
  Server Component:
    ./app/music/charts/ChartsPageClient.tsx
    ./app/music/charts/page.tsx @ http://localhost:3000/_next/static/chunks/node_modules_next_dist_f3530cac._.js:3127
[ 1538238ms] [ERROR] ./app/music/charts/ChartsPageClient.tsx:447:10
Ecmascript file had an error
  445 | }
  446 |
> 447 | function FakeChordChart({ title, selectedKey }: { title: string; selectedKey: string }) {
      |          ^^^^^^^^^^^^^^
  448 |   return (
  449 |     <div className={styles.pdfMock}>
  450 |       <div className={styles.pdfToolbar} aria-hidden="true">

the name `FakeChordChart` is defined multiple times

Import trace:
  Server Component:
    ./app/music/charts/ChartsPageClient.tsx
    ./app/music/charts/page.tsx @ http://localhost:3000/_next/static/chunks/node_modules_next_dist_f3530cac._.js:3127
[ 1538300ms] [ERROR] ./app/music/charts/ChartsPageClient.tsx:486:10
Ecmascript file had an error
  484 | }
  485 |
> 486 | function FakeBundlePreview({ album }: { album: AlbumResourcePack }) {
      |          ^^^^^^^^^^^^^^^^^
  487 |   return (
  488 |     <div className={styles.bundleMock}>
  489 |       <div className={styles.bundleStack} aria-hidden="true">

the name `FakeBundlePreview` is defined multiple times

Import trace:
  Server Component:
    ./app/music/charts/ChartsPageClient.tsx
    ./app/music/charts/page.tsx @ http://localhost:3000/_next/static/chunks/node_modules_next_dist_f3530cac._.js:3127
[ 1538301ms] [ERROR] ./app/music/charts/ChartsPageClient.tsx:447:10
Ecmascript file had an error
  445 | }
  446 |
> 447 | function FakeChordChart({ title, selectedKey }: { title: string; selectedKey: string }) {
      |          ^^^^^^^^^^^^^^
  448 |   return (
  449 |     <div className={styles.pdfMock}>
  450 |       <div className={styles.pdfToolbar} aria-hidden="true">

the name `FakeChordChart` is defined multiple times

Import trace:
  Server Component:
    ./app/music/charts/ChartsPageClient.tsx
    ./app/music/charts/page.tsx @ http://localhost:3000/_next/static/chunks/node_modules_next_dist_f3530cac._.js:3127
[ 1538372ms] [ERROR] ./app/music/charts/ChartsPageClient.tsx:486:10
Ecmascript file had an error
  484 | }
  485 |
> 486 | function FakeBundlePreview({ album }: { album: AlbumResourcePack }) {
      |          ^^^^^^^^^^^^^^^^^
  487 |   return (
  488 |     <div className={styles.bundleMock}>
  489 |       <div className={styles.bundleStack} aria-hidden="true">

the name `FakeBundlePreview` is defined multiple times

Import trace:
  Server Component:
    ./app/music/charts/ChartsPageClient.tsx
    ./app/music/charts/page.tsx @ http://localhost:3000/_next/static/chunks/node_modules_next_dist_f3530cac._.js:3127
[ 1538372ms] [ERROR] ./app/music/charts/ChartsPageClient.tsx:447:10
Ecmascript file had an error
  445 | }
  446 |
> 447 | function FakeChordChart({ title, selectedKey }: { title: string; selectedKey: string }) {
      |          ^^^^^^^^^^^^^^
  448 |   return (
  449 |     <div className={styles.pdfMock}>
  450 |       <div className={styles.pdfToolbar} aria-hidden="true">

the name `FakeChordChart` is defined multiple times

Import trace:
  Server Component:
    ./app/music/charts/ChartsPageClient.tsx
    ./app/music/charts/page.tsx @ http://localhost:3000/_next/static/chunks/node_modules_next_dist_f3530cac._.js:3127
[ 1538437ms] [ERROR] ./app/music/charts/ChartsPageClient.tsx:486:10
Ecmascript file had an error
  484 | }
  485 |
> 486 | function FakeBundlePreview({ album }: { album: AlbumResourcePack }) {
      |          ^^^^^^^^^^^^^^^^^
  487 |   return (
  488 |     <div className={styles.bundleMock}>
  489 |       <div className={styles.bundleStack} aria-hidden="true">

the name `FakeBundlePreview` is defined multiple times

Import trace:
  Server Component:
    ./app/music/charts/ChartsPageClient.tsx
    ./app/music/charts/page.tsx @ http://localhost:3000/_next/static/chunks/node_modules_next_dist_f3530cac._.js:3127
[ 1538437ms] [ERROR] ./app/music/charts/ChartsPageClient.tsx:447:10
Ecmascript file had an error
  445 | }
  446 |
> 447 | function FakeChordChart({ title, selectedKey }: { title: string; selectedKey: string }) {
      |          ^^^^^^^^^^^^^^
  448 |   return (
  449 |     <div className={styles.pdfMock}>
  450 |       <div className={styles.pdfToolbar} aria-hidden="true">

the name `FakeChordChart` is defined multiple times

Import trace:
  Server Component:
    ./app/music/charts/ChartsPageClient.tsx
    ./app/music/charts/page.tsx @ http://localhost:3000/_next/static/chunks/node_modules_next_dist_f3530cac._.js:3127
[ 1538501ms] [ERROR] ./app/music/charts/ChartsPageClient.tsx:486:10
Ecmascript file had an error
  484 | }
  485 |
> 486 | function FakeBundlePreview({ album }: { album: AlbumResourcePack }) {
      |          ^^^^^^^^^^^^^^^^^
  487 |   return (
  488 |     <div className={styles.bundleMock}>
  489 |       <div className={styles.bundleStack} aria-hidden="true">

the name `FakeBundlePreview` is defined multiple times

Import trace:
  Server Component:
    ./app/music/charts/ChartsPageClient.tsx
    ./app/music/charts/page.tsx @ http://localhost:3000/_next/static/chunks/node_modules_next_dist_f3530cac._.js:3127
[ 1538502ms] [ERROR] ./app/music/charts/ChartsPageClient.tsx:447:10
Ecmascript file had an error
  445 | }
  446 |
> 447 | function FakeChordChart({ title, selectedKey }: { title: string; selectedKey: string }) {
      |          ^^^^^^^^^^^^^^
  448 |   return (
  449 |     <div className={styles.pdfMock}>
  450 |       <div className={styles.pdfToolbar} aria-hidden="true">

the name `FakeChordChart` is defined multiple times

Import trace:
  Server Component:
    ./app/music/charts/ChartsPageClient.tsx
    ./app/music/charts/page.tsx @ http://localhost:3000/_next/static/chunks/node_modules_next_dist_f3530cac._.js:3127
[ 1538560ms] [ERROR] ./app/music/charts/ChartsPageClient.tsx:486:10
Ecmascript file had an error
  484 | }
  485 |
> 486 | function FakeBundlePreview({ album }: { album: AlbumResourcePack }) {
      |          ^^^^^^^^^^^^^^^^^
  487 |   return (
  488 |     <div className={styles.bundleMock}>
  489 |       <div className={styles.bundleStack} aria-hidden="true">

the name `FakeBundlePreview` is defined multiple times

Import trace:
  Server Component:
    ./app/music/charts/ChartsPageClient.tsx
    ./app/music/charts/page.tsx @ http://localhost:3000/_next/static/chunks/node_modules_next_dist_f3530cac._.js:3127
[ 1538560ms] [ERROR] ./app/music/charts/ChartsPageClient.tsx:447:10
Ecmascript file had an error
  445 | }
  446 |
> 447 | function FakeChordChart({ title, selectedKey }: { title: string; selectedKey: string }) {
      |          ^^^^^^^^^^^^^^
  448 |   return (
  449 |     <div className={styles.pdfMock}>
  450 |       <div className={styles.pdfToolbar} aria-hidden="true">

the name `FakeChordChart` is defined multiple times

Import trace:
  Server Component:
    ./app/music/charts/ChartsPageClient.tsx
    ./app/music/charts/page.tsx @ http://localhost:3000/_next/static/chunks/node_modules_next_dist_f3530cac._.js:3127
[ 1538626ms] [ERROR] ./app/music/charts/ChartsPageClient.tsx:486:10
Ecmascript file had an error
  484 | }
  485 |
> 486 | function FakeBundlePreview({ album }: { album: AlbumResourcePack }) {
      |          ^^^^^^^^^^^^^^^^^
  487 |   return (
  488 |     <div className={styles.bundleMock}>
  489 |       <div className={styles.bundleStack} aria-hidden="true">

the name `FakeBundlePreview` is defined multiple times

Import trace:
  Server Component:
    ./app/music/charts/ChartsPageClient.tsx
    ./app/music/charts/page.tsx @ http://localhost:3000/_next/static/chunks/node_modules_next_dist_f3530cac._.js:3127
[ 1538626ms] [ERROR] ./app/music/charts/ChartsPageClient.tsx:447:10
Ecmascript file had an error
  445 | }
  446 |
> 447 | function FakeChordChart({ title, selectedKey }: { title: string; selectedKey: string }) {
      |          ^^^^^^^^^^^^^^
  448 |   return (
  449 |     <div className={styles.pdfMock}>
  450 |       <div className={styles.pdfToolbar} aria-hidden="true">

the name `FakeChordChart` is defined multiple times

Import trace:
  Server Component:
    ./app/music/charts/ChartsPageClient.tsx
    ./app/music/charts/page.tsx @ http://localhost:3000/_next/static/chunks/node_modules_next_dist_f3530cac._.js:3127
[ 1538686ms] [ERROR] ./app/music/charts/ChartsPageClient.tsx:486:10
Ecmascript file had an error
  484 | }
  485 |
> 486 | function FakeBundlePreview({ album }: { album: AlbumResourcePack }) {
      |          ^^^^^^^^^^^^^^^^^
  487 |   return (
  488 |     <div className={styles.bundleMock}>
  489 |       <div className={styles.bundleStack} aria-hidden="true">

the name `FakeBundlePreview` is defined multiple times

Import trace:
  Server Component:
    ./app/music/charts/ChartsPageClient.tsx
    ./app/music/charts/page.tsx @ http://localhost:3000/_next/static/chunks/node_modules_next_dist_f3530cac._.js:3127
[ 1538686ms] [ERROR] ./app/music/charts/ChartsPageClient.tsx:447:10
Ecmascript file had an error
  445 | }
  446 |
> 447 | function FakeChordChart({ title, selectedKey }: { title: string; selectedKey: string }) {
      |          ^^^^^^^^^^^^^^
  448 |   return (
  449 |     <div className={styles.pdfMock}>
  450 |       <div className={styles.pdfToolbar} aria-hidden="true">

the name `FakeChordChart` is defined multiple times

Import trace:
  Server Component:
    ./app/music/charts/ChartsPageClient.tsx
    ./app/music/charts/page.tsx @ http://localhost:3000/_next/static/chunks/node_modules_next_dist_f3530cac._.js:3127
[ 1538749ms] [ERROR] ./app/music/charts/ChartsPageClient.tsx:486:10
Ecmascript file had an error
  484 | }
  485 |
> 486 | function FakeBundlePreview({ album }: { album: AlbumResourcePack }) {
      |          ^^^^^^^^^^^^^^^^^
  487 |   return (
  488 |     <div className={styles.bundleMock}>
  489 |       <div className={styles.bundleStack} aria-hidden="true">

the name `FakeBundlePreview` is defined multiple times

Import trace:
  Server Component:
    ./app/music/charts/ChartsPageClient.tsx
    ./app/music/charts/page.tsx @ http://localhost:3000/_next/static/chunks/node_modules_next_dist_f3530cac._.js:3127
[ 1538749ms] [ERROR] ./app/music/charts/ChartsPageClient.tsx:447:10
Ecmascript file had an error
  445 | }
  446 |
> 447 | function FakeChordChart({ title, selectedKey }: { title: string; selectedKey: string }) {
      |          ^^^^^^^^^^^^^^
  448 |   return (
  449 |     <div className={styles.pdfMock}>
  450 |       <div className={styles.pdfToolbar} aria-hidden="true">

the name `FakeChordChart` is defined multiple times

Import trace:
  Server Component:
    ./app/music/charts/ChartsPageClient.tsx
    ./app/music/charts/page.tsx @ http://localhost:3000/_next/static/chunks/node_modules_next_dist_f3530cac._.js:3127
[ 1538811ms] [ERROR] ./app/music/charts/ChartsPageClient.tsx:486:10
Ecmascript file had an error
  484 | }
  485 |
> 486 | function FakeBundlePreview({ album }: { album: AlbumResourcePack }) {
      |          ^^^^^^^^^^^^^^^^^
  487 |   return (
  488 |     <div className={styles.bundleMock}>
  489 |       <div className={styles.bundleStack} aria-hidden="true">

the name `FakeBundlePreview` is defined multiple times

Import trace:
  Server Component:
    ./app/music/charts/ChartsPageClient.tsx
    ./app/music/charts/page.tsx @ http://localhost:3000/_next/static/chunks/node_modules_next_dist_f3530cac._.js:3127
[ 1538811ms] [ERROR] ./app/music/charts/ChartsPageClient.tsx:447:10
Ecmascript file had an error
  445 | }
  446 |
> 447 | function FakeChordChart({ title, selectedKey }: { title: string; selectedKey: string }) {
      |          ^^^^^^^^^^^^^^
  448 |   return (
  449 |     <div className={styles.pdfMock}>
  450 |       <div className={styles.pdfToolbar} aria-hidden="true">

the name `FakeChordChart` is defined multiple times

Import trace:
  Server Component:
    ./app/music/charts/ChartsPageClient.tsx
    ./app/music/charts/page.tsx @ http://localhost:3000/_next/static/chunks/node_modules_next_dist_f3530cac._.js:3127
[ 1538871ms] [ERROR] ./app/music/charts/ChartsPageClient.tsx:486:10
Ecmascript file had an error
  484 | }
  485 |
> 486 | function FakeBundlePreview({ album }: { album: AlbumResourcePack }) {
      |          ^^^^^^^^^^^^^^^^^
  487 |   return (
  488 |     <div className={styles.bundleMock}>
  489 |       <div className={styles.bundleStack} aria-hidden="true">

the name `FakeBundlePreview` is defined multiple times

Import trace:
  Server Component:
    ./app/music/charts/ChartsPageClient.tsx
    ./app/music/charts/page.tsx @ http://localhost:3000/_next/static/chunks/node_modules_next_dist_f3530cac._.js:3127
[ 1538872ms] [ERROR] ./app/music/charts/ChartsPageClient.tsx:447:10
Ecmascript file had an error
  445 | }
  446 |
> 447 | function FakeChordChart({ title, selectedKey }: { title: string; selectedKey: string }) {
      |          ^^^^^^^^^^^^^^
  448 |   return (
  449 |     <div className={styles.pdfMock}>
  450 |       <div className={styles.pdfToolbar} aria-hidden="true">

the name `FakeChordChart` is defined multiple times

Import trace:
  Server Component:
    ./app/music/charts/ChartsPageClient.tsx
    ./app/music/charts/page.tsx @ http://localhost:3000/_next/static/chunks/node_modules_next_dist_f3530cac._.js:3127
[ 1538935ms] [ERROR] ./app/music/charts/ChartsPageClient.tsx:486:10
Ecmascript file had an error
  484 | }
  485 |
> 486 | function FakeBundlePreview({ album }: { album: AlbumResourcePack }) {
      |          ^^^^^^^^^^^^^^^^^
  487 |   return (
  488 |     <div className={styles.bundleMock}>
  489 |       <div className={styles.bundleStack} aria-hidden="true">

the name `FakeBundlePreview` is defined multiple times

Import trace:
  Server Component:
    ./app/music/charts/ChartsPageClient.tsx
    ./app/music/charts/page.tsx @ http://localhost:3000/_next/static/chunks/node_modules_next_dist_f3530cac._.js:3127
[ 1538935ms] [ERROR] ./app/music/charts/ChartsPageClient.tsx:447:10
Ecmascript file had an error
  445 | }
  446 |
> 447 | function FakeChordChart({ title, selectedKey }: { title: string; selectedKey: string }) {
      |          ^^^^^^^^^^^^^^
  448 |   return (
  449 |     <div className={styles.pdfMock}>
  450 |       <div className={styles.pdfToolbar} aria-hidden="true">

the name `FakeChordChart` is defined multiple times

Import trace:
  Server Component:
    ./app/music/charts/ChartsPageClient.tsx
    ./app/music/charts/page.tsx @ http://localhost:3000/_next/static/chunks/node_modules_next_dist_f3530cac._.js:3127
[ 1538997ms] [ERROR] ./app/music/charts/ChartsPageClient.tsx:486:10
Ecmascript file had an error
  484 | }
  485 |
> 486 | function FakeBundlePreview({ album }: { album: AlbumResourcePack }) {
      |          ^^^^^^^^^^^^^^^^^
  487 |   return (
  488 |     <div className={styles.bundleMock}>
  489 |       <div className={styles.bundleStack} aria-hidden="true">

the name `FakeBundlePreview` is defined multiple times

Import trace:
  Server Component:
    ./app/music/charts/ChartsPageClient.tsx
    ./app/music/charts/page.tsx @ http://localhost:3000/_next/static/chunks/node_modules_next_dist_f3530cac._.js:3127
[ 1538998ms] [ERROR] ./app/music/charts/ChartsPageClient.tsx:447:10
Ecmascript file had an error
  445 | }
  446 |
> 447 | function FakeChordChart({ title, selectedKey }: { title: string; selectedKey: string }) {
      |          ^^^^^^^^^^^^^^
  448 |   return (
  449 |     <div className={styles.pdfMock}>
  450 |       <div className={styles.pdfToolbar} aria-hidden="true">

the name `FakeChordChart` is defined multiple times

Import trace:
  Server Component:
    ./app/music/charts/ChartsPageClient.tsx
    ./app/music/charts/page.tsx @ http://localhost:3000/_next/static/chunks/node_modules_next_dist_f3530cac._.js:3127
[ 1539058ms] [ERROR] ./app/music/charts/ChartsPageClient.tsx:486:10
Ecmascript file had an error
  484 | }
  485 |
> 486 | function FakeBundlePreview({ album }: { album: AlbumResourcePack }) {
      |          ^^^^^^^^^^^^^^^^^
  487 |   return (
  488 |     <div className={styles.bundleMock}>
  489 |       <div className={styles.bundleStack} aria-hidden="true">

the name `FakeBundlePreview` is defined multiple times

Import trace:
  Server Component:
    ./app/music/charts/ChartsPageClient.tsx
    ./app/music/charts/page.tsx @ http://localhost:3000/_next/static/chunks/node_modules_next_dist_f3530cac._.js:3127
[ 1539059ms] [ERROR] ./app/music/charts/ChartsPageClient.tsx:447:10
Ecmascript file had an error
  445 | }
  446 |
> 447 | function FakeChordChart({ title, selectedKey }: { title: string; selectedKey: string }) {
      |          ^^^^^^^^^^^^^^
  448 |   return (
  449 |     <div className={styles.pdfMock}>
  450 |       <div className={styles.pdfToolbar} aria-hidden="true">

the name `FakeChordChart` is defined multiple times

Import trace:
  Server Component:
    ./app/music/charts/ChartsPageClient.tsx
    ./app/music/charts/page.tsx @ http://localhost:3000/_next/static/chunks/node_modules_next_dist_f3530cac._.js:3127
[ 1539121ms] [ERROR] ./app/music/charts/ChartsPageClient.tsx:486:10
Ecmascript file had an error
  484 | }
  485 |
> 486 | function FakeBundlePreview({ album }: { album: AlbumResourcePack }) {
      |          ^^^^^^^^^^^^^^^^^
  487 |   return (
  488 |     <div className={styles.bundleMock}>
  489 |       <div className={styles.bundleStack} aria-hidden="true">

the name `FakeBundlePreview` is defined multiple times

Import trace:
  Server Component:
    ./app/music/charts/ChartsPageClient.tsx
    ./app/music/charts/page.tsx @ http://localhost:3000/_next/static/chunks/node_modules_next_dist_f3530cac._.js:3127
[ 1539121ms] [ERROR] ./app/music/charts/ChartsPageClient.tsx:447:10
Ecmascript file had an error
  445 | }
  446 |
> 447 | function FakeChordChart({ title, selectedKey }: { title: string; selectedKey: string }) {
      |          ^^^^^^^^^^^^^^
  448 |   return (
  449 |     <div className={styles.pdfMock}>
  450 |       <div className={styles.pdfToolbar} aria-hidden="true">

the name `FakeChordChart` is defined multiple times

Import trace:
  Server Component:
    ./app/music/charts/ChartsPageClient.tsx
    ./app/music/charts/page.tsx @ http://localhost:3000/_next/static/chunks/node_modules_next_dist_f3530cac._.js:3127
[ 1539183ms] [ERROR] ./app/music/charts/ChartsPageClient.tsx:486:10
Ecmascript file had an error
  484 | }
  485 |
> 486 | function FakeBundlePreview({ album }: { album: AlbumResourcePack }) {
      |          ^^^^^^^^^^^^^^^^^
  487 |   return (
  488 |     <div className={styles.bundleMock}>
  489 |       <div className={styles.bundleStack} aria-hidden="true">

the name `FakeBundlePreview` is defined multiple times

Import trace:
  Server Component:
    ./app/music/charts/ChartsPageClient.tsx
    ./app/music/charts/page.tsx @ http://localhost:3000/_next/static/chunks/node_modules_next_dist_f3530cac._.js:3127
[ 1539183ms] [ERROR] ./app/music/charts/ChartsPageClient.tsx:447:10
Ecmascript file had an error
  445 | }
  446 |
> 447 | function FakeChordChart({ title, selectedKey }: { title: string; selectedKey: string }) {
      |          ^^^^^^^^^^^^^^
  448 |   return (
  449 |     <div className={styles.pdfMock}>
  450 |       <div className={styles.pdfToolbar} aria-hidden="true">

the name `FakeChordChart` is defined multiple times

Import trace:
  Server Component:
    ./app/music/charts/ChartsPageClient.tsx
    ./app/music/charts/page.tsx @ http://localhost:3000/_next/static/chunks/node_modules_next_dist_f3530cac._.js:3127
[ 1539245ms] [ERROR] ./app/music/charts/ChartsPageClient.tsx:486:10
Ecmascript file had an error
  484 | }
  485 |
> 486 | function FakeBundlePreview({ album }: { album: AlbumResourcePack }) {
      |          ^^^^^^^^^^^^^^^^^
  487 |   return (
  488 |     <div className={styles.bundleMock}>
  489 |       <div className={styles.bundleStack} aria-hidden="true">

the name `FakeBundlePreview` is defined multiple times

Import trace:
  Server Component:
    ./app/music/charts/ChartsPageClient.tsx
    ./app/music/charts/page.tsx @ http://localhost:3000/_next/static/chunks/node_modules_next_dist_f3530cac._.js:3127
[ 1539245ms] [ERROR] ./app/music/charts/ChartsPageClient.tsx:447:10
Ecmascript file had an error
  445 | }
  446 |
> 447 | function FakeChordChart({ title, selectedKey }: { title: string; selectedKey: string }) {
      |          ^^^^^^^^^^^^^^
  448 |   return (
  449 |     <div className={styles.pdfMock}>
  450 |       <div className={styles.pdfToolbar} aria-hidden="true">

the name `FakeChordChart` is defined multiple times

Import trace:
  Server Component:
    ./app/music/charts/ChartsPageClient.tsx
    ./app/music/charts/page.tsx @ http://localhost:3000/_next/static/chunks/node_modules_next_dist_f3530cac._.js:3127
[ 1539308ms] [ERROR] ./app/music/charts/ChartsPageClient.tsx:486:10
Ecmascript file had an error
  484 | }
  485 |
> 486 | function FakeBundlePreview({ album }: { album: AlbumResourcePack }) {
      |          ^^^^^^^^^^^^^^^^^
  487 |   return (
  488 |     <div className={styles.bundleMock}>
  489 |       <div className={styles.bundleStack} aria-hidden="true">

the name `FakeBundlePreview` is defined multiple times

Import trace:
  Server Component:
    ./app/music/charts/ChartsPageClient.tsx
    ./app/music/charts/page.tsx @ http://localhost:3000/_next/static/chunks/node_modules_next_dist_f3530cac._.js:3127
[ 1539308ms] [ERROR] ./app/music/charts/ChartsPageClient.tsx:447:10
Ecmascript file had an error
  445 | }
  446 |
> 447 | function FakeChordChart({ title, selectedKey }: { title: string; selectedKey: string }) {
      |          ^^^^^^^^^^^^^^
  448 |   return (
  449 |     <div className={styles.pdfMock}>
  450 |       <div className={styles.pdfToolbar} aria-hidden="true">

the name `FakeChordChart` is defined multiple times

Import trace:
  Server Component:
    ./app/music/charts/ChartsPageClient.tsx
    ./app/music/charts/page.tsx @ http://localhost:3000/_next/static/chunks/node_modules_next_dist_f3530cac._.js:3127
[ 1539368ms] [ERROR] ./app/music/charts/ChartsPageClient.tsx:486:10
Ecmascript file had an error
  484 | }
  485 |
> 486 | function FakeBundlePreview({ album }: { album: AlbumResourcePack }) {
      |          ^^^^^^^^^^^^^^^^^
  487 |   return (
  488 |     <div className={styles.bundleMock}>
  489 |       <div className={styles.bundleStack} aria-hidden="true">

the name `FakeBundlePreview` is defined multiple times

Import trace:
  Server Component:
    ./app/music/charts/ChartsPageClient.tsx
    ./app/music/charts/page.tsx @ http://localhost:3000/_next/static/chunks/node_modules_next_dist_f3530cac._.js:3127
[ 1539368ms] [ERROR] ./app/music/charts/ChartsPageClient.tsx:447:10
Ecmascript file had an error
  445 | }
  446 |
> 447 | function FakeChordChart({ title, selectedKey }: { title: string; selectedKey: string }) {
      |          ^^^^^^^^^^^^^^
  448 |   return (
  449 |     <div className={styles.pdfMock}>
  450 |       <div className={styles.pdfToolbar} aria-hidden="true">

the name `FakeChordChart` is defined multiple times

Import trace:
  Server Component:
    ./app/music/charts/ChartsPageClient.tsx
    ./app/music/charts/page.tsx @ http://localhost:3000/_next/static/chunks/node_modules_next_dist_f3530cac._.js:3127
[ 1539431ms] [ERROR] ./app/music/charts/ChartsPageClient.tsx:486:10
Ecmascript file had an error
  484 | }
  485 |
> 486 | function FakeBundlePreview({ album }: { album: AlbumResourcePack }) {
      |          ^^^^^^^^^^^^^^^^^
  487 |   return (
  488 |     <div className={styles.bundleMock}>
  489 |       <div className={styles.bundleStack} aria-hidden="true">

the name `FakeBundlePreview` is defined multiple times

Import trace:
  Server Component:
    ./app/music/charts/ChartsPageClient.tsx
    ./app/music/charts/page.tsx @ http://localhost:3000/_next/static/chunks/node_modules_next_dist_f3530cac._.js:3127
[ 1539431ms] [ERROR] ./app/music/charts/ChartsPageClient.tsx:447:10
Ecmascript file had an error
  445 | }
  446 |
> 447 | function FakeChordChart({ title, selectedKey }: { title: string; selectedKey: string }) {
      |          ^^^^^^^^^^^^^^
  448 |   return (
  449 |     <div className={styles.pdfMock}>
  450 |       <div className={styles.pdfToolbar} aria-hidden="true">

the name `FakeChordChart` is defined multiple times

Import trace:
  Server Component:
    ./app/music/charts/ChartsPageClient.tsx
    ./app/music/charts/page.tsx @ http://localhost:3000/_next/static/chunks/node_modules_next_dist_f3530cac._.js:3127
[ 1539492ms] [ERROR] ./app/music/charts/ChartsPageClient.tsx:486:10
Ecmascript file had an error
  484 | }
  485 |
> 486 | function FakeBundlePreview({ album }: { album: AlbumResourcePack }) {
      |          ^^^^^^^^^^^^^^^^^
  487 |   return (
  488 |     <div className={styles.bundleMock}>
  489 |       <div className={styles.bundleStack} aria-hidden="true">

the name `FakeBundlePreview` is defined multiple times

Import trace:
  Server Component:
    ./app/music/charts/ChartsPageClient.tsx
    ./app/music/charts/page.tsx @ http://localhost:3000/_next/static/chunks/node_modules_next_dist_f3530cac._.js:3127
[ 1539492ms] [ERROR] ./app/music/charts/ChartsPageClient.tsx:447:10
Ecmascript file had an error
  445 | }
  446 |
> 447 | function FakeChordChart({ title, selectedKey }: { title: string; selectedKey: string }) {
      |          ^^^^^^^^^^^^^^
  448 |   return (
  449 |     <div className={styles.pdfMock}>
  450 |       <div className={styles.pdfToolbar} aria-hidden="true">

the name `FakeChordChart` is defined multiple times

Import trace:
  Server Component:
    ./app/music/charts/ChartsPageClient.tsx
    ./app/music/charts/page.tsx @ http://localhost:3000/_next/static/chunks/node_modules_next_dist_f3530cac._.js:3127
[ 1539555ms] [ERROR] ./app/music/charts/ChartsPageClient.tsx:486:10
Ecmascript file had an error
  484 | }
  485 |
> 486 | function FakeBundlePreview({ album }: { album: AlbumResourcePack }) {
      |          ^^^^^^^^^^^^^^^^^
  487 |   return (
  488 |     <div className={styles.bundleMock}>
  489 |       <div className={styles.bundleStack} aria-hidden="true">

the name `FakeBundlePreview` is defined multiple times

Import trace:
  Server Component:
    ./app/music/charts/ChartsPageClient.tsx
    ./app/music/charts/page.tsx @ http://localhost:3000/_next/static/chunks/node_modules_next_dist_f3530cac._.js:3127
[ 1539555ms] [ERROR] ./app/music/charts/ChartsPageClient.tsx:447:10
Ecmascript file had an error
  445 | }
  446 |
> 447 | function FakeChordChart({ title, selectedKey }: { title: string; selectedKey: string }) {
      |          ^^^^^^^^^^^^^^
  448 |   return (
  449 |     <div className={styles.pdfMock}>
  450 |       <div className={styles.pdfToolbar} aria-hidden="true">

the name `FakeChordChart` is defined multiple times

Import trace:
  Server Component:
    ./app/music/charts/ChartsPageClient.tsx
    ./app/music/charts/page.tsx @ http://localhost:3000/_next/static/chunks/node_modules_next_dist_f3530cac._.js:3127
[ 1539615ms] [ERROR] ./app/music/charts/ChartsPageClient.tsx:486:10
Ecmascript file had an error
  484 | }
  485 |
> 486 | function FakeBundlePreview({ album }: { album: AlbumResourcePack }) {
      |          ^^^^^^^^^^^^^^^^^
  487 |   return (
  488 |     <div className={styles.bundleMock}>
  489 |       <div className={styles.bundleStack} aria-hidden="true">

the name `FakeBundlePreview` is defined multiple times

Import trace:
  Server Component:
    ./app/music/charts/ChartsPageClient.tsx
    ./app/music/charts/page.tsx @ http://localhost:3000/_next/static/chunks/node_modules_next_dist_f3530cac._.js:3127
[ 1539615ms] [ERROR] ./app/music/charts/ChartsPageClient.tsx:447:10
Ecmascript file had an error
  445 | }
  446 |
> 447 | function FakeChordChart({ title, selectedKey }: { title: string; selectedKey: string }) {
      |          ^^^^^^^^^^^^^^
  448 |   return (
  449 |     <div className={styles.pdfMock}>
  450 |       <div className={styles.pdfToolbar} aria-hidden="true">

the name `FakeChordChart` is defined multiple times

Import trace:
  Server Component:
    ./app/music/charts/ChartsPageClient.tsx
    ./app/music/charts/page.tsx @ http://localhost:3000/_next/static/chunks/node_modules_next_dist_f3530cac._.js:3127
[ 1539679ms] [ERROR] ./app/music/charts/ChartsPageClient.tsx:486:10
Ecmascript file had an error
  484 | }
  485 |
> 486 | function FakeBundlePreview({ album }: { album: AlbumResourcePack }) {
      |          ^^^^^^^^^^^^^^^^^
  487 |   return (
  488 |     <div className={styles.bundleMock}>
  489 |       <div className={styles.bundleStack} aria-hidden="true">

the name `FakeBundlePreview` is defined multiple times

Import trace:
  Server Component:
    ./app/music/charts/ChartsPageClient.tsx
    ./app/music/charts/page.tsx @ http://localhost:3000/_next/static/chunks/node_modules_next_dist_f3530cac._.js:3127
[ 1539679ms] [ERROR] ./app/music/charts/ChartsPageClient.tsx:447:10
Ecmascript file had an error
  445 | }
  446 |
> 447 | function FakeChordChart({ title, selectedKey }: { title: string; selectedKey: string }) {
      |          ^^^^^^^^^^^^^^
  448 |   return (
  449 |     <div className={styles.pdfMock}>
  450 |       <div className={styles.pdfToolbar} aria-hidden="true">

the name `FakeChordChart` is defined multiple times

Import trace:
  Server Component:
    ./app/music/charts/ChartsPageClient.tsx
    ./app/music/charts/page.tsx @ http://localhost:3000/_next/static/chunks/node_modules_next_dist_f3530cac._.js:3127
[ 1539741ms] [ERROR] ./app/music/charts/ChartsPageClient.tsx:486:10
Ecmascript file had an error
  484 | }
  485 |
> 486 | function FakeBundlePreview({ album }: { album: AlbumResourcePack }) {
      |          ^^^^^^^^^^^^^^^^^
  487 |   return (
  488 |     <div className={styles.bundleMock}>
  489 |       <div className={styles.bundleStack} aria-hidden="true">

the name `FakeBundlePreview` is defined multiple times

Import trace:
  Server Component:
    ./app/music/charts/ChartsPageClient.tsx
    ./app/music/charts/page.tsx @ http://localhost:3000/_next/static/chunks/node_modules_next_dist_f3530cac._.js:3127
[ 1539741ms] [ERROR] ./app/music/charts/ChartsPageClient.tsx:447:10
Ecmascript file had an error
  445 | }
  446 |
> 447 | function FakeChordChart({ title, selectedKey }: { title: string; selectedKey: string }) {
      |          ^^^^^^^^^^^^^^
  448 |   return (
  449 |     <div className={styles.pdfMock}>
  450 |       <div className={styles.pdfToolbar} aria-hidden="true">

the name `FakeChordChart` is defined multiple times

Import trace:
  Server Component:
    ./app/music/charts/ChartsPageClient.tsx
    ./app/music/charts/page.tsx @ http://localhost:3000/_next/static/chunks/node_modules_next_dist_f3530cac._.js:3127
[ 1539800ms] [ERROR] ./app/music/charts/ChartsPageClient.tsx:486:10
Ecmascript file had an error
  484 | }
  485 |
> 486 | function FakeBundlePreview({ album }: { album: AlbumResourcePack }) {
      |          ^^^^^^^^^^^^^^^^^
  487 |   return (
  488 |     <div className={styles.bundleMock}>
  489 |       <div className={styles.bundleStack} aria-hidden="true">

the name `FakeBundlePreview` is defined multiple times

Import trace:
  Server Component:
    ./app/music/charts/ChartsPageClient.tsx
    ./app/music/charts/page.tsx @ http://localhost:3000/_next/static/chunks/node_modules_next_dist_f3530cac._.js:3127
[ 1539801ms] [ERROR] ./app/music/charts/ChartsPageClient.tsx:447:10
Ecmascript file had an error
  445 | }
  446 |
> 447 | function FakeChordChart({ title, selectedKey }: { title: string; selectedKey: string }) {
      |          ^^^^^^^^^^^^^^
  448 |   return (
  449 |     <div className={styles.pdfMock}>
  450 |       <div className={styles.pdfToolbar} aria-hidden="true">

the name `FakeChordChart` is defined multiple times

Import trace:
  Server Component:
    ./app/music/charts/ChartsPageClient.tsx
    ./app/music/charts/page.tsx @ http://localhost:3000/_next/static/chunks/node_modules_next_dist_f3530cac._.js:3127
[ 1539861ms] [ERROR] ./app/music/charts/ChartsPageClient.tsx:486:10
Ecmascript file had an error
  484 | }
  485 |
> 486 | function FakeBundlePreview({ album }: { album: AlbumResourcePack }) {
      |          ^^^^^^^^^^^^^^^^^
  487 |   return (
  488 |     <div className={styles.bundleMock}>
  489 |       <div className={styles.bundleStack} aria-hidden="true">

the name `FakeBundlePreview` is defined multiple times

Import trace:
  Server Component:
    ./app/music/charts/ChartsPageClient.tsx
    ./app/music/charts/page.tsx @ http://localhost:3000/_next/static/chunks/node_modules_next_dist_f3530cac._.js:3127
[ 1539861ms] [ERROR] ./app/music/charts/ChartsPageClient.tsx:447:10
Ecmascript file had an error
  445 | }
  446 |
> 447 | function FakeChordChart({ title, selectedKey }: { title: string; selectedKey: string }) {
      |          ^^^^^^^^^^^^^^
  448 |   return (
  449 |     <div className={styles.pdfMock}>
  450 |       <div className={styles.pdfToolbar} aria-hidden="true">

the name `FakeChordChart` is defined multiple times

Import trace:
  Server Component:
    ./app/music/charts/ChartsPageClient.tsx
    ./app/music/charts/page.tsx @ http://localhost:3000/_next/static/chunks/node_modules_next_dist_f3530cac._.js:3127
[ 1539925ms] [ERROR] ./app/music/charts/ChartsPageClient.tsx:486:10
Ecmascript file had an error
  484 | }
  485 |
> 486 | function FakeBundlePreview({ album }: { album: AlbumResourcePack }) {
      |          ^^^^^^^^^^^^^^^^^
  487 |   return (
  488 |     <div className={styles.bundleMock}>
  489 |       <div className={styles.bundleStack} aria-hidden="true">

the name `FakeBundlePreview` is defined multiple times

Import trace:
  Server Component:
    ./app/music/charts/ChartsPageClient.tsx
    ./app/music/charts/page.tsx @ http://localhost:3000/_next/static/chunks/node_modules_next_dist_f3530cac._.js:3127
[ 1539925ms] [ERROR] ./app/music/charts/ChartsPageClient.tsx:447:10
Ecmascript file had an error
  445 | }
  446 |
> 447 | function FakeChordChart({ title, selectedKey }: { title: string; selectedKey: string }) {
      |          ^^^^^^^^^^^^^^
  448 |   return (
  449 |     <div className={styles.pdfMock}>
  450 |       <div className={styles.pdfToolbar} aria-hidden="true">

the name `FakeChordChart` is defined multiple times

Import trace:
  Server Component:
    ./app/music/charts/ChartsPageClient.tsx
    ./app/music/charts/page.tsx @ http://localhost:3000/_next/static/chunks/node_modules_next_dist_f3530cac._.js:3127
[ 1539988ms] [ERROR] ./app/music/charts/ChartsPageClient.tsx:486:10
Ecmascript file had an error
  484 | }
  485 |
> 486 | function FakeBundlePreview({ album }: { album: AlbumResourcePack }) {
      |          ^^^^^^^^^^^^^^^^^
  487 |   return (
  488 |     <div className={styles.bundleMock}>
  489 |       <div className={styles.bundleStack} aria-hidden="true">

the name `FakeBundlePreview` is defined multiple times

Import trace:
  Server Component:
    ./app/music/charts/ChartsPageClient.tsx
    ./app/music/charts/page.tsx @ http://localhost:3000/_next/static/chunks/node_modules_next_dist_f3530cac._.js:3127
[ 1539989ms] [ERROR] ./app/music/charts/ChartsPageClient.tsx:447:10
Ecmascript file had an error
  445 | }
  446 |
> 447 | function FakeChordChart({ title, selectedKey }: { title: string; selectedKey: string }) {
      |          ^^^^^^^^^^^^^^
  448 |   return (
  449 |     <div className={styles.pdfMock}>
  450 |       <div className={styles.pdfToolbar} aria-hidden="true">

the name `FakeChordChart` is defined multiple times

Import trace:
  Server Component:
    ./app/music/charts/ChartsPageClient.tsx
    ./app/music/charts/page.tsx @ http://localhost:3000/_next/static/chunks/node_modules_next_dist_f3530cac._.js:3127
[ 1540049ms] [ERROR] ./app/music/charts/ChartsPageClient.tsx:486:10
Ecmascript file had an error
  484 | }
  485 |
> 486 | function FakeBundlePreview({ album }: { album: AlbumResourcePack }) {
      |          ^^^^^^^^^^^^^^^^^
  487 |   return (
  488 |     <div className={styles.bundleMock}>
  489 |       <div className={styles.bundleStack} aria-hidden="true">

the name `FakeBundlePreview` is defined multiple times

Import trace:
  Server Component:
    ./app/music/charts/ChartsPageClient.tsx
    ./app/music/charts/page.tsx @ http://localhost:3000/_next/static/chunks/node_modules_next_dist_f3530cac._.js:3127
[ 1540049ms] [ERROR] ./app/music/charts/ChartsPageClient.tsx:447:10
Ecmascript file had an error
  445 | }
  446 |
> 447 | function FakeChordChart({ title, selectedKey }: { title: string; selectedKey: string }) {
      |          ^^^^^^^^^^^^^^
  448 |   return (
  449 |     <div className={styles.pdfMock}>
  450 |       <div className={styles.pdfToolbar} aria-hidden="true">

the name `FakeChordChart` is defined multiple times

Import trace:
  Server Component:
    ./app/music/charts/ChartsPageClient.tsx
    ./app/music/charts/page.tsx @ http://localhost:3000/_next/static/chunks/node_modules_next_dist_f3530cac._.js:3127
[ 1540111ms] [ERROR] ./app/music/charts/ChartsPageClient.tsx:486:10
Ecmascript file had an error
  484 | }
  485 |
> 486 | function FakeBundlePreview({ album }: { album: AlbumResourcePack }) {
      |          ^^^^^^^^^^^^^^^^^
  487 |   return (
  488 |     <div className={styles.bundleMock}>
  489 |       <div className={styles.bundleStack} aria-hidden="true">

the name `FakeBundlePreview` is defined multiple times

Import trace:
  Server Component:
    ./app/music/charts/ChartsPageClient.tsx
    ./app/music/charts/page.tsx @ http://localhost:3000/_next/static/chunks/node_modules_next_dist_f3530cac._.js:3127
[ 1540111ms] [ERROR] ./app/music/charts/ChartsPageClient.tsx:447:10
Ecmascript file had an error
  445 | }
  446 |
> 447 | function FakeChordChart({ title, selectedKey }: { title: string; selectedKey: string }) {
      |          ^^^^^^^^^^^^^^
  448 |   return (
  449 |     <div className={styles.pdfMock}>
  450 |       <div className={styles.pdfToolbar} aria-hidden="true">

the name `FakeChordChart` is defined multiple times

Import trace:
  Server Component:
    ./app/music/charts/ChartsPageClient.tsx
    ./app/music/charts/page.tsx @ http://localhost:3000/_next/static/chunks/node_modules_next_dist_f3530cac._.js:3127
[ 1540175ms] [ERROR] ./app/music/charts/ChartsPageClient.tsx:486:10
Ecmascript file had an error
  484 | }
  485 |
> 486 | function FakeBundlePreview({ album }: { album: AlbumResourcePack }) {
      |          ^^^^^^^^^^^^^^^^^
  487 |   return (
  488 |     <div className={styles.bundleMock}>
  489 |       <div className={styles.bundleStack} aria-hidden="true">

the name `FakeBundlePreview` is defined multiple times

Import trace:
  Server Component:
    ./app/music/charts/ChartsPageClient.tsx
    ./app/music/charts/page.tsx @ http://localhost:3000/_next/static/chunks/node_modules_next_dist_f3530cac._.js:3127
[ 1540175ms] [ERROR] ./app/music/charts/ChartsPageClient.tsx:447:10
Ecmascript file had an error
  445 | }
  446 |
> 447 | function FakeChordChart({ title, selectedKey }: { title: string; selectedKey: string }) {
      |          ^^^^^^^^^^^^^^
  448 |   return (
  449 |     <div className={styles.pdfMock}>
  450 |       <div className={styles.pdfToolbar} aria-hidden="true">

the name `FakeChordChart` is defined multiple times

Import trace:
  Server Component:
    ./app/music/charts/ChartsPageClient.tsx
    ./app/music/charts/page.tsx @ http://localhost:3000/_next/static/chunks/node_modules_next_dist_f3530cac._.js:3127
[ 1540236ms] [ERROR] ./app/music/charts/ChartsPageClient.tsx:486:10
Ecmascript file had an error
  484 | }
  485 |
> 486 | function FakeBundlePreview({ album }: { album: AlbumResourcePack }) {
      |          ^^^^^^^^^^^^^^^^^
  487 |   return (
  488 |     <div className={styles.bundleMock}>
  489 |       <div className={styles.bundleStack} aria-hidden="true">

the name `FakeBundlePreview` is defined multiple times

Import trace:
  Server Component:
    ./app/music/charts/ChartsPageClient.tsx
    ./app/music/charts/page.tsx @ http://localhost:3000/_next/static/chunks/node_modules_next_dist_f3530cac._.js:3127
[ 1540237ms] [ERROR] ./app/music/charts/ChartsPageClient.tsx:447:10
Ecmascript file had an error
  445 | }
  446 |
> 447 | function FakeChordChart({ title, selectedKey }: { title: string; selectedKey: string }) {
      |          ^^^^^^^^^^^^^^
  448 |   return (
  449 |     <div className={styles.pdfMock}>
  450 |       <div className={styles.pdfToolbar} aria-hidden="true">

the name `FakeChordChart` is defined multiple times

Import trace:
  Server Component:
    ./app/music/charts/ChartsPageClient.tsx
    ./app/music/charts/page.tsx @ http://localhost:3000/_next/static/chunks/node_modules_next_dist_f3530cac._.js:3127
[ 1540303ms] [ERROR] ./app/music/charts/ChartsPageClient.tsx:486:10
Ecmascript file had an error
  484 | }
  485 |
> 486 | function FakeBundlePreview({ album }: { album: AlbumResourcePack }) {
      |          ^^^^^^^^^^^^^^^^^
  487 |   return (
  488 |     <div className={styles.bundleMock}>
  489 |       <div className={styles.bundleStack} aria-hidden="true">

the name `FakeBundlePreview` is defined multiple times

Import trace:
  Server Component:
    ./app/music/charts/ChartsPageClient.tsx
    ./app/music/charts/page.tsx @ http://localhost:3000/_next/static/chunks/node_modules_next_dist_f3530cac._.js:3127
[ 1540304ms] [ERROR] ./app/music/charts/ChartsPageClient.tsx:447:10
Ecmascript file had an error
  445 | }
  446 |
> 447 | function FakeChordChart({ title, selectedKey }: { title: string; selectedKey: string }) {
      |          ^^^^^^^^^^^^^^
  448 |   return (
  449 |     <div className={styles.pdfMock}>
  450 |       <div className={styles.pdfToolbar} aria-hidden="true">

the name `FakeChordChart` is defined multiple times

Import trace:
  Server Component:
    ./app/music/charts/ChartsPageClient.tsx
    ./app/music/charts/page.tsx @ http://localhost:3000/_next/static/chunks/node_modules_next_dist_f3530cac._.js:3127
[ 1540364ms] [ERROR] ./app/music/charts/ChartsPageClient.tsx:486:10
Ecmascript file had an error
  484 | }
  485 |
> 486 | function FakeBundlePreview({ album }: { album: AlbumResourcePack }) {
      |          ^^^^^^^^^^^^^^^^^
  487 |   return (
  488 |     <div className={styles.bundleMock}>
  489 |       <div className={styles.bundleStack} aria-hidden="true">

the name `FakeBundlePreview` is defined multiple times

Import trace:
  Server Component:
    ./app/music/charts/ChartsPageClient.tsx
    ./app/music/charts/page.tsx @ http://localhost:3000/_next/static/chunks/node_modules_next_dist_f3530cac._.js:3127
[ 1540364ms] [ERROR] ./app/music/charts/ChartsPageClient.tsx:447:10
Ecmascript file had an error
  445 | }
  446 |
> 447 | function FakeChordChart({ title, selectedKey }: { title: string; selectedKey: string }) {
      |          ^^^^^^^^^^^^^^
  448 |   return (
  449 |     <div className={styles.pdfMock}>
  450 |       <div className={styles.pdfToolbar} aria-hidden="true">

the name `FakeChordChart` is defined multiple times

Import trace:
  Server Component:
    ./app/music/charts/ChartsPageClient.tsx
    ./app/music/charts/page.tsx @ http://localhost:3000/_next/static/chunks/node_modules_next_dist_f3530cac._.js:3127
[ 1540424ms] [ERROR] ./app/music/charts/ChartsPageClient.tsx:486:10
Ecmascript file had an error
  484 | }
  485 |
> 486 | function FakeBundlePreview({ album }: { album: AlbumResourcePack }) {
      |          ^^^^^^^^^^^^^^^^^
  487 |   return (
  488 |     <div className={styles.bundleMock}>
  489 |       <div className={styles.bundleStack} aria-hidden="true">

the name `FakeBundlePreview` is defined multiple times

Import trace:
  Server Component:
    ./app/music/charts/ChartsPageClient.tsx
    ./app/music/charts/page.tsx @ http://localhost:3000/_next/static/chunks/node_modules_next_dist_f3530cac._.js:3127
[ 1540424ms] [ERROR] ./app/music/charts/ChartsPageClient.tsx:447:10
Ecmascript file had an error
  445 | }
  446 |
> 447 | function FakeChordChart({ title, selectedKey }: { title: string; selectedKey: string }) {
      |          ^^^^^^^^^^^^^^
  448 |   return (
  449 |     <div className={styles.pdfMock}>
  450 |       <div className={styles.pdfToolbar} aria-hidden="true">

the name `FakeChordChart` is defined multiple times

Import trace:
  Server Component:
    ./app/music/charts/ChartsPageClient.tsx
    ./app/music/charts/page.tsx @ http://localhost:3000/_next/static/chunks/node_modules_next_dist_f3530cac._.js:3127
[ 1540485ms] [ERROR] ./app/music/charts/ChartsPageClient.tsx:486:10
Ecmascript file had an error
  484 | }
  485 |
> 486 | function FakeBundlePreview({ album }: { album: AlbumResourcePack }) {
      |          ^^^^^^^^^^^^^^^^^
  487 |   return (
  488 |     <div className={styles.bundleMock}>
  489 |       <div className={styles.bundleStack} aria-hidden="true">

the name `FakeBundlePreview` is defined multiple times

Import trace:
  Server Component:
    ./app/music/charts/ChartsPageClient.tsx
    ./app/music/charts/page.tsx @ http://localhost:3000/_next/static/chunks/node_modules_next_dist_f3530cac._.js:3127
[ 1540486ms] [ERROR] ./app/music/charts/ChartsPageClient.tsx:447:10
Ecmascript file had an error
  445 | }
  446 |
> 447 | function FakeChordChart({ title, selectedKey }: { title: string; selectedKey: string }) {
      |          ^^^^^^^^^^^^^^
  448 |   return (
  449 |     <div className={styles.pdfMock}>
  450 |       <div className={styles.pdfToolbar} aria-hidden="true">

the name `FakeChordChart` is defined multiple times

Import trace:
  Server Component:
    ./app/music/charts/ChartsPageClient.tsx
    ./app/music/charts/page.tsx @ http://localhost:3000/_next/static/chunks/node_modules_next_dist_f3530cac._.js:3127
[ 1540548ms] [ERROR] ./app/music/charts/ChartsPageClient.tsx:486:10
Ecmascript file had an error
  484 | }
  485 |
> 486 | function FakeBundlePreview({ album }: { album: AlbumResourcePack }) {
      |          ^^^^^^^^^^^^^^^^^
  487 |   return (
  488 |     <div className={styles.bundleMock}>
  489 |       <div className={styles.bundleStack} aria-hidden="true">

the name `FakeBundlePreview` is defined multiple times

Import trace:
  Server Component:
    ./app/music/charts/ChartsPageClient.tsx
    ./app/music/charts/page.tsx @ http://localhost:3000/_next/static/chunks/node_modules_next_dist_f3530cac._.js:3127
[ 1540548ms] [ERROR] ./app/music/charts/ChartsPageClient.tsx:447:10
Ecmascript file had an error
  445 | }
  446 |
> 447 | function FakeChordChart({ title, selectedKey }: { title: string; selectedKey: string }) {
      |          ^^^^^^^^^^^^^^
  448 |   return (
  449 |     <div className={styles.pdfMock}>
  450 |       <div className={styles.pdfToolbar} aria-hidden="true">

the name `FakeChordChart` is defined multiple times

Import trace:
  Server Component:
    ./app/music/charts/ChartsPageClient.tsx
    ./app/music/charts/page.tsx @ http://localhost:3000/_next/static/chunks/node_modules_next_dist_f3530cac._.js:3127
[ 1540612ms] [ERROR] ./app/music/charts/ChartsPageClient.tsx:486:10
Ecmascript file had an error
  484 | }
  485 |
> 486 | function FakeBundlePreview({ album }: { album: AlbumResourcePack }) {
      |          ^^^^^^^^^^^^^^^^^
  487 |   return (
  488 |     <div className={styles.bundleMock}>
  489 |       <div className={styles.bundleStack} aria-hidden="true">

the name `FakeBundlePreview` is defined multiple times

Import trace:
  Server Component:
    ./app/music/charts/ChartsPageClient.tsx
    ./app/music/charts/page.tsx @ http://localhost:3000/_next/static/chunks/node_modules_next_dist_f3530cac._.js:3127
[ 1540612ms] [ERROR] ./app/music/charts/ChartsPageClient.tsx:447:10
Ecmascript file had an error
  445 | }
  446 |
> 447 | function FakeChordChart({ title, selectedKey }: { title: string; selectedKey: string }) {
      |          ^^^^^^^^^^^^^^
  448 |   return (
  449 |     <div className={styles.pdfMock}>
  450 |       <div className={styles.pdfToolbar} aria-hidden="true">

the name `FakeChordChart` is defined multiple times

Import trace:
  Server Component:
    ./app/music/charts/ChartsPageClient.tsx
    ./app/music/charts/page.tsx @ http://localhost:3000/_next/static/chunks/node_modules_next_dist_f3530cac._.js:3127
[ 1540673ms] [ERROR] ./app/music/charts/ChartsPageClient.tsx:486:10
Ecmascript file had an error
  484 | }
  485 |
> 486 | function FakeBundlePreview({ album }: { album: AlbumResourcePack }) {
      |          ^^^^^^^^^^^^^^^^^
  487 |   return (
  488 |     <div className={styles.bundleMock}>
  489 |       <div className={styles.bundleStack} aria-hidden="true">

the name `FakeBundlePreview` is defined multiple times

Import trace:
  Server Component:
    ./app/music/charts/ChartsPageClient.tsx
    ./app/music/charts/page.tsx @ http://localhost:3000/_next/static/chunks/node_modules_next_dist_f3530cac._.js:3127
[ 1540673ms] [ERROR] ./app/music/charts/ChartsPageClient.tsx:447:10
Ecmascript file had an error
  445 | }
  446 |
> 447 | function FakeChordChart({ title, selectedKey }: { title: string; selectedKey: string }) {
      |          ^^^^^^^^^^^^^^
  448 |   return (
  449 |     <div className={styles.pdfMock}>
  450 |       <div className={styles.pdfToolbar} aria-hidden="true">

the name `FakeChordChart` is defined multiple times

Import trace:
  Server Component:
    ./app/music/charts/ChartsPageClient.tsx
    ./app/music/charts/page.tsx @ http://localhost:3000/_next/static/chunks/node_modules_next_dist_f3530cac._.js:3127
[ 1540738ms] [ERROR] ./app/music/charts/ChartsPageClient.tsx:486:10
Ecmascript file had an error
  484 | }
  485 |
> 486 | function FakeBundlePreview({ album }: { album: AlbumResourcePack }) {
      |          ^^^^^^^^^^^^^^^^^
  487 |   return (
  488 |     <div className={styles.bundleMock}>
  489 |       <div className={styles.bundleStack} aria-hidden="true">

the name `FakeBundlePreview` is defined multiple times

Import trace:
  Server Component:
    ./app/music/charts/ChartsPageClient.tsx
    ./app/music/charts/page.tsx @ http://localhost:3000/_next/static/chunks/node_modules_next_dist_f3530cac._.js:3127
[ 1540738ms] [ERROR] ./app/music/charts/ChartsPageClient.tsx:447:10
Ecmascript file had an error
  445 | }
  446 |
> 447 | function FakeChordChart({ title, selectedKey }: { title: string; selectedKey: string }) {
      |          ^^^^^^^^^^^^^^
  448 |   return (
  449 |     <div className={styles.pdfMock}>
  450 |       <div className={styles.pdfToolbar} aria-hidden="true">

the name `FakeChordChart` is defined multiple times

Import trace:
  Server Component:
    ./app/music/charts/ChartsPageClient.tsx
    ./app/music/charts/page.tsx @ http://localhost:3000/_next/static/chunks/node_modules_next_dist_f3530cac._.js:3127
[ 1540802ms] [ERROR] ./app/music/charts/ChartsPageClient.tsx:486:10
Ecmascript file had an error
  484 | }
  485 |
> 486 | function FakeBundlePreview({ album }: { album: AlbumResourcePack }) {
      |          ^^^^^^^^^^^^^^^^^
  487 |   return (
  488 |     <div className={styles.bundleMock}>
  489 |       <div className={styles.bundleStack} aria-hidden="true">

the name `FakeBundlePreview` is defined multiple times

Import trace:
  Server Component:
    ./app/music/charts/ChartsPageClient.tsx
    ./app/music/charts/page.tsx @ http://localhost:3000/_next/static/chunks/node_modules_next_dist_f3530cac._.js:3127
[ 1540802ms] [ERROR] ./app/music/charts/ChartsPageClient.tsx:447:10
Ecmascript file had an error
  445 | }
  446 |
> 447 | function FakeChordChart({ title, selectedKey }: { title: string; selectedKey: string }) {
      |          ^^^^^^^^^^^^^^
  448 |   return (
  449 |     <div className={styles.pdfMock}>
  450 |       <div className={styles.pdfToolbar} aria-hidden="true">

the name `FakeChordChart` is defined multiple times

Import trace:
  Server Component:
    ./app/music/charts/ChartsPageClient.tsx
    ./app/music/charts/page.tsx @ http://localhost:3000/_next/static/chunks/node_modules_next_dist_f3530cac._.js:3127
[ 1540860ms] [ERROR] ./app/music/charts/ChartsPageClient.tsx:486:10
Ecmascript file had an error
  484 | }
  485 |
> 486 | function FakeBundlePreview({ album }: { album: AlbumResourcePack }) {
      |          ^^^^^^^^^^^^^^^^^
  487 |   return (
  488 |     <div className={styles.bundleMock}>
  489 |       <div className={styles.bundleStack} aria-hidden="true">

the name `FakeBundlePreview` is defined multiple times

Import trace:
  Server Component:
    ./app/music/charts/ChartsPageClient.tsx
    ./app/music/charts/page.tsx @ http://localhost:3000/_next/static/chunks/node_modules_next_dist_f3530cac._.js:3127
[ 1540861ms] [ERROR] ./app/music/charts/ChartsPageClient.tsx:447:10
Ecmascript file had an error
  445 | }
  446 |
> 447 | function FakeChordChart({ title, selectedKey }: { title: string; selectedKey: string }) {
      |          ^^^^^^^^^^^^^^
  448 |   return (
  449 |     <div className={styles.pdfMock}>
  450 |       <div className={styles.pdfToolbar} aria-hidden="true">

the name `FakeChordChart` is defined multiple times

Import trace:
  Server Component:
    ./app/music/charts/ChartsPageClient.tsx
    ./app/music/charts/page.tsx @ http://localhost:3000/_next/static/chunks/node_modules_next_dist_f3530cac._.js:3127
[ 1540923ms] [ERROR] ./app/music/charts/ChartsPageClient.tsx:486:10
Ecmascript file had an error
  484 | }
  485 |
> 486 | function FakeBundlePreview({ album }: { album: AlbumResourcePack }) {
      |          ^^^^^^^^^^^^^^^^^
  487 |   return (
  488 |     <div className={styles.bundleMock}>
  489 |       <div className={styles.bundleStack} aria-hidden="true">

the name `FakeBundlePreview` is defined multiple times

Import trace:
  Server Component:
    ./app/music/charts/ChartsPageClient.tsx
    ./app/music/charts/page.tsx @ http://localhost:3000/_next/static/chunks/node_modules_next_dist_f3530cac._.js:3127
[ 1540923ms] [ERROR] ./app/music/charts/ChartsPageClient.tsx:447:10
Ecmascript file had an error
  445 | }
  446 |
> 447 | function FakeChordChart({ title, selectedKey }: { title: string; selectedKey: string }) {
      |          ^^^^^^^^^^^^^^
  448 |   return (
  449 |     <div className={styles.pdfMock}>
  450 |       <div className={styles.pdfToolbar} aria-hidden="true">

the name `FakeChordChart` is defined multiple times

Import trace:
  Server Component:
    ./app/music/charts/ChartsPageClient.tsx
    ./app/music/charts/page.tsx @ http://localhost:3000/_next/static/chunks/node_modules_next_dist_f3530cac._.js:3127
[ 1540986ms] [ERROR] ./app/music/charts/ChartsPageClient.tsx:486:10
Ecmascript file had an error
  484 | }
  485 |
> 486 | function FakeBundlePreview({ album }: { album: AlbumResourcePack }) {
      |          ^^^^^^^^^^^^^^^^^
  487 |   return (
  488 |     <div className={styles.bundleMock}>
  489 |       <div className={styles.bundleStack} aria-hidden="true">

the name `FakeBundlePreview` is defined multiple times

Import trace:
  Server Component:
    ./app/music/charts/ChartsPageClient.tsx
    ./app/music/charts/page.tsx @ http://localhost:3000/_next/static/chunks/node_modules_next_dist_f3530cac._.js:3127
[ 1540986ms] [ERROR] ./app/music/charts/ChartsPageClient.tsx:447:10
Ecmascript file had an error
  445 | }
  446 |
> 447 | function FakeChordChart({ title, selectedKey }: { title: string; selectedKey: string }) {
      |          ^^^^^^^^^^^^^^
  448 |   return (
  449 |     <div className={styles.pdfMock}>
  450 |       <div className={styles.pdfToolbar} aria-hidden="true">

the name `FakeChordChart` is defined multiple times

Import trace:
  Server Component:
    ./app/music/charts/ChartsPageClient.tsx
    ./app/music/charts/page.tsx @ http://localhost:3000/_next/static/chunks/node_modules_next_dist_f3530cac._.js:3127
[ 1541047ms] [ERROR] ./app/music/charts/ChartsPageClient.tsx:486:10
Ecmascript file had an error
  484 | }
  485 |
> 486 | function FakeBundlePreview({ album }: { album: AlbumResourcePack }) {
      |          ^^^^^^^^^^^^^^^^^
  487 |   return (
  488 |     <div className={styles.bundleMock}>
  489 |       <div className={styles.bundleStack} aria-hidden="true">

the name `FakeBundlePreview` is defined multiple times

Import trace:
  Server Component:
    ./app/music/charts/ChartsPageClient.tsx
    ./app/music/charts/page.tsx @ http://localhost:3000/_next/static/chunks/node_modules_next_dist_f3530cac._.js:3127
[ 1541047ms] [ERROR] ./app/music/charts/ChartsPageClient.tsx:447:10
Ecmascript file had an error
  445 | }
  446 |
> 447 | function FakeChordChart({ title, selectedKey }: { title: string; selectedKey: string }) {
      |          ^^^^^^^^^^^^^^
  448 |   return (
  449 |     <div className={styles.pdfMock}>
  450 |       <div className={styles.pdfToolbar} aria-hidden="true">

the name `FakeChordChart` is defined multiple times

Import trace:
  Server Component:
    ./app/music/charts/ChartsPageClient.tsx
    ./app/music/charts/page.tsx @ http://localhost:3000/_next/static/chunks/node_modules_next_dist_f3530cac._.js:3127
[ 1541110ms] [ERROR] ./app/music/charts/ChartsPageClient.tsx:486:10
Ecmascript file had an error
  484 | }
  485 |
> 486 | function FakeBundlePreview({ album }: { album: AlbumResourcePack }) {
      |          ^^^^^^^^^^^^^^^^^
  487 |   return (
  488 |     <div className={styles.bundleMock}>
  489 |       <div className={styles.bundleStack} aria-hidden="true">

the name `FakeBundlePreview` is defined multiple times

Import trace:
  Server Component:
    ./app/music/charts/ChartsPageClient.tsx
    ./app/music/charts/page.tsx @ http://localhost:3000/_next/static/chunks/node_modules_next_dist_f3530cac._.js:3127
[ 1541111ms] [ERROR] ./app/music/charts/ChartsPageClient.tsx:447:10
Ecmascript file had an error
  445 | }
  446 |
> 447 | function FakeChordChart({ title, selectedKey }: { title: string; selectedKey: string }) {
      |          ^^^^^^^^^^^^^^
  448 |   return (
  449 |     <div className={styles.pdfMock}>
  450 |       <div className={styles.pdfToolbar} aria-hidden="true">

the name `FakeChordChart` is defined multiple times

Import trace:
  Server Component:
    ./app/music/charts/ChartsPageClient.tsx
    ./app/music/charts/page.tsx @ http://localhost:3000/_next/static/chunks/node_modules_next_dist_f3530cac._.js:3127
[ 1541172ms] [ERROR] ./app/music/charts/ChartsPageClient.tsx:486:10
Ecmascript file had an error
  484 | }
  485 |
> 486 | function FakeBundlePreview({ album }: { album: AlbumResourcePack }) {
      |          ^^^^^^^^^^^^^^^^^
  487 |   return (
  488 |     <div className={styles.bundleMock}>
  489 |       <div className={styles.bundleStack} aria-hidden="true">

the name `FakeBundlePreview` is defined multiple times

Import trace:
  Server Component:
    ./app/music/charts/ChartsPageClient.tsx
    ./app/music/charts/page.tsx @ http://localhost:3000/_next/static/chunks/node_modules_next_dist_f3530cac._.js:3127
[ 1541172ms] [ERROR] ./app/music/charts/ChartsPageClient.tsx:447:10
Ecmascript file had an error
  445 | }
  446 |
> 447 | function FakeChordChart({ title, selectedKey }: { title: string; selectedKey: string }) {
      |          ^^^^^^^^^^^^^^
  448 |   return (
  449 |     <div className={styles.pdfMock}>
  450 |       <div className={styles.pdfToolbar} aria-hidden="true">

the name `FakeChordChart` is defined multiple times

Import trace:
  Server Component:
    ./app/music/charts/ChartsPageClient.tsx
    ./app/music/charts/page.tsx @ http://localhost:3000/_next/static/chunks/node_modules_next_dist_f3530cac._.js:3127
[ 1541234ms] [ERROR] ./app/music/charts/ChartsPageClient.tsx:486:10
Ecmascript file had an error
  484 | }
  485 |
> 486 | function FakeBundlePreview({ album }: { album: AlbumResourcePack }) {
      |          ^^^^^^^^^^^^^^^^^
  487 |   return (
  488 |     <div className={styles.bundleMock}>
  489 |       <div className={styles.bundleStack} aria-hidden="true">

the name `FakeBundlePreview` is defined multiple times

Import trace:
  Server Component:
    ./app/music/charts/ChartsPageClient.tsx
    ./app/music/charts/page.tsx @ http://localhost:3000/_next/static/chunks/node_modules_next_dist_f3530cac._.js:3127
[ 1541234ms] [ERROR] ./app/music/charts/ChartsPageClient.tsx:447:10
Ecmascript file had an error
  445 | }
  446 |
> 447 | function FakeChordChart({ title, selectedKey }: { title: string; selectedKey: string }) {
      |          ^^^^^^^^^^^^^^
  448 |   return (
  449 |     <div className={styles.pdfMock}>
  450 |       <div className={styles.pdfToolbar} aria-hidden="true">

the name `FakeChordChart` is defined multiple times

Import trace:
  Server Component:
    ./app/music/charts/ChartsPageClient.tsx
    ./app/music/charts/page.tsx @ http://localhost:3000/_next/static/chunks/node_modules_next_dist_f3530cac._.js:3127
[ 1541296ms] [ERROR] ./app/music/charts/ChartsPageClient.tsx:486:10
Ecmascript file had an error
  484 | }
  485 |
> 486 | function FakeBundlePreview({ album }: { album: AlbumResourcePack }) {
      |          ^^^^^^^^^^^^^^^^^
  487 |   return (
  488 |     <div className={styles.bundleMock}>
  489 |       <div className={styles.bundleStack} aria-hidden="true">

the name `FakeBundlePreview` is defined multiple times

Import trace:
  Server Component:
    ./app/music/charts/ChartsPageClient.tsx
    ./app/music/charts/page.tsx @ http://localhost:3000/_next/static/chunks/node_modules_next_dist_f3530cac._.js:3127
[ 1541296ms] [ERROR] ./app/music/charts/ChartsPageClient.tsx:447:10
Ecmascript file had an error
  445 | }
  446 |
> 447 | function FakeChordChart({ title, selectedKey }: { title: string; selectedKey: string }) {
      |          ^^^^^^^^^^^^^^
  448 |   return (
  449 |     <div className={styles.pdfMock}>
  450 |       <div className={styles.pdfToolbar} aria-hidden="true">

the name `FakeChordChart` is defined multiple times

Import trace:
  Server Component:
    ./app/music/charts/ChartsPageClient.tsx
    ./app/music/charts/page.tsx @ http://localhost:3000/_next/static/chunks/node_modules_next_dist_f3530cac._.js:3127
[ 1541356ms] [ERROR] ./app/music/charts/ChartsPageClient.tsx:486:10
Ecmascript file had an error
  484 | }
  485 |
> 486 | function FakeBundlePreview({ album }: { album: AlbumResourcePack }) {
      |          ^^^^^^^^^^^^^^^^^
  487 |   return (
  488 |     <div className={styles.bundleMock}>
  489 |       <div className={styles.bundleStack} aria-hidden="true">

the name `FakeBundlePreview` is defined multiple times

Import trace:
  Server Component:
    ./app/music/charts/ChartsPageClient.tsx
    ./app/music/charts/page.tsx @ http://localhost:3000/_next/static/chunks/node_modules_next_dist_f3530cac._.js:3127
[ 1541356ms] [ERROR] ./app/music/charts/ChartsPageClient.tsx:447:10
Ecmascript file had an error
  445 | }
  446 |
> 447 | function FakeChordChart({ title, selectedKey }: { title: string; selectedKey: string }) {
      |          ^^^^^^^^^^^^^^
  448 |   return (
  449 |     <div className={styles.pdfMock}>
  450 |       <div className={styles.pdfToolbar} aria-hidden="true">

the name `FakeChordChart` is defined multiple times

Import trace:
  Server Component:
    ./app/music/charts/ChartsPageClient.tsx
    ./app/music/charts/page.tsx @ http://localhost:3000/_next/static/chunks/node_modules_next_dist_f3530cac._.js:3127
[ 1541418ms] [ERROR] ./app/music/charts/ChartsPageClient.tsx:486:10
Ecmascript file had an error
  484 | }
  485 |
> 486 | function FakeBundlePreview({ album }: { album: AlbumResourcePack }) {
      |          ^^^^^^^^^^^^^^^^^
  487 |   return (
  488 |     <div className={styles.bundleMock}>
  489 |       <div className={styles.bundleStack} aria-hidden="true">

the name `FakeBundlePreview` is defined multiple times

Import trace:
  Server Component:
    ./app/music/charts/ChartsPageClient.tsx
    ./app/music/charts/page.tsx @ http://localhost:3000/_next/static/chunks/node_modules_next_dist_f3530cac._.js:3127
[ 1541418ms] [ERROR] ./app/music/charts/ChartsPageClient.tsx:447:10
Ecmascript file had an error
  445 | }
  446 |
> 447 | function FakeChordChart({ title, selectedKey }: { title: string; selectedKey: string }) {
      |          ^^^^^^^^^^^^^^
  448 |   return (
  449 |     <div className={styles.pdfMock}>
  450 |       <div className={styles.pdfToolbar} aria-hidden="true">

the name `FakeChordChart` is defined multiple times

Import trace:
  Server Component:
    ./app/music/charts/ChartsPageClient.tsx
    ./app/music/charts/page.tsx @ http://localhost:3000/_next/static/chunks/node_modules_next_dist_f3530cac._.js:3127
[ 1541485ms] [ERROR] ./app/music/charts/ChartsPageClient.tsx:486:10
Ecmascript file had an error
  484 | }
  485 |
> 486 | function FakeBundlePreview({ album }: { album: AlbumResourcePack }) {
      |          ^^^^^^^^^^^^^^^^^
  487 |   return (
  488 |     <div className={styles.bundleMock}>
  489 |       <div className={styles.bundleStack} aria-hidden="true">

the name `FakeBundlePreview` is defined multiple times

Import trace:
  Server Component:
    ./app/music/charts/ChartsPageClient.tsx
    ./app/music/charts/page.tsx @ http://localhost:3000/_next/static/chunks/node_modules_next_dist_f3530cac._.js:3127
[ 1541485ms] [ERROR] ./app/music/charts/ChartsPageClient.tsx:447:10
Ecmascript file had an error
  445 | }
  446 |
> 447 | function FakeChordChart({ title, selectedKey }: { title: string; selectedKey: string }) {
      |          ^^^^^^^^^^^^^^
  448 |   return (
  449 |     <div className={styles.pdfMock}>
  450 |       <div className={styles.pdfToolbar} aria-hidden="true">

the name `FakeChordChart` is defined multiple times

Import trace:
  Server Component:
    ./app/music/charts/ChartsPageClient.tsx
    ./app/music/charts/page.tsx @ http://localhost:3000/_next/static/chunks/node_modules_next_dist_f3530cac._.js:3127
[ 1541535ms] [ERROR] ./app/music/charts/ChartsPageClient.tsx:486:10
Ecmascript file had an error
  484 | }
  485 |
> 486 | function FakeBundlePreview({ album }: { album: AlbumResourcePack }) {
      |          ^^^^^^^^^^^^^^^^^
  487 |   return (
  488 |     <div className={styles.bundleMock}>
  489 |       <div className={styles.bundleStack} aria-hidden="true">

the name `FakeBundlePreview` is defined multiple times

Import trace:
  Server Component:
    ./app/music/charts/ChartsPageClient.tsx
    ./app/music/charts/page.tsx @ http://localhost:3000/_next/static/chunks/node_modules_next_dist_f3530cac._.js:3127
[ 1541536ms] [ERROR] ./app/music/charts/ChartsPageClient.tsx:447:10
Ecmascript file had an error
  445 | }
  446 |
> 447 | function FakeChordChart({ title, selectedKey }: { title: string; selectedKey: string }) {
      |          ^^^^^^^^^^^^^^
  448 |   return (
  449 |     <div className={styles.pdfMock}>
  450 |       <div className={styles.pdfToolbar} aria-hidden="true">

the name `FakeChordChart` is defined multiple times

Import trace:
  Server Component:
    ./app/music/charts/ChartsPageClient.tsx
    ./app/music/charts/page.tsx @ http://localhost:3000/_next/static/chunks/node_modules_next_dist_f3530cac._.js:3127
[ 1541600ms] [ERROR] ./app/music/charts/ChartsPageClient.tsx:486:10
Ecmascript file had an error
  484 | }
  485 |
> 486 | function FakeBundlePreview({ album }: { album: AlbumResourcePack }) {
      |          ^^^^^^^^^^^^^^^^^
  487 |   return (
  488 |     <div className={styles.bundleMock}>
  489 |       <div className={styles.bundleStack} aria-hidden="true">

the name `FakeBundlePreview` is defined multiple times

Import trace:
  Server Component:
    ./app/music/charts/ChartsPageClient.tsx
    ./app/music/charts/page.tsx @ http://localhost:3000/_next/static/chunks/node_modules_next_dist_f3530cac._.js:3127
[ 1541600ms] [ERROR] ./app/music/charts/ChartsPageClient.tsx:447:10
Ecmascript file had an error
  445 | }
  446 |
> 447 | function FakeChordChart({ title, selectedKey }: { title: string; selectedKey: string }) {
      |          ^^^^^^^^^^^^^^
  448 |   return (
  449 |     <div className={styles.pdfMock}>
  450 |       <div className={styles.pdfToolbar} aria-hidden="true">

the name `FakeChordChart` is defined multiple times

Import trace:
  Server Component:
    ./app/music/charts/ChartsPageClient.tsx
    ./app/music/charts/page.tsx @ http://localhost:3000/_next/static/chunks/node_modules_next_dist_f3530cac._.js:3127
[ 1541662ms] [ERROR] ./app/music/charts/ChartsPageClient.tsx:486:10
Ecmascript file had an error
  484 | }
  485 |
> 486 | function FakeBundlePreview({ album }: { album: AlbumResourcePack }) {
      |          ^^^^^^^^^^^^^^^^^
  487 |   return (
  488 |     <div className={styles.bundleMock}>
  489 |       <div className={styles.bundleStack} aria-hidden="true">

the name `FakeBundlePreview` is defined multiple times

Import trace:
  Server Component:
    ./app/music/charts/ChartsPageClient.tsx
    ./app/music/charts/page.tsx @ http://localhost:3000/_next/static/chunks/node_modules_next_dist_f3530cac._.js:3127
[ 1541662ms] [ERROR] ./app/music/charts/ChartsPageClient.tsx:447:10
Ecmascript file had an error
  445 | }
  446 |
> 447 | function FakeChordChart({ title, selectedKey }: { title: string; selectedKey: string }) {
      |          ^^^^^^^^^^^^^^
  448 |   return (
  449 |     <div className={styles.pdfMock}>
  450 |       <div className={styles.pdfToolbar} aria-hidden="true">

the name `FakeChordChart` is defined multiple times

Import trace:
  Server Component:
    ./app/music/charts/ChartsPageClient.tsx
    ./app/music/charts/page.tsx @ http://localhost:3000/_next/static/chunks/node_modules_next_dist_f3530cac._.js:3127
[ 1541725ms] [ERROR] ./app/music/charts/ChartsPageClient.tsx:486:10
Ecmascript file had an error
  484 | }
  485 |
> 486 | function FakeBundlePreview({ album }: { album: AlbumResourcePack }) {
      |          ^^^^^^^^^^^^^^^^^
  487 |   return (
  488 |     <div className={styles.bundleMock}>
  489 |       <div className={styles.bundleStack} aria-hidden="true">

the name `FakeBundlePreview` is defined multiple times

Import trace:
  Server Component:
    ./app/music/charts/ChartsPageClient.tsx
    ./app/music/charts/page.tsx @ http://localhost:3000/_next/static/chunks/node_modules_next_dist_f3530cac._.js:3127
[ 1541725ms] [ERROR] ./app/music/charts/ChartsPageClient.tsx:447:10
Ecmascript file had an error
  445 | }
  446 |
> 447 | function FakeChordChart({ title, selectedKey }: { title: string; selectedKey: string }) {
      |          ^^^^^^^^^^^^^^
  448 |   return (
  449 |     <div className={styles.pdfMock}>
  450 |       <div className={styles.pdfToolbar} aria-hidden="true">

the name `FakeChordChart` is defined multiple times

Import trace:
  Server Component:
    ./app/music/charts/ChartsPageClient.tsx
    ./app/music/charts/page.tsx @ http://localhost:3000/_next/static/chunks/node_modules_next_dist_f3530cac._.js:3127
[ 1541790ms] [ERROR] ./app/music/charts/ChartsPageClient.tsx:486:10
Ecmascript file had an error
  484 | }
  485 |
> 486 | function FakeBundlePreview({ album }: { album: AlbumResourcePack }) {
      |          ^^^^^^^^^^^^^^^^^
  487 |   return (
  488 |     <div className={styles.bundleMock}>
  489 |       <div className={styles.bundleStack} aria-hidden="true">

the name `FakeBundlePreview` is defined multiple times

Import trace:
  Server Component:
    ./app/music/charts/ChartsPageClient.tsx
    ./app/music/charts/page.tsx @ http://localhost:3000/_next/static/chunks/node_modules_next_dist_f3530cac._.js:3127
[ 1541790ms] [ERROR] ./app/music/charts/ChartsPageClient.tsx:447:10
Ecmascript file had an error
  445 | }
  446 |
> 447 | function FakeChordChart({ title, selectedKey }: { title: string; selectedKey: string }) {
      |          ^^^^^^^^^^^^^^
  448 |   return (
  449 |     <div className={styles.pdfMock}>
  450 |       <div className={styles.pdfToolbar} aria-hidden="true">

the name `FakeChordChart` is defined multiple times

Import trace:
  Server Component:
    ./app/music/charts/ChartsPageClient.tsx
    ./app/music/charts/page.tsx @ http://localhost:3000/_next/static/chunks/node_modules_next_dist_f3530cac._.js:3127
[ 1541847ms] [ERROR] ./app/music/charts/ChartsPageClient.tsx:486:10
Ecmascript file had an error
  484 | }
  485 |
> 486 | function FakeBundlePreview({ album }: { album: AlbumResourcePack }) {
      |          ^^^^^^^^^^^^^^^^^
  487 |   return (
  488 |     <div className={styles.bundleMock}>
  489 |       <div className={styles.bundleStack} aria-hidden="true">

the name `FakeBundlePreview` is defined multiple times

Import trace:
  Server Component:
    ./app/music/charts/ChartsPageClient.tsx
    ./app/music/charts/page.tsx @ http://localhost:3000/_next/static/chunks/node_modules_next_dist_f3530cac._.js:3127
[ 1541848ms] [ERROR] ./app/music/charts/ChartsPageClient.tsx:447:10
Ecmascript file had an error
  445 | }
  446 |
> 447 | function FakeChordChart({ title, selectedKey }: { title: string; selectedKey: string }) {
      |          ^^^^^^^^^^^^^^
  448 |   return (
  449 |     <div className={styles.pdfMock}>
  450 |       <div className={styles.pdfToolbar} aria-hidden="true">

the name `FakeChordChart` is defined multiple times

Import trace:
  Server Component:
    ./app/music/charts/ChartsPageClient.tsx
    ./app/music/charts/page.tsx @ http://localhost:3000/_next/static/chunks/node_modules_next_dist_f3530cac._.js:3127
[ 1541910ms] [ERROR] ./app/music/charts/ChartsPageClient.tsx:486:10
Ecmascript file had an error
  484 | }
  485 |
> 486 | function FakeBundlePreview({ album }: { album: AlbumResourcePack }) {
      |          ^^^^^^^^^^^^^^^^^
  487 |   return (
  488 |     <div className={styles.bundleMock}>
  489 |       <div className={styles.bundleStack} aria-hidden="true">

the name `FakeBundlePreview` is defined multiple times

Import trace:
  Server Component:
    ./app/music/charts/ChartsPageClient.tsx
    ./app/music/charts/page.tsx @ http://localhost:3000/_next/static/chunks/node_modules_next_dist_f3530cac._.js:3127
[ 1541910ms] [ERROR] ./app/music/charts/ChartsPageClient.tsx:447:10
Ecmascript file had an error
  445 | }
  446 |
> 447 | function FakeChordChart({ title, selectedKey }: { title: string; selectedKey: string }) {
      |          ^^^^^^^^^^^^^^
  448 |   return (
  449 |     <div className={styles.pdfMock}>
  450 |       <div className={styles.pdfToolbar} aria-hidden="true">

the name `FakeChordChart` is defined multiple times

Import trace:
  Server Component:
    ./app/music/charts/ChartsPageClient.tsx
    ./app/music/charts/page.tsx @ http://localhost:3000/_next/static/chunks/node_modules_next_dist_f3530cac._.js:3127
[ 1541976ms] [ERROR] ./app/music/charts/ChartsPageClient.tsx:486:10
Ecmascript file had an error
  484 | }
  485 |
> 486 | function FakeBundlePreview({ album }: { album: AlbumResourcePack }) {
      |          ^^^^^^^^^^^^^^^^^
  487 |   return (
  488 |     <div className={styles.bundleMock}>
  489 |       <div className={styles.bundleStack} aria-hidden="true">

the name `FakeBundlePreview` is defined multiple times

Import trace:
  Server Component:
    ./app/music/charts/ChartsPageClient.tsx
    ./app/music/charts/page.tsx @ http://localhost:3000/_next/static/chunks/node_modules_next_dist_f3530cac._.js:3127
[ 1541976ms] [ERROR] ./app/music/charts/ChartsPageClient.tsx:447:10
Ecmascript file had an error
  445 | }
  446 |
> 447 | function FakeChordChart({ title, selectedKey }: { title: string; selectedKey: string }) {
      |          ^^^^^^^^^^^^^^
  448 |   return (
  449 |     <div className={styles.pdfMock}>
  450 |       <div className={styles.pdfToolbar} aria-hidden="true">

the name `FakeChordChart` is defined multiple times

Import trace:
  Server Component:
    ./app/music/charts/ChartsPageClient.tsx
    ./app/music/charts/page.tsx @ http://localhost:3000/_next/static/chunks/node_modules_next_dist_f3530cac._.js:3127
[ 1542037ms] [ERROR] ./app/music/charts/ChartsPageClient.tsx:486:10
Ecmascript file had an error
  484 | }
  485 |
> 486 | function FakeBundlePreview({ album }: { album: AlbumResourcePack }) {
      |          ^^^^^^^^^^^^^^^^^
  487 |   return (
  488 |     <div className={styles.bundleMock}>
  489 |       <div className={styles.bundleStack} aria-hidden="true">

the name `FakeBundlePreview` is defined multiple times

Import trace:
  Server Component:
    ./app/music/charts/ChartsPageClient.tsx
    ./app/music/charts/page.tsx @ http://localhost:3000/_next/static/chunks/node_modules_next_dist_f3530cac._.js:3127
[ 1542038ms] [ERROR] ./app/music/charts/ChartsPageClient.tsx:447:10
Ecmascript file had an error
  445 | }
  446 |
> 447 | function FakeChordChart({ title, selectedKey }: { title: string; selectedKey: string }) {
      |          ^^^^^^^^^^^^^^
  448 |   return (
  449 |     <div className={styles.pdfMock}>
  450 |       <div className={styles.pdfToolbar} aria-hidden="true">

the name `FakeChordChart` is defined multiple times

Import trace:
  Server Component:
    ./app/music/charts/ChartsPageClient.tsx
    ./app/music/charts/page.tsx @ http://localhost:3000/_next/static/chunks/node_modules_next_dist_f3530cac._.js:3127
[ 1542100ms] [ERROR] ./app/music/charts/ChartsPageClient.tsx:486:10
Ecmascript file had an error
  484 | }
  485 |
> 486 | function FakeBundlePreview({ album }: { album: AlbumResourcePack }) {
      |          ^^^^^^^^^^^^^^^^^
  487 |   return (
  488 |     <div className={styles.bundleMock}>
  489 |       <div className={styles.bundleStack} aria-hidden="true">

the name `FakeBundlePreview` is defined multiple times

Import trace:
  Server Component:
    ./app/music/charts/ChartsPageClient.tsx
    ./app/music/charts/page.tsx @ http://localhost:3000/_next/static/chunks/node_modules_next_dist_f3530cac._.js:3127
[ 1542100ms] [ERROR] ./app/music/charts/ChartsPageClient.tsx:447:10
Ecmascript file had an error
  445 | }
  446 |
> 447 | function FakeChordChart({ title, selectedKey }: { title: string; selectedKey: string }) {
      |          ^^^^^^^^^^^^^^
  448 |   return (
  449 |     <div className={styles.pdfMock}>
  450 |       <div className={styles.pdfToolbar} aria-hidden="true">

the name `FakeChordChart` is defined multiple times

Import trace:
  Server Component:
    ./app/music/charts/ChartsPageClient.tsx
    ./app/music/charts/page.tsx @ http://localhost:3000/_next/static/chunks/node_modules_next_dist_f3530cac._.js:3127
[ 1542163ms] [ERROR] ./app/music/charts/ChartsPageClient.tsx:486:10
Ecmascript file had an error
  484 | }
  485 |
> 486 | function FakeBundlePreview({ album }: { album: AlbumResourcePack }) {
      |          ^^^^^^^^^^^^^^^^^
  487 |   return (
  488 |     <div className={styles.bundleMock}>
  489 |       <div className={styles.bundleStack} aria-hidden="true">

the name `FakeBundlePreview` is defined multiple times

Import trace:
  Server Component:
    ./app/music/charts/ChartsPageClient.tsx
    ./app/music/charts/page.tsx @ http://localhost:3000/_next/static/chunks/node_modules_next_dist_f3530cac._.js:3127
[ 1542163ms] [ERROR] ./app/music/charts/ChartsPageClient.tsx:447:10
Ecmascript file had an error
  445 | }
  446 |
> 447 | function FakeChordChart({ title, selectedKey }: { title: string; selectedKey: string }) {
      |          ^^^^^^^^^^^^^^
  448 |   return (
  449 |     <div className={styles.pdfMock}>
  450 |       <div className={styles.pdfToolbar} aria-hidden="true">

the name `FakeChordChart` is defined multiple times

Import trace:
  Server Component:
    ./app/music/charts/ChartsPageClient.tsx
    ./app/music/charts/page.tsx @ http://localhost:3000/_next/static/chunks/node_modules_next_dist_f3530cac._.js:3127
[ 1542224ms] [ERROR] ./app/music/charts/ChartsPageClient.tsx:486:10
Ecmascript file had an error
  484 | }
  485 |
> 486 | function FakeBundlePreview({ album }: { album: AlbumResourcePack }) {
      |          ^^^^^^^^^^^^^^^^^
  487 |   return (
  488 |     <div className={styles.bundleMock}>
  489 |       <div className={styles.bundleStack} aria-hidden="true">

the name `FakeBundlePreview` is defined multiple times

Import trace:
  Server Component:
    ./app/music/charts/ChartsPageClient.tsx
    ./app/music/charts/page.tsx @ http://localhost:3000/_next/static/chunks/node_modules_next_dist_f3530cac._.js:3127
[ 1542224ms] [ERROR] ./app/music/charts/ChartsPageClient.tsx:447:10
Ecmascript file had an error
  445 | }
  446 |
> 447 | function FakeChordChart({ title, selectedKey }: { title: string; selectedKey: string }) {
      |          ^^^^^^^^^^^^^^
  448 |   return (
  449 |     <div className={styles.pdfMock}>
  450 |       <div className={styles.pdfToolbar} aria-hidden="true">

the name `FakeChordChart` is defined multiple times

Import trace:
  Server Component:
    ./app/music/charts/ChartsPageClient.tsx
    ./app/music/charts/page.tsx @ http://localhost:3000/_next/static/chunks/node_modules_next_dist_f3530cac._.js:3127
[ 1542286ms] [ERROR] ./app/music/charts/ChartsPageClient.tsx:486:10
Ecmascript file had an error
  484 | }
  485 |
> 486 | function FakeBundlePreview({ album }: { album: AlbumResourcePack }) {
      |          ^^^^^^^^^^^^^^^^^
  487 |   return (
  488 |     <div className={styles.bundleMock}>
  489 |       <div className={styles.bundleStack} aria-hidden="true">

the name `FakeBundlePreview` is defined multiple times

Import trace:
  Server Component:
    ./app/music/charts/ChartsPageClient.tsx
    ./app/music/charts/page.tsx @ http://localhost:3000/_next/static/chunks/node_modules_next_dist_f3530cac._.js:3127
[ 1542287ms] [ERROR] ./app/music/charts/ChartsPageClient.tsx:447:10
Ecmascript file had an error
  445 | }
  446 |
> 447 | function FakeChordChart({ title, selectedKey }: { title: string; selectedKey: string }) {
      |          ^^^^^^^^^^^^^^
  448 |   return (
  449 |     <div className={styles.pdfMock}>
  450 |       <div className={styles.pdfToolbar} aria-hidden="true">

the name `FakeChordChart` is defined multiple times

Import trace:
  Server Component:
    ./app/music/charts/ChartsPageClient.tsx
    ./app/music/charts/page.tsx @ http://localhost:3000/_next/static/chunks/node_modules_next_dist_f3530cac._.js:3127
[ 1542348ms] [ERROR] ./app/music/charts/ChartsPageClient.tsx:486:10
Ecmascript file had an error
  484 | }
  485 |
> 486 | function FakeBundlePreview({ album }: { album: AlbumResourcePack }) {
      |          ^^^^^^^^^^^^^^^^^
  487 |   return (
  488 |     <div className={styles.bundleMock}>
  489 |       <div className={styles.bundleStack} aria-hidden="true">

the name `FakeBundlePreview` is defined multiple times

Import trace:
  Server Component:
    ./app/music/charts/ChartsPageClient.tsx
    ./app/music/charts/page.tsx @ http://localhost:3000/_next/static/chunks/node_modules_next_dist_f3530cac._.js:3127
[ 1542348ms] [ERROR] ./app/music/charts/ChartsPageClient.tsx:447:10
Ecmascript file had an error
  445 | }
  446 |
> 447 | function FakeChordChart({ title, selectedKey }: { title: string; selectedKey: string }) {
      |          ^^^^^^^^^^^^^^
  448 |   return (
  449 |     <div className={styles.pdfMock}>
  450 |       <div className={styles.pdfToolbar} aria-hidden="true">

the name `FakeChordChart` is defined multiple times

Import trace:
  Server Component:
    ./app/music/charts/ChartsPageClient.tsx
    ./app/music/charts/page.tsx @ http://localhost:3000/_next/static/chunks/node_modules_next_dist_f3530cac._.js:3127
[ 1542409ms] [ERROR] ./app/music/charts/ChartsPageClient.tsx:486:10
Ecmascript file had an error
  484 | }
  485 |
> 486 | function FakeBundlePreview({ album }: { album: AlbumResourcePack }) {
      |          ^^^^^^^^^^^^^^^^^
  487 |   return (
  488 |     <div className={styles.bundleMock}>
  489 |       <div className={styles.bundleStack} aria-hidden="true">

the name `FakeBundlePreview` is defined multiple times

Import trace:
  Server Component:
    ./app/music/charts/ChartsPageClient.tsx
    ./app/music/charts/page.tsx @ http://localhost:3000/_next/static/chunks/node_modules_next_dist_f3530cac._.js:3127
[ 1542410ms] [ERROR] ./app/music/charts/ChartsPageClient.tsx:447:10
Ecmascript file had an error
  445 | }
  446 |
> 447 | function FakeChordChart({ title, selectedKey }: { title: string; selectedKey: string }) {
      |          ^^^^^^^^^^^^^^
  448 |   return (
  449 |     <div className={styles.pdfMock}>
  450 |       <div className={styles.pdfToolbar} aria-hidden="true">

the name `FakeChordChart` is defined multiple times

Import trace:
  Server Component:
    ./app/music/charts/ChartsPageClient.tsx
    ./app/music/charts/page.tsx @ http://localhost:3000/_next/static/chunks/node_modules_next_dist_f3530cac._.js:3127
[ 1542475ms] [ERROR] ./app/music/charts/ChartsPageClient.tsx:486:10
Ecmascript file had an error
  484 | }
  485 |
> 486 | function FakeBundlePreview({ album }: { album: AlbumResourcePack }) {
      |          ^^^^^^^^^^^^^^^^^
  487 |   return (
  488 |     <div className={styles.bundleMock}>
  489 |       <div className={styles.bundleStack} aria-hidden="true">

the name `FakeBundlePreview` is defined multiple times

Import trace:
  Server Component:
    ./app/music/charts/ChartsPageClient.tsx
    ./app/music/charts/page.tsx @ http://localhost:3000/_next/static/chunks/node_modules_next_dist_f3530cac._.js:3127
[ 1542475ms] [ERROR] ./app/music/charts/ChartsPageClient.tsx:447:10
Ecmascript file had an error
  445 | }
  446 |
> 447 | function FakeChordChart({ title, selectedKey }: { title: string; selectedKey: string }) {
      |          ^^^^^^^^^^^^^^
  448 |   return (
  449 |     <div className={styles.pdfMock}>
  450 |       <div className={styles.pdfToolbar} aria-hidden="true">

the name `FakeChordChart` is defined multiple times

Import trace:
  Server Component:
    ./app/music/charts/ChartsPageClient.tsx
    ./app/music/charts/page.tsx @ http://localhost:3000/_next/static/chunks/node_modules_next_dist_f3530cac._.js:3127
[ 1542537ms] [ERROR] ./app/music/charts/ChartsPageClient.tsx:486:10
Ecmascript file had an error
  484 | }
  485 |
> 486 | function FakeBundlePreview({ album }: { album: AlbumResourcePack }) {
      |          ^^^^^^^^^^^^^^^^^
  487 |   return (
  488 |     <div className={styles.bundleMock}>
  489 |       <div className={styles.bundleStack} aria-hidden="true">

the name `FakeBundlePreview` is defined multiple times

Import trace:
  Server Component:
    ./app/music/charts/ChartsPageClient.tsx
    ./app/music/charts/page.tsx @ http://localhost:3000/_next/static/chunks/node_modules_next_dist_f3530cac._.js:3127
[ 1542537ms] [ERROR] ./app/music/charts/ChartsPageClient.tsx:447:10
Ecmascript file had an error
  445 | }
  446 |
> 447 | function FakeChordChart({ title, selectedKey }: { title: string; selectedKey: string }) {
      |          ^^^^^^^^^^^^^^
  448 |   return (
  449 |     <div className={styles.pdfMock}>
  450 |       <div className={styles.pdfToolbar} aria-hidden="true">

the name `FakeChordChart` is defined multiple times

Import trace:
  Server Component:
    ./app/music/charts/ChartsPageClient.tsx
    ./app/music/charts/page.tsx @ http://localhost:3000/_next/static/chunks/node_modules_next_dist_f3530cac._.js:3127
[ 1542597ms] [ERROR] ./app/music/charts/ChartsPageClient.tsx:486:10
Ecmascript file had an error
  484 | }
  485 |
> 486 | function FakeBundlePreview({ album }: { album: AlbumResourcePack }) {
      |          ^^^^^^^^^^^^^^^^^
  487 |   return (
  488 |     <div className={styles.bundleMock}>
  489 |       <div className={styles.bundleStack} aria-hidden="true">

the name `FakeBundlePreview` is defined multiple times

Import trace:
  Server Component:
    ./app/music/charts/ChartsPageClient.tsx
    ./app/music/charts/page.tsx @ http://localhost:3000/_next/static/chunks/node_modules_next_dist_f3530cac._.js:3127
[ 1542598ms] [ERROR] ./app/music/charts/ChartsPageClient.tsx:447:10
Ecmascript file had an error
  445 | }
  446 |
> 447 | function FakeChordChart({ title, selectedKey }: { title: string; selectedKey: string }) {
      |          ^^^^^^^^^^^^^^
  448 |   return (
  449 |     <div className={styles.pdfMock}>
  450 |       <div className={styles.pdfToolbar} aria-hidden="true">

the name `FakeChordChart` is defined multiple times

Import trace:
  Server Component:
    ./app/music/charts/ChartsPageClient.tsx
    ./app/music/charts/page.tsx @ http://localhost:3000/_next/static/chunks/node_modules_next_dist_f3530cac._.js:3127
[ 1542662ms] [ERROR] ./app/music/charts/ChartsPageClient.tsx:486:10
Ecmascript file had an error
  484 | }
  485 |
> 486 | function FakeBundlePreview({ album }: { album: AlbumResourcePack }) {
      |          ^^^^^^^^^^^^^^^^^
  487 |   return (
  488 |     <div className={styles.bundleMock}>
  489 |       <div className={styles.bundleStack} aria-hidden="true">

the name `FakeBundlePreview` is defined multiple times

Import trace:
  Server Component:
    ./app/music/charts/ChartsPageClient.tsx
    ./app/music/charts/page.tsx @ http://localhost:3000/_next/static/chunks/node_modules_next_dist_f3530cac._.js:3127
[ 1542662ms] [ERROR] ./app/music/charts/ChartsPageClient.tsx:447:10
Ecmascript file had an error
  445 | }
  446 |
> 447 | function FakeChordChart({ title, selectedKey }: { title: string; selectedKey: string }) {
      |          ^^^^^^^^^^^^^^
  448 |   return (
  449 |     <div className={styles.pdfMock}>
  450 |       <div className={styles.pdfToolbar} aria-hidden="true">

the name `FakeChordChart` is defined multiple times

Import trace:
  Server Component:
    ./app/music/charts/ChartsPageClient.tsx
    ./app/music/charts/page.tsx @ http://localhost:3000/_next/static/chunks/node_modules_next_dist_f3530cac._.js:3127
[ 1542722ms] [ERROR] ./app/music/charts/ChartsPageClient.tsx:486:10
Ecmascript file had an error
  484 | }
  485 |
> 486 | function FakeBundlePreview({ album }: { album: AlbumResourcePack }) {
      |          ^^^^^^^^^^^^^^^^^
  487 |   return (
  488 |     <div className={styles.bundleMock}>
  489 |       <div className={styles.bundleStack} aria-hidden="true">

the name `FakeBundlePreview` is defined multiple times

Import trace:
  Server Component:
    ./app/music/charts/ChartsPageClient.tsx
    ./app/music/charts/page.tsx @ http://localhost:3000/_next/static/chunks/node_modules_next_dist_f3530cac._.js:3127
[ 1542722ms] [ERROR] ./app/music/charts/ChartsPageClient.tsx:447:10
Ecmascript file had an error
  445 | }
  446 |
> 447 | function FakeChordChart({ title, selectedKey }: { title: string; selectedKey: string }) {
      |          ^^^^^^^^^^^^^^
  448 |   return (
  449 |     <div className={styles.pdfMock}>
  450 |       <div className={styles.pdfToolbar} aria-hidden="true">

the name `FakeChordChart` is defined multiple times

Import trace:
  Server Component:
    ./app/music/charts/ChartsPageClient.tsx
    ./app/music/charts/page.tsx @ http://localhost:3000/_next/static/chunks/node_modules_next_dist_f3530cac._.js:3127
[ 1542784ms] [ERROR] ./app/music/charts/ChartsPageClient.tsx:486:10
Ecmascript file had an error
  484 | }
  485 |
> 486 | function FakeBundlePreview({ album }: { album: AlbumResourcePack }) {
      |          ^^^^^^^^^^^^^^^^^
  487 |   return (
  488 |     <div className={styles.bundleMock}>
  489 |       <div className={styles.bundleStack} aria-hidden="true">

the name `FakeBundlePreview` is defined multiple times

Import trace:
  Server Component:
    ./app/music/charts/ChartsPageClient.tsx
    ./app/music/charts/page.tsx @ http://localhost:3000/_next/static/chunks/node_modules_next_dist_f3530cac._.js:3127
[ 1542784ms] [ERROR] ./app/music/charts/ChartsPageClient.tsx:447:10
Ecmascript file had an error
  445 | }
  446 |
> 447 | function FakeChordChart({ title, selectedKey }: { title: string; selectedKey: string }) {
      |          ^^^^^^^^^^^^^^
  448 |   return (
  449 |     <div className={styles.pdfMock}>
  450 |       <div className={styles.pdfToolbar} aria-hidden="true">

the name `FakeChordChart` is defined multiple times

Import trace:
  Server Component:
    ./app/music/charts/ChartsPageClient.tsx
    ./app/music/charts/page.tsx @ http://localhost:3000/_next/static/chunks/node_modules_next_dist_f3530cac._.js:3127
[ 1542847ms] [ERROR] ./app/music/charts/ChartsPageClient.tsx:486:10
Ecmascript file had an error
  484 | }
  485 |
> 486 | function FakeBundlePreview({ album }: { album: AlbumResourcePack }) {
      |          ^^^^^^^^^^^^^^^^^
  487 |   return (
  488 |     <div className={styles.bundleMock}>
  489 |       <div className={styles.bundleStack} aria-hidden="true">

the name `FakeBundlePreview` is defined multiple times

Import trace:
  Server Component:
    ./app/music/charts/ChartsPageClient.tsx
    ./app/music/charts/page.tsx @ http://localhost:3000/_next/static/chunks/node_modules_next_dist_f3530cac._.js:3127
[ 1542847ms] [ERROR] ./app/music/charts/ChartsPageClient.tsx:447:10
Ecmascript file had an error
  445 | }
  446 |
> 447 | function FakeChordChart({ title, selectedKey }: { title: string; selectedKey: string }) {
      |          ^^^^^^^^^^^^^^
  448 |   return (
  449 |     <div className={styles.pdfMock}>
  450 |       <div className={styles.pdfToolbar} aria-hidden="true">

the name `FakeChordChart` is defined multiple times

Import trace:
  Server Component:
    ./app/music/charts/ChartsPageClient.tsx
    ./app/music/charts/page.tsx @ http://localhost:3000/_next/static/chunks/node_modules_next_dist_f3530cac._.js:3127
[ 1542910ms] [ERROR] ./app/music/charts/ChartsPageClient.tsx:486:10
Ecmascript file had an error
  484 | }
  485 |
> 486 | function FakeBundlePreview({ album }: { album: AlbumResourcePack }) {
      |          ^^^^^^^^^^^^^^^^^
  487 |   return (
  488 |     <div className={styles.bundleMock}>
  489 |       <div className={styles.bundleStack} aria-hidden="true">

the name `FakeBundlePreview` is defined multiple times

Import trace:
  Server Component:
    ./app/music/charts/ChartsPageClient.tsx
    ./app/music/charts/page.tsx @ http://localhost:3000/_next/static/chunks/node_modules_next_dist_f3530cac._.js:3127
[ 1542910ms] [ERROR] ./app/music/charts/ChartsPageClient.tsx:447:10
Ecmascript file had an error
  445 | }
  446 |
> 447 | function FakeChordChart({ title, selectedKey }: { title: string; selectedKey: string }) {
      |          ^^^^^^^^^^^^^^
  448 |   return (
  449 |     <div className={styles.pdfMock}>
  450 |       <div className={styles.pdfToolbar} aria-hidden="true">

the name `FakeChordChart` is defined multiple times

Import trace:
  Server Component:
    ./app/music/charts/ChartsPageClient.tsx
    ./app/music/charts/page.tsx @ http://localhost:3000/_next/static/chunks/node_modules_next_dist_f3530cac._.js:3127
[ 1542973ms] [ERROR] ./app/music/charts/ChartsPageClient.tsx:486:10
Ecmascript file had an error
  484 | }
  485 |
> 486 | function FakeBundlePreview({ album }: { album: AlbumResourcePack }) {
      |          ^^^^^^^^^^^^^^^^^
  487 |   return (
  488 |     <div className={styles.bundleMock}>
  489 |       <div className={styles.bundleStack} aria-hidden="true">

the name `FakeBundlePreview` is defined multiple times

Import trace:
  Server Component:
    ./app/music/charts/ChartsPageClient.tsx
    ./app/music/charts/page.tsx @ http://localhost:3000/_next/static/chunks/node_modules_next_dist_f3530cac._.js:3127
[ 1542973ms] [ERROR] ./app/music/charts/ChartsPageClient.tsx:447:10
Ecmascript file had an error
  445 | }
  446 |
> 447 | function FakeChordChart({ title, selectedKey }: { title: string; selectedKey: string }) {
      |          ^^^^^^^^^^^^^^
  448 |   return (
  449 |     <div className={styles.pdfMock}>
  450 |       <div className={styles.pdfToolbar} aria-hidden="true">

the name `FakeChordChart` is defined multiple times

Import trace:
  Server Component:
    ./app/music/charts/ChartsPageClient.tsx
    ./app/music/charts/page.tsx @ http://localhost:3000/_next/static/chunks/node_modules_next_dist_f3530cac._.js:3127
[ 1543034ms] [ERROR] ./app/music/charts/ChartsPageClient.tsx:486:10
Ecmascript file had an error
  484 | }
  485 |
> 486 | function FakeBundlePreview({ album }: { album: AlbumResourcePack }) {
      |          ^^^^^^^^^^^^^^^^^
  487 |   return (
  488 |     <div className={styles.bundleMock}>
  489 |       <div className={styles.bundleStack} aria-hidden="true">

the name `FakeBundlePreview` is defined multiple times

Import trace:
  Server Component:
    ./app/music/charts/ChartsPageClient.tsx
    ./app/music/charts/page.tsx @ http://localhost:3000/_next/static/chunks/node_modules_next_dist_f3530cac._.js:3127
[ 1543034ms] [ERROR] ./app/music/charts/ChartsPageClient.tsx:447:10
Ecmascript file had an error
  445 | }
  446 |
> 447 | function FakeChordChart({ title, selectedKey }: { title: string; selectedKey: string }) {
      |          ^^^^^^^^^^^^^^
  448 |   return (
  449 |     <div className={styles.pdfMock}>
  450 |       <div className={styles.pdfToolbar} aria-hidden="true">

the name `FakeChordChart` is defined multiple times

Import trace:
  Server Component:
    ./app/music/charts/ChartsPageClient.tsx
    ./app/music/charts/page.tsx @ http://localhost:3000/_next/static/chunks/node_modules_next_dist_f3530cac._.js:3127
[ 1543097ms] [ERROR] ./app/music/charts/ChartsPageClient.tsx:486:10
Ecmascript file had an error
  484 | }
  485 |
> 486 | function FakeBundlePreview({ album }: { album: AlbumResourcePack }) {
      |          ^^^^^^^^^^^^^^^^^
  487 |   return (
  488 |     <div className={styles.bundleMock}>
  489 |       <div className={styles.bundleStack} aria-hidden="true">

the name `FakeBundlePreview` is defined multiple times

Import trace:
  Server Component:
    ./app/music/charts/ChartsPageClient.tsx
    ./app/music/charts/page.tsx @ http://localhost:3000/_next/static/chunks/node_modules_next_dist_f3530cac._.js:3127
[ 1543098ms] [ERROR] ./app/music/charts/ChartsPageClient.tsx:447:10
Ecmascript file had an error
  445 | }
  446 |
> 447 | function FakeChordChart({ title, selectedKey }: { title: string; selectedKey: string }) {
      |          ^^^^^^^^^^^^^^
  448 |   return (
  449 |     <div className={styles.pdfMock}>
  450 |       <div className={styles.pdfToolbar} aria-hidden="true">

the name `FakeChordChart` is defined multiple times

Import trace:
  Server Component:
    ./app/music/charts/ChartsPageClient.tsx
    ./app/music/charts/page.tsx @ http://localhost:3000/_next/static/chunks/node_modules_next_dist_f3530cac._.js:3127
[ 1543158ms] [ERROR] ./app/music/charts/ChartsPageClient.tsx:486:10
Ecmascript file had an error
  484 | }
  485 |
> 486 | function FakeBundlePreview({ album }: { album: AlbumResourcePack }) {
      |          ^^^^^^^^^^^^^^^^^
  487 |   return (
  488 |     <div className={styles.bundleMock}>
  489 |       <div className={styles.bundleStack} aria-hidden="true">

the name `FakeBundlePreview` is defined multiple times

Import trace:
  Server Component:
    ./app/music/charts/ChartsPageClient.tsx
    ./app/music/charts/page.tsx @ http://localhost:3000/_next/static/chunks/node_modules_next_dist_f3530cac._.js:3127
[ 1543158ms] [ERROR] ./app/music/charts/ChartsPageClient.tsx:447:10
Ecmascript file had an error
  445 | }
  446 |
> 447 | function FakeChordChart({ title, selectedKey }: { title: string; selectedKey: string }) {
      |          ^^^^^^^^^^^^^^
  448 |   return (
  449 |     <div className={styles.pdfMock}>
  450 |       <div className={styles.pdfToolbar} aria-hidden="true">

the name `FakeChordChart` is defined multiple times

Import trace:
  Server Component:
    ./app/music/charts/ChartsPageClient.tsx
    ./app/music/charts/page.tsx @ http://localhost:3000/_next/static/chunks/node_modules_next_dist_f3530cac._.js:3127
[ 1543209ms] [ERROR] ./app/music/charts/ChartsPageClient.tsx:486:10
Ecmascript file had an error
  484 | }
  485 |
> 486 | function FakeBundlePreview({ album }: { album: AlbumResourcePack }) {
      |          ^^^^^^^^^^^^^^^^^
  487 |   return (
  488 |     <div className={styles.bundleMock}>
  489 |       <div className={styles.bundleStack} aria-hidden="true">

the name `FakeBundlePreview` is defined multiple times

Import trace:
  Server Component:
    ./app/music/charts/ChartsPageClient.tsx
    ./app/music/charts/page.tsx @ http://localhost:3000/_next/static/chunks/node_modules_next_dist_f3530cac._.js:3127
[ 1543210ms] [ERROR] ./app/music/charts/ChartsPageClient.tsx:447:10
Ecmascript file had an error
  445 | }
  446 |
> 447 | function FakeChordChart({ title, selectedKey }: { title: string; selectedKey: string }) {
      |          ^^^^^^^^^^^^^^
  448 |   return (
  449 |     <div className={styles.pdfMock}>
  450 |       <div className={styles.pdfToolbar} aria-hidden="true">

the name `FakeChordChart` is defined multiple times

Import trace:
  Server Component:
    ./app/music/charts/ChartsPageClient.tsx
    ./app/music/charts/page.tsx @ http://localhost:3000/_next/static/chunks/node_modules_next_dist_f3530cac._.js:3127
[ 1543273ms] [ERROR] ./app/music/charts/ChartsPageClient.tsx:486:10
Ecmascript file had an error
  484 | }
  485 |
> 486 | function FakeBundlePreview({ album }: { album: AlbumResourcePack }) {
      |          ^^^^^^^^^^^^^^^^^
  487 |   return (
  488 |     <div className={styles.bundleMock}>
  489 |       <div className={styles.bundleStack} aria-hidden="true">

the name `FakeBundlePreview` is defined multiple times

Import trace:
  Server Component:
    ./app/music/charts/ChartsPageClient.tsx
    ./app/music/charts/page.tsx @ http://localhost:3000/_next/static/chunks/node_modules_next_dist_f3530cac._.js:3127
[ 1543274ms] [ERROR] ./app/music/charts/ChartsPageClient.tsx:447:10
Ecmascript file had an error
  445 | }
  446 |
> 447 | function FakeChordChart({ title, selectedKey }: { title: string; selectedKey: string }) {
      |          ^^^^^^^^^^^^^^
  448 |   return (
  449 |     <div className={styles.pdfMock}>
  450 |       <div className={styles.pdfToolbar} aria-hidden="true">

the name `FakeChordChart` is defined multiple times

Import trace:
  Server Component:
    ./app/music/charts/ChartsPageClient.tsx
    ./app/music/charts/page.tsx @ http://localhost:3000/_next/static/chunks/node_modules_next_dist_f3530cac._.js:3127
[ 1543337ms] [ERROR] ./app/music/charts/ChartsPageClient.tsx:486:10
Ecmascript file had an error
  484 | }
  485 |
> 486 | function FakeBundlePreview({ album }: { album: AlbumResourcePack }) {
      |          ^^^^^^^^^^^^^^^^^
  487 |   return (
  488 |     <div className={styles.bundleMock}>
  489 |       <div className={styles.bundleStack} aria-hidden="true">

the name `FakeBundlePreview` is defined multiple times

Import trace:
  Server Component:
    ./app/music/charts/ChartsPageClient.tsx
    ./app/music/charts/page.tsx @ http://localhost:3000/_next/static/chunks/node_modules_next_dist_f3530cac._.js:3127
[ 1543337ms] [ERROR] ./app/music/charts/ChartsPageClient.tsx:447:10
Ecmascript file had an error
  445 | }
  446 |
> 447 | function FakeChordChart({ title, selectedKey }: { title: string; selectedKey: string }) {
      |          ^^^^^^^^^^^^^^
  448 |   return (
  449 |     <div className={styles.pdfMock}>
  450 |       <div className={styles.pdfToolbar} aria-hidden="true">

the name `FakeChordChart` is defined multiple times

Import trace:
  Server Component:
    ./app/music/charts/ChartsPageClient.tsx
    ./app/music/charts/page.tsx @ http://localhost:3000/_next/static/chunks/node_modules_next_dist_f3530cac._.js:3127
[ 1543400ms] [ERROR] ./app/music/charts/ChartsPageClient.tsx:486:10
Ecmascript file had an error
  484 | }
  485 |
> 486 | function FakeBundlePreview({ album }: { album: AlbumResourcePack }) {
      |          ^^^^^^^^^^^^^^^^^
  487 |   return (
  488 |     <div className={styles.bundleMock}>
  489 |       <div className={styles.bundleStack} aria-hidden="true">

the name `FakeBundlePreview` is defined multiple times

Import trace:
  Server Component:
    ./app/music/charts/ChartsPageClient.tsx
    ./app/music/charts/page.tsx @ http://localhost:3000/_next/static/chunks/node_modules_next_dist_f3530cac._.js:3127
[ 1543401ms] [ERROR] ./app/music/charts/ChartsPageClient.tsx:447:10
Ecmascript file had an error
  445 | }
  446 |
> 447 | function FakeChordChart({ title, selectedKey }: { title: string; selectedKey: string }) {
      |          ^^^^^^^^^^^^^^
  448 |   return (
  449 |     <div className={styles.pdfMock}>
  450 |       <div className={styles.pdfToolbar} aria-hidden="true">

the name `FakeChordChart` is defined multiple times

Import trace:
  Server Component:
    ./app/music/charts/ChartsPageClient.tsx
    ./app/music/charts/page.tsx @ http://localhost:3000/_next/static/chunks/node_modules_next_dist_f3530cac._.js:3127
[ 1543463ms] [ERROR] ./app/music/charts/ChartsPageClient.tsx:486:10
Ecmascript file had an error
  484 | }
  485 |
> 486 | function FakeBundlePreview({ album }: { album: AlbumResourcePack }) {
      |          ^^^^^^^^^^^^^^^^^
  487 |   return (
  488 |     <div className={styles.bundleMock}>
  489 |       <div className={styles.bundleStack} aria-hidden="true">

the name `FakeBundlePreview` is defined multiple times

Import trace:
  Server Component:
    ./app/music/charts/ChartsPageClient.tsx
    ./app/music/charts/page.tsx @ http://localhost:3000/_next/static/chunks/node_modules_next_dist_f3530cac._.js:3127
[ 1543463ms] [ERROR] ./app/music/charts/ChartsPageClient.tsx:447:10
Ecmascript file had an error
  445 | }
  446 |
> 447 | function FakeChordChart({ title, selectedKey }: { title: string; selectedKey: string }) {
      |          ^^^^^^^^^^^^^^
  448 |   return (
  449 |     <div className={styles.pdfMock}>
  450 |       <div className={styles.pdfToolbar} aria-hidden="true">

the name `FakeChordChart` is defined multiple times

Import trace:
  Server Component:
    ./app/music/charts/ChartsPageClient.tsx
    ./app/music/charts/page.tsx @ http://localhost:3000/_next/static/chunks/node_modules_next_dist_f3530cac._.js:3127
[ 1543523ms] [ERROR] ./app/music/charts/ChartsPageClient.tsx:486:10
Ecmascript file had an error
  484 | }
  485 |
> 486 | function FakeBundlePreview({ album }: { album: AlbumResourcePack }) {
      |          ^^^^^^^^^^^^^^^^^
  487 |   return (
  488 |     <div className={styles.bundleMock}>
  489 |       <div className={styles.bundleStack} aria-hidden="true">

the name `FakeBundlePreview` is defined multiple times

Import trace:
  Server Component:
    ./app/music/charts/ChartsPageClient.tsx
    ./app/music/charts/page.tsx @ http://localhost:3000/_next/static/chunks/node_modules_next_dist_f3530cac._.js:3127
[ 1543523ms] [ERROR] ./app/music/charts/ChartsPageClient.tsx:447:10
Ecmascript file had an error
  445 | }
  446 |
> 447 | function FakeChordChart({ title, selectedKey }: { title: string; selectedKey: string }) {
      |          ^^^^^^^^^^^^^^
  448 |   return (
  449 |     <div className={styles.pdfMock}>
  450 |       <div className={styles.pdfToolbar} aria-hidden="true">

the name `FakeChordChart` is defined multiple times

Import trace:
  Server Component:
    ./app/music/charts/ChartsPageClient.tsx
    ./app/music/charts/page.tsx @ http://localhost:3000/_next/static/chunks/node_modules_next_dist_f3530cac._.js:3127
[ 1543587ms] [ERROR] ./app/music/charts/ChartsPageClient.tsx:486:10
Ecmascript file had an error
  484 | }
  485 |
> 486 | function FakeBundlePreview({ album }: { album: AlbumResourcePack }) {
      |          ^^^^^^^^^^^^^^^^^
  487 |   return (
  488 |     <div className={styles.bundleMock}>
  489 |       <div className={styles.bundleStack} aria-hidden="true">

the name `FakeBundlePreview` is defined multiple times

Import trace:
  Server Component:
    ./app/music/charts/ChartsPageClient.tsx
    ./app/music/charts/page.tsx @ http://localhost:3000/_next/static/chunks/node_modules_next_dist_f3530cac._.js:3127
[ 1543587ms] [ERROR] ./app/music/charts/ChartsPageClient.tsx:447:10
Ecmascript file had an error
  445 | }
  446 |
> 447 | function FakeChordChart({ title, selectedKey }: { title: string; selectedKey: string }) {
      |          ^^^^^^^^^^^^^^
  448 |   return (
  449 |     <div className={styles.pdfMock}>
  450 |       <div className={styles.pdfToolbar} aria-hidden="true">

the name `FakeChordChart` is defined multiple times

Import trace:
  Server Component:
    ./app/music/charts/ChartsPageClient.tsx
    ./app/music/charts/page.tsx @ http://localhost:3000/_next/static/chunks/node_modules_next_dist_f3530cac._.js:3127
[ 1543648ms] [ERROR] ./app/music/charts/ChartsPageClient.tsx:486:10
Ecmascript file had an error
  484 | }
  485 |
> 486 | function FakeBundlePreview({ album }: { album: AlbumResourcePack }) {
      |          ^^^^^^^^^^^^^^^^^
  487 |   return (
  488 |     <div className={styles.bundleMock}>
  489 |       <div className={styles.bundleStack} aria-hidden="true">

the name `FakeBundlePreview` is defined multiple times

Import trace:
  Server Component:
    ./app/music/charts/ChartsPageClient.tsx
    ./app/music/charts/page.tsx @ http://localhost:3000/_next/static/chunks/node_modules_next_dist_f3530cac._.js:3127
[ 1543648ms] [ERROR] ./app/music/charts/ChartsPageClient.tsx:447:10
Ecmascript file had an error
  445 | }
  446 |
> 447 | function FakeChordChart({ title, selectedKey }: { title: string; selectedKey: string }) {
      |          ^^^^^^^^^^^^^^
  448 |   return (
  449 |     <div className={styles.pdfMock}>
  450 |       <div className={styles.pdfToolbar} aria-hidden="true">

the name `FakeChordChart` is defined multiple times

Import trace:
  Server Component:
    ./app/music/charts/ChartsPageClient.tsx
    ./app/music/charts/page.tsx @ http://localhost:3000/_next/static/chunks/node_modules_next_dist_f3530cac._.js:3127
[ 1543713ms] [ERROR] ./app/music/charts/ChartsPageClient.tsx:486:10
Ecmascript file had an error
  484 | }
  485 |
> 486 | function FakeBundlePreview({ album }: { album: AlbumResourcePack }) {
      |          ^^^^^^^^^^^^^^^^^
  487 |   return (
  488 |     <div className={styles.bundleMock}>
  489 |       <div className={styles.bundleStack} aria-hidden="true">

the name `FakeBundlePreview` is defined multiple times

Import trace:
  Server Component:
    ./app/music/charts/ChartsPageClient.tsx
    ./app/music/charts/page.tsx @ http://localhost:3000/_next/static/chunks/node_modules_next_dist_f3530cac._.js:3127
[ 1543713ms] [ERROR] ./app/music/charts/ChartsPageClient.tsx:447:10
Ecmascript file had an error
  445 | }
  446 |
> 447 | function FakeChordChart({ title, selectedKey }: { title: string; selectedKey: string }) {
      |          ^^^^^^^^^^^^^^
  448 |   return (
  449 |     <div className={styles.pdfMock}>
  450 |       <div className={styles.pdfToolbar} aria-hidden="true">

the name `FakeChordChart` is defined multiple times

Import trace:
  Server Component:
    ./app/music/charts/ChartsPageClient.tsx
    ./app/music/charts/page.tsx @ http://localhost:3000/_next/static/chunks/node_modules_next_dist_f3530cac._.js:3127
[ 1543776ms] [ERROR] ./app/music/charts/ChartsPageClient.tsx:486:10
Ecmascript file had an error
  484 | }
  485 |
> 486 | function FakeBundlePreview({ album }: { album: AlbumResourcePack }) {
      |          ^^^^^^^^^^^^^^^^^
  487 |   return (
  488 |     <div className={styles.bundleMock}>
  489 |       <div className={styles.bundleStack} aria-hidden="true">

the name `FakeBundlePreview` is defined multiple times

Import trace:
  Server Component:
    ./app/music/charts/ChartsPageClient.tsx
    ./app/music/charts/page.tsx @ http://localhost:3000/_next/static/chunks/node_modules_next_dist_f3530cac._.js:3127
[ 1543776ms] [ERROR] ./app/music/charts/ChartsPageClient.tsx:447:10
Ecmascript file had an error
  445 | }
  446 |
> 447 | function FakeChordChart({ title, selectedKey }: { title: string; selectedKey: string }) {
      |          ^^^^^^^^^^^^^^
  448 |   return (
  449 |     <div className={styles.pdfMock}>
  450 |       <div className={styles.pdfToolbar} aria-hidden="true">

the name `FakeChordChart` is defined multiple times

Import trace:
  Server Component:
    ./app/music/charts/ChartsPageClient.tsx
    ./app/music/charts/page.tsx @ http://localhost:3000/_next/static/chunks/node_modules_next_dist_f3530cac._.js:3127
[ 1543838ms] [ERROR] ./app/music/charts/ChartsPageClient.tsx:486:10
Ecmascript file had an error
  484 | }
  485 |
> 486 | function FakeBundlePreview({ album }: { album: AlbumResourcePack }) {
      |          ^^^^^^^^^^^^^^^^^
  487 |   return (
  488 |     <div className={styles.bundleMock}>
  489 |       <div className={styles.bundleStack} aria-hidden="true">

the name `FakeBundlePreview` is defined multiple times

Import trace:
  Server Component:
    ./app/music/charts/ChartsPageClient.tsx
    ./app/music/charts/page.tsx @ http://localhost:3000/_next/static/chunks/node_modules_next_dist_f3530cac._.js:3127
[ 1543838ms] [ERROR] ./app/music/charts/ChartsPageClient.tsx:447:10
Ecmascript file had an error
  445 | }
  446 |
> 447 | function FakeChordChart({ title, selectedKey }: { title: string; selectedKey: string }) {
      |          ^^^^^^^^^^^^^^
  448 |   return (
  449 |     <div className={styles.pdfMock}>
  450 |       <div className={styles.pdfToolbar} aria-hidden="true">

the name `FakeChordChart` is defined multiple times

Import trace:
  Server Component:
    ./app/music/charts/ChartsPageClient.tsx
    ./app/music/charts/page.tsx @ http://localhost:3000/_next/static/chunks/node_modules_next_dist_f3530cac._.js:3127
[ 1543899ms] [ERROR] ./app/music/charts/ChartsPageClient.tsx:486:10
Ecmascript file had an error
  484 | }
  485 |
> 486 | function FakeBundlePreview({ album }: { album: AlbumResourcePack }) {
      |          ^^^^^^^^^^^^^^^^^
  487 |   return (
  488 |     <div className={styles.bundleMock}>
  489 |       <div className={styles.bundleStack} aria-hidden="true">

the name `FakeBundlePreview` is defined multiple times

Import trace:
  Server Component:
    ./app/music/charts/ChartsPageClient.tsx
    ./app/music/charts/page.tsx @ http://localhost:3000/_next/static/chunks/node_modules_next_dist_f3530cac._.js:3127
[ 1543899ms] [ERROR] ./app/music/charts/ChartsPageClient.tsx:447:10
Ecmascript file had an error
  445 | }
  446 |
> 447 | function FakeChordChart({ title, selectedKey }: { title: string; selectedKey: string }) {
      |          ^^^^^^^^^^^^^^
  448 |   return (
  449 |     <div className={styles.pdfMock}>
  450 |       <div className={styles.pdfToolbar} aria-hidden="true">

the name `FakeChordChart` is defined multiple times

Import trace:
  Server Component:
    ./app/music/charts/ChartsPageClient.tsx
    ./app/music/charts/page.tsx @ http://localhost:3000/_next/static/chunks/node_modules_next_dist_f3530cac._.js:3127
[ 1543959ms] [ERROR] ./app/music/charts/ChartsPageClient.tsx:486:10
Ecmascript file had an error
  484 | }
  485 |
> 486 | function FakeBundlePreview({ album }: { album: AlbumResourcePack }) {
      |          ^^^^^^^^^^^^^^^^^
  487 |   return (
  488 |     <div className={styles.bundleMock}>
  489 |       <div className={styles.bundleStack} aria-hidden="true">

the name `FakeBundlePreview` is defined multiple times

Import trace:
  Server Component:
    ./app/music/charts/ChartsPageClient.tsx
    ./app/music/charts/page.tsx @ http://localhost:3000/_next/static/chunks/node_modules_next_dist_f3530cac._.js:3127
[ 1543959ms] [ERROR] ./app/music/charts/ChartsPageClient.tsx:447:10
Ecmascript file had an error
  445 | }
  446 |
> 447 | function FakeChordChart({ title, selectedKey }: { title: string; selectedKey: string }) {
      |          ^^^^^^^^^^^^^^
  448 |   return (
  449 |     <div className={styles.pdfMock}>
  450 |       <div className={styles.pdfToolbar} aria-hidden="true">

the name `FakeChordChart` is defined multiple times

Import trace:
  Server Component:
    ./app/music/charts/ChartsPageClient.tsx
    ./app/music/charts/page.tsx @ http://localhost:3000/_next/static/chunks/node_modules_next_dist_f3530cac._.js:3127
[ 1544024ms] [ERROR] ./app/music/charts/ChartsPageClient.tsx:486:10
Ecmascript file had an error
  484 | }
  485 |
> 486 | function FakeBundlePreview({ album }: { album: AlbumResourcePack }) {
      |          ^^^^^^^^^^^^^^^^^
  487 |   return (
  488 |     <div className={styles.bundleMock}>
  489 |       <div className={styles.bundleStack} aria-hidden="true">

the name `FakeBundlePreview` is defined multiple times

Import trace:
  Server Component:
    ./app/music/charts/ChartsPageClient.tsx
    ./app/music/charts/page.tsx @ http://localhost:3000/_next/static/chunks/node_modules_next_dist_f3530cac._.js:3127
[ 1544024ms] [ERROR] ./app/music/charts/ChartsPageClient.tsx:447:10
Ecmascript file had an error
  445 | }
  446 |
> 447 | function FakeChordChart({ title, selectedKey }: { title: string; selectedKey: string }) {
      |          ^^^^^^^^^^^^^^
  448 |   return (
  449 |     <div className={styles.pdfMock}>
  450 |       <div className={styles.pdfToolbar} aria-hidden="true">

the name `FakeChordChart` is defined multiple times

Import trace:
  Server Component:
    ./app/music/charts/ChartsPageClient.tsx
    ./app/music/charts/page.tsx @ http://localhost:3000/_next/static/chunks/node_modules_next_dist_f3530cac._.js:3127
[ 1544083ms] [ERROR] ./app/music/charts/ChartsPageClient.tsx:486:10
Ecmascript file had an error
  484 | }
  485 |
> 486 | function FakeBundlePreview({ album }: { album: AlbumResourcePack }) {
      |          ^^^^^^^^^^^^^^^^^
  487 |   return (
  488 |     <div className={styles.bundleMock}>
  489 |       <div className={styles.bundleStack} aria-hidden="true">

the name `FakeBundlePreview` is defined multiple times

Import trace:
  Server Component:
    ./app/music/charts/ChartsPageClient.tsx
    ./app/music/charts/page.tsx @ http://localhost:3000/_next/static/chunks/node_modules_next_dist_f3530cac._.js:3127
[ 1544083ms] [ERROR] ./app/music/charts/ChartsPageClient.tsx:447:10
Ecmascript file had an error
  445 | }
  446 |
> 447 | function FakeChordChart({ title, selectedKey }: { title: string; selectedKey: string }) {
      |          ^^^^^^^^^^^^^^
  448 |   return (
  449 |     <div className={styles.pdfMock}>
  450 |       <div className={styles.pdfToolbar} aria-hidden="true">

the name `FakeChordChart` is defined multiple times

Import trace:
  Server Component:
    ./app/music/charts/ChartsPageClient.tsx
    ./app/music/charts/page.tsx @ http://localhost:3000/_next/static/chunks/node_modules_next_dist_f3530cac._.js:3127
[ 1544145ms] [ERROR] ./app/music/charts/ChartsPageClient.tsx:486:10
Ecmascript file had an error
  484 | }
  485 |
> 486 | function FakeBundlePreview({ album }: { album: AlbumResourcePack }) {
      |          ^^^^^^^^^^^^^^^^^
  487 |   return (
  488 |     <div className={styles.bundleMock}>
  489 |       <div className={styles.bundleStack} aria-hidden="true">

the name `FakeBundlePreview` is defined multiple times

Import trace:
  Server Component:
    ./app/music/charts/ChartsPageClient.tsx
    ./app/music/charts/page.tsx @ http://localhost:3000/_next/static/chunks/node_modules_next_dist_f3530cac._.js:3127
[ 1544145ms] [ERROR] ./app/music/charts/ChartsPageClient.tsx:447:10
Ecmascript file had an error
  445 | }
  446 |
> 447 | function FakeChordChart({ title, selectedKey }: { title: string; selectedKey: string }) {
      |          ^^^^^^^^^^^^^^
  448 |   return (
  449 |     <div className={styles.pdfMock}>
  450 |       <div className={styles.pdfToolbar} aria-hidden="true">

the name `FakeChordChart` is defined multiple times

Import trace:
  Server Component:
    ./app/music/charts/ChartsPageClient.tsx
    ./app/music/charts/page.tsx @ http://localhost:3000/_next/static/chunks/node_modules_next_dist_f3530cac._.js:3127
[ 1544206ms] [ERROR] ./app/music/charts/ChartsPageClient.tsx:486:10
Ecmascript file had an error
  484 | }
  485 |
> 486 | function FakeBundlePreview({ album }: { album: AlbumResourcePack }) {
      |          ^^^^^^^^^^^^^^^^^
  487 |   return (
  488 |     <div className={styles.bundleMock}>
  489 |       <div className={styles.bundleStack} aria-hidden="true">

the name `FakeBundlePreview` is defined multiple times

Import trace:
  Server Component:
    ./app/music/charts/ChartsPageClient.tsx
    ./app/music/charts/page.tsx @ http://localhost:3000/_next/static/chunks/node_modules_next_dist_f3530cac._.js:3127
[ 1544207ms] [ERROR] ./app/music/charts/ChartsPageClient.tsx:447:10
Ecmascript file had an error
  445 | }
  446 |
> 447 | function FakeChordChart({ title, selectedKey }: { title: string; selectedKey: string }) {
      |          ^^^^^^^^^^^^^^
  448 |   return (
  449 |     <div className={styles.pdfMock}>
  450 |       <div className={styles.pdfToolbar} aria-hidden="true">

the name `FakeChordChart` is defined multiple times

Import trace:
  Server Component:
    ./app/music/charts/ChartsPageClient.tsx
    ./app/music/charts/page.tsx @ http://localhost:3000/_next/static/chunks/node_modules_next_dist_f3530cac._.js:3127
[ 1544270ms] [ERROR] ./app/music/charts/ChartsPageClient.tsx:486:10
Ecmascript file had an error
  484 | }
  485 |
> 486 | function FakeBundlePreview({ album }: { album: AlbumResourcePack }) {
      |          ^^^^^^^^^^^^^^^^^
  487 |   return (
  488 |     <div className={styles.bundleMock}>
  489 |       <div className={styles.bundleStack} aria-hidden="true">

the name `FakeBundlePreview` is defined multiple times

Import trace:
  Server Component:
    ./app/music/charts/ChartsPageClient.tsx
    ./app/music/charts/page.tsx @ http://localhost:3000/_next/static/chunks/node_modules_next_dist_f3530cac._.js:3127
[ 1544270ms] [ERROR] ./app/music/charts/ChartsPageClient.tsx:447:10
Ecmascript file had an error
  445 | }
  446 |
> 447 | function FakeChordChart({ title, selectedKey }: { title: string; selectedKey: string }) {
      |          ^^^^^^^^^^^^^^
  448 |   return (
  449 |     <div className={styles.pdfMock}>
  450 |       <div className={styles.pdfToolbar} aria-hidden="true">

the name `FakeChordChart` is defined multiple times

Import trace:
  Server Component:
    ./app/music/charts/ChartsPageClient.tsx
    ./app/music/charts/page.tsx @ http://localhost:3000/_next/static/chunks/node_modules_next_dist_f3530cac._.js:3127
[ 1544332ms] [ERROR] ./app/music/charts/ChartsPageClient.tsx:486:10
Ecmascript file had an error
  484 | }
  485 |
> 486 | function FakeBundlePreview({ album }: { album: AlbumResourcePack }) {
      |          ^^^^^^^^^^^^^^^^^
  487 |   return (
  488 |     <div className={styles.bundleMock}>
  489 |       <div className={styles.bundleStack} aria-hidden="true">

the name `FakeBundlePreview` is defined multiple times

Import trace:
  Server Component:
    ./app/music/charts/ChartsPageClient.tsx
    ./app/music/charts/page.tsx @ http://localhost:3000/_next/static/chunks/node_modules_next_dist_f3530cac._.js:3127
[ 1544332ms] [ERROR] ./app/music/charts/ChartsPageClient.tsx:447:10
Ecmascript file had an error
  445 | }
  446 |
> 447 | function FakeChordChart({ title, selectedKey }: { title: string; selectedKey: string }) {
      |          ^^^^^^^^^^^^^^
  448 |   return (
  449 |     <div className={styles.pdfMock}>
  450 |       <div className={styles.pdfToolbar} aria-hidden="true">

the name `FakeChordChart` is defined multiple times

Import trace:
  Server Component:
    ./app/music/charts/ChartsPageClient.tsx
    ./app/music/charts/page.tsx @ http://localhost:3000/_next/static/chunks/node_modules_next_dist_f3530cac._.js:3127
[ 1544381ms] [ERROR] ./app/music/charts/ChartsPageClient.tsx:486:10
Ecmascript file had an error
  484 | }
  485 |
> 486 | function FakeBundlePreview({ album }: { album: AlbumResourcePack }) {
      |          ^^^^^^^^^^^^^^^^^
  487 |   return (
  488 |     <div className={styles.bundleMock}>
  489 |       <div className={styles.bundleStack} aria-hidden="true">

the name `FakeBundlePreview` is defined multiple times

Import trace:
  Server Component:
    ./app/music/charts/ChartsPageClient.tsx
    ./app/music/charts/page.tsx @ http://localhost:3000/_next/static/chunks/node_modules_next_dist_f3530cac._.js:3127
[ 1544381ms] [ERROR] ./app/music/charts/ChartsPageClient.tsx:447:10
Ecmascript file had an error
  445 | }
  446 |
> 447 | function FakeChordChart({ title, selectedKey }: { title: string; selectedKey: string }) {
      |          ^^^^^^^^^^^^^^
  448 |   return (
  449 |     <div className={styles.pdfMock}>
  450 |       <div className={styles.pdfToolbar} aria-hidden="true">

the name `FakeChordChart` is defined multiple times

Import trace:
  Server Component:
    ./app/music/charts/ChartsPageClient.tsx
    ./app/music/charts/page.tsx @ http://localhost:3000/_next/static/chunks/node_modules_next_dist_f3530cac._.js:3127
[ 1544444ms] [ERROR] ./app/music/charts/ChartsPageClient.tsx:486:10
Ecmascript file had an error
  484 | }
  485 |
> 486 | function FakeBundlePreview({ album }: { album: AlbumResourcePack }) {
      |          ^^^^^^^^^^^^^^^^^
  487 |   return (
  488 |     <div className={styles.bundleMock}>
  489 |       <div className={styles.bundleStack} aria-hidden="true">

the name `FakeBundlePreview` is defined multiple times

Import trace:
  Server Component:
    ./app/music/charts/ChartsPageClient.tsx
    ./app/music/charts/page.tsx @ http://localhost:3000/_next/static/chunks/node_modules_next_dist_f3530cac._.js:3127
[ 1544444ms] [ERROR] ./app/music/charts/ChartsPageClient.tsx:447:10
Ecmascript file had an error
  445 | }
  446 |
> 447 | function FakeChordChart({ title, selectedKey }: { title: string; selectedKey: string }) {
      |          ^^^^^^^^^^^^^^
  448 |   return (
  449 |     <div className={styles.pdfMock}>
  450 |       <div className={styles.pdfToolbar} aria-hidden="true">

the name `FakeChordChart` is defined multiple times

Import trace:
  Server Component:
    ./app/music/charts/ChartsPageClient.tsx
    ./app/music/charts/page.tsx @ http://localhost:3000/_next/static/chunks/node_modules_next_dist_f3530cac._.js:3127
[ 1544505ms] [ERROR] ./app/music/charts/ChartsPageClient.tsx:486:10
Ecmascript file had an error
  484 | }
  485 |
> 486 | function FakeBundlePreview({ album }: { album: AlbumResourcePack }) {
      |          ^^^^^^^^^^^^^^^^^
  487 |   return (
  488 |     <div className={styles.bundleMock}>
  489 |       <div className={styles.bundleStack} aria-hidden="true">

the name `FakeBundlePreview` is defined multiple times

Import trace:
  Server Component:
    ./app/music/charts/ChartsPageClient.tsx
    ./app/music/charts/page.tsx @ http://localhost:3000/_next/static/chunks/node_modules_next_dist_f3530cac._.js:3127
[ 1544505ms] [ERROR] ./app/music/charts/ChartsPageClient.tsx:447:10
Ecmascript file had an error
  445 | }
  446 |
> 447 | function FakeChordChart({ title, selectedKey }: { title: string; selectedKey: string }) {
      |          ^^^^^^^^^^^^^^
  448 |   return (
  449 |     <div className={styles.pdfMock}>
  450 |       <div className={styles.pdfToolbar} aria-hidden="true">

the name `FakeChordChart` is defined multiple times

Import trace:
  Server Component:
    ./app/music/charts/ChartsPageClient.tsx
    ./app/music/charts/page.tsx @ http://localhost:3000/_next/static/chunks/node_modules_next_dist_f3530cac._.js:3127
[ 1544568ms] [ERROR] ./app/music/charts/ChartsPageClient.tsx:486:10
Ecmascript file had an error
  484 | }
  485 |
> 486 | function FakeBundlePreview({ album }: { album: AlbumResourcePack }) {
      |          ^^^^^^^^^^^^^^^^^
  487 |   return (
  488 |     <div className={styles.bundleMock}>
  489 |       <div className={styles.bundleStack} aria-hidden="true">

the name `FakeBundlePreview` is defined multiple times

Import trace:
  Server Component:
    ./app/music/charts/ChartsPageClient.tsx
    ./app/music/charts/page.tsx @ http://localhost:3000/_next/static/chunks/node_modules_next_dist_f3530cac._.js:3127
[ 1544568ms] [ERROR] ./app/music/charts/ChartsPageClient.tsx:447:10
Ecmascript file had an error
  445 | }
  446 |
> 447 | function FakeChordChart({ title, selectedKey }: { title: string; selectedKey: string }) {
      |          ^^^^^^^^^^^^^^
  448 |   return (
  449 |     <div className={styles.pdfMock}>
  450 |       <div className={styles.pdfToolbar} aria-hidden="true">

the name `FakeChordChart` is defined multiple times

Import trace:
  Server Component:
    ./app/music/charts/ChartsPageClient.tsx
    ./app/music/charts/page.tsx @ http://localhost:3000/_next/static/chunks/node_modules_next_dist_f3530cac._.js:3127
[ 1544631ms] [ERROR] ./app/music/charts/ChartsPageClient.tsx:486:10
Ecmascript file had an error
  484 | }
  485 |
> 486 | function FakeBundlePreview({ album }: { album: AlbumResourcePack }) {
      |          ^^^^^^^^^^^^^^^^^
  487 |   return (
  488 |     <div className={styles.bundleMock}>
  489 |       <div className={styles.bundleStack} aria-hidden="true">

the name `FakeBundlePreview` is defined multiple times

Import trace:
  Server Component:
    ./app/music/charts/ChartsPageClient.tsx
    ./app/music/charts/page.tsx @ http://localhost:3000/_next/static/chunks/node_modules_next_dist_f3530cac._.js:3127
[ 1544631ms] [ERROR] ./app/music/charts/ChartsPageClient.tsx:447:10
Ecmascript file had an error
  445 | }
  446 |
> 447 | function FakeChordChart({ title, selectedKey }: { title: string; selectedKey: string }) {
      |          ^^^^^^^^^^^^^^
  448 |   return (
  449 |     <div className={styles.pdfMock}>
  450 |       <div className={styles.pdfToolbar} aria-hidden="true">

the name `FakeChordChart` is defined multiple times

Import trace:
  Server Component:
    ./app/music/charts/ChartsPageClient.tsx
    ./app/music/charts/page.tsx @ http://localhost:3000/_next/static/chunks/node_modules_next_dist_f3530cac._.js:3127
[ 1544693ms] [ERROR] ./app/music/charts/ChartsPageClient.tsx:486:10
Ecmascript file had an error
  484 | }
  485 |
> 486 | function FakeBundlePreview({ album }: { album: AlbumResourcePack }) {
      |          ^^^^^^^^^^^^^^^^^
  487 |   return (
  488 |     <div className={styles.bundleMock}>
  489 |       <div className={styles.bundleStack} aria-hidden="true">

the name `FakeBundlePreview` is defined multiple times

Import trace:
  Server Component:
    ./app/music/charts/ChartsPageClient.tsx
    ./app/music/charts/page.tsx @ http://localhost:3000/_next/static/chunks/node_modules_next_dist_f3530cac._.js:3127
[ 1544694ms] [ERROR] ./app/music/charts/ChartsPageClient.tsx:447:10
Ecmascript file had an error
  445 | }
  446 |
> 447 | function FakeChordChart({ title, selectedKey }: { title: string; selectedKey: string }) {
      |          ^^^^^^^^^^^^^^
  448 |   return (
  449 |     <div className={styles.pdfMock}>
  450 |       <div className={styles.pdfToolbar} aria-hidden="true">

the name `FakeChordChart` is defined multiple times

Import trace:
  Server Component:
    ./app/music/charts/ChartsPageClient.tsx
    ./app/music/charts/page.tsx @ http://localhost:3000/_next/static/chunks/node_modules_next_dist_f3530cac._.js:3127
[ 1544757ms] [ERROR] ./app/music/charts/ChartsPageClient.tsx:486:10
Ecmascript file had an error
  484 | }
  485 |
> 486 | function FakeBundlePreview({ album }: { album: AlbumResourcePack }) {
      |          ^^^^^^^^^^^^^^^^^
  487 |   return (
  488 |     <div className={styles.bundleMock}>
  489 |       <div className={styles.bundleStack} aria-hidden="true">

the name `FakeBundlePreview` is defined multiple times

Import trace:
  Server Component:
    ./app/music/charts/ChartsPageClient.tsx
    ./app/music/charts/page.tsx @ http://localhost:3000/_next/static/chunks/node_modules_next_dist_f3530cac._.js:3127
[ 1544757ms] [ERROR] ./app/music/charts/ChartsPageClient.tsx:447:10
Ecmascript file had an error
  445 | }
  446 |
> 447 | function FakeChordChart({ title, selectedKey }: { title: string; selectedKey: string }) {
      |          ^^^^^^^^^^^^^^
  448 |   return (
  449 |     <div className={styles.pdfMock}>
  450 |       <div className={styles.pdfToolbar} aria-hidden="true">

the name `FakeChordChart` is defined multiple times

Import trace:
  Server Component:
    ./app/music/charts/ChartsPageClient.tsx
    ./app/music/charts/page.tsx @ http://localhost:3000/_next/static/chunks/node_modules_next_dist_f3530cac._.js:3127
[ 1544814ms] [ERROR] ./app/music/charts/ChartsPageClient.tsx:486:10
Ecmascript file had an error
  484 | }
  485 |
> 486 | function FakeBundlePreview({ album }: { album: AlbumResourcePack }) {
      |          ^^^^^^^^^^^^^^^^^
  487 |   return (
  488 |     <div className={styles.bundleMock}>
  489 |       <div className={styles.bundleStack} aria-hidden="true">

the name `FakeBundlePreview` is defined multiple times

Import trace:
  Server Component:
    ./app/music/charts/ChartsPageClient.tsx
    ./app/music/charts/page.tsx @ http://localhost:3000/_next/static/chunks/node_modules_next_dist_f3530cac._.js:3127
[ 1544815ms] [ERROR] ./app/music/charts/ChartsPageClient.tsx:447:10
Ecmascript file had an error
  445 | }
  446 |
> 447 | function FakeChordChart({ title, selectedKey }: { title: string; selectedKey: string }) {
      |          ^^^^^^^^^^^^^^
  448 |   return (
  449 |     <div className={styles.pdfMock}>
  450 |       <div className={styles.pdfToolbar} aria-hidden="true">

the name `FakeChordChart` is defined multiple times

Import trace:
  Server Component:
    ./app/music/charts/ChartsPageClient.tsx
    ./app/music/charts/page.tsx @ http://localhost:3000/_next/static/chunks/node_modules_next_dist_f3530cac._.js:3127
[ 1544876ms] [ERROR] ./app/music/charts/ChartsPageClient.tsx:486:10
Ecmascript file had an error
  484 | }
  485 |
> 486 | function FakeBundlePreview({ album }: { album: AlbumResourcePack }) {
      |          ^^^^^^^^^^^^^^^^^
  487 |   return (
  488 |     <div className={styles.bundleMock}>
  489 |       <div className={styles.bundleStack} aria-hidden="true">

the name `FakeBundlePreview` is defined multiple times

Import trace:
  Server Component:
    ./app/music/charts/ChartsPageClient.tsx
    ./app/music/charts/page.tsx @ http://localhost:3000/_next/static/chunks/node_modules_next_dist_f3530cac._.js:3127
[ 1544876ms] [ERROR] ./app/music/charts/ChartsPageClient.tsx:447:10
Ecmascript file had an error
  445 | }
  446 |
> 447 | function FakeChordChart({ title, selectedKey }: { title: string; selectedKey: string }) {
      |          ^^^^^^^^^^^^^^
  448 |   return (
  449 |     <div className={styles.pdfMock}>
  450 |       <div className={styles.pdfToolbar} aria-hidden="true">

the name `FakeChordChart` is defined multiple times

Import trace:
  Server Component:
    ./app/music/charts/ChartsPageClient.tsx
    ./app/music/charts/page.tsx @ http://localhost:3000/_next/static/chunks/node_modules_next_dist_f3530cac._.js:3127
[ 1544939ms] [ERROR] ./app/music/charts/ChartsPageClient.tsx:486:10
Ecmascript file had an error
  484 | }
  485 |
> 486 | function FakeBundlePreview({ album }: { album: AlbumResourcePack }) {
      |          ^^^^^^^^^^^^^^^^^
  487 |   return (
  488 |     <div className={styles.bundleMock}>
  489 |       <div className={styles.bundleStack} aria-hidden="true">

the name `FakeBundlePreview` is defined multiple times

Import trace:
  Server Component:
    ./app/music/charts/ChartsPageClient.tsx
    ./app/music/charts/page.tsx @ http://localhost:3000/_next/static/chunks/node_modules_next_dist_f3530cac._.js:3127
[ 1544939ms] [ERROR] ./app/music/charts/ChartsPageClient.tsx:447:10
Ecmascript file had an error
  445 | }
  446 |
> 447 | function FakeChordChart({ title, selectedKey }: { title: string; selectedKey: string }) {
      |          ^^^^^^^^^^^^^^
  448 |   return (
  449 |     <div className={styles.pdfMock}>
  450 |       <div className={styles.pdfToolbar} aria-hidden="true">

the name `FakeChordChart` is defined multiple times

Import trace:
  Server Component:
    ./app/music/charts/ChartsPageClient.tsx
    ./app/music/charts/page.tsx @ http://localhost:3000/_next/static/chunks/node_modules_next_dist_f3530cac._.js:3127
[ 1545021ms] [ERROR] ./app/music/charts/ChartsPageClient.tsx:486:10
Ecmascript file had an error
  484 | }
  485 |
> 486 | function FakeBundlePreview({ album }: { album: AlbumResourcePack }) {
      |          ^^^^^^^^^^^^^^^^^
  487 |   return (
  488 |     <div className={styles.bundleMock}>
  489 |       <div className={styles.bundleStack} aria-hidden="true">

the name `FakeBundlePreview` is defined multiple times

Import trace:
  Server Component:
    ./app/music/charts/ChartsPageClient.tsx
    ./app/music/charts/page.tsx @ http://localhost:3000/_next/static/chunks/node_modules_next_dist_f3530cac._.js:3127
[ 1545021ms] [ERROR] ./app/music/charts/ChartsPageClient.tsx:447:10
Ecmascript file had an error
  445 | }
  446 |
> 447 | function FakeChordChart({ title, selectedKey }: { title: string; selectedKey: string }) {
      |          ^^^^^^^^^^^^^^
  448 |   return (
  449 |     <div className={styles.pdfMock}>
  450 |       <div className={styles.pdfToolbar} aria-hidden="true">

the name `FakeChordChart` is defined multiple times

Import trace:
  Server Component:
    ./app/music/charts/ChartsPageClient.tsx
    ./app/music/charts/page.tsx @ http://localhost:3000/_next/static/chunks/node_modules_next_dist_f3530cac._.js:3127
[ 1545110ms] [ERROR] ./app/music/charts/ChartsPageClient.tsx:486:10
Ecmascript file had an error
  484 | }
  485 |
> 486 | function FakeBundlePreview({ album }: { album: AlbumResourcePack }) {
      |          ^^^^^^^^^^^^^^^^^
  487 |   return (
  488 |     <div className={styles.bundleMock}>
  489 |       <div className={styles.bundleStack} aria-hidden="true">

the name `FakeBundlePreview` is defined multiple times

Import trace:
  Server Component:
    ./app/music/charts/ChartsPageClient.tsx
    ./app/music/charts/page.tsx @ http://localhost:3000/_next/static/chunks/node_modules_next_dist_f3530cac._.js:3127
[ 1545110ms] [ERROR] ./app/music/charts/ChartsPageClient.tsx:447:10
Ecmascript file had an error
  445 | }
  446 |
> 447 | function FakeChordChart({ title, selectedKey }: { title: string; selectedKey: string }) {
      |          ^^^^^^^^^^^^^^
  448 |   return (
  449 |     <div className={styles.pdfMock}>
  450 |       <div className={styles.pdfToolbar} aria-hidden="true">

the name `FakeChordChart` is defined multiple times

Import trace:
  Server Component:
    ./app/music/charts/ChartsPageClient.tsx
    ./app/music/charts/page.tsx @ http://localhost:3000/_next/static/chunks/node_modules_next_dist_f3530cac._.js:3127
[ 1545175ms] [ERROR] ./app/music/charts/ChartsPageClient.tsx:486:10
Ecmascript file had an error
  484 | }
  485 |
> 486 | function FakeBundlePreview({ album }: { album: AlbumResourcePack }) {
      |          ^^^^^^^^^^^^^^^^^
  487 |   return (
  488 |     <div className={styles.bundleMock}>
  489 |       <div className={styles.bundleStack} aria-hidden="true">

the name `FakeBundlePreview` is defined multiple times

Import trace:
  Server Component:
    ./app/music/charts/ChartsPageClient.tsx
    ./app/music/charts/page.tsx @ http://localhost:3000/_next/static/chunks/node_modules_next_dist_f3530cac._.js:3127
[ 1545175ms] [ERROR] ./app/music/charts/ChartsPageClient.tsx:447:10
Ecmascript file had an error
  445 | }
  446 |
> 447 | function FakeChordChart({ title, selectedKey }: { title: string; selectedKey: string }) {
      |          ^^^^^^^^^^^^^^
  448 |   return (
  449 |     <div className={styles.pdfMock}>
  450 |       <div className={styles.pdfToolbar} aria-hidden="true">

the name `FakeChordChart` is defined multiple times

Import trace:
  Server Component:
    ./app/music/charts/ChartsPageClient.tsx
    ./app/music/charts/page.tsx @ http://localhost:3000/_next/static/chunks/node_modules_next_dist_f3530cac._.js:3127
[ 1545238ms] [ERROR] ./app/music/charts/ChartsPageClient.tsx:486:10
Ecmascript file had an error
  484 | }
  485 |
> 486 | function FakeBundlePreview({ album }: { album: AlbumResourcePack }) {
      |          ^^^^^^^^^^^^^^^^^
  487 |   return (
  488 |     <div className={styles.bundleMock}>
  489 |       <div className={styles.bundleStack} aria-hidden="true">

the name `FakeBundlePreview` is defined multiple times

Import trace:
  Server Component:
    ./app/music/charts/ChartsPageClient.tsx
    ./app/music/charts/page.tsx @ http://localhost:3000/_next/static/chunks/node_modules_next_dist_f3530cac._.js:3127
[ 1545238ms] [ERROR] ./app/music/charts/ChartsPageClient.tsx:447:10
Ecmascript file had an error
  445 | }
  446 |
> 447 | function FakeChordChart({ title, selectedKey }: { title: string; selectedKey: string }) {
      |          ^^^^^^^^^^^^^^
  448 |   return (
  449 |     <div className={styles.pdfMock}>
  450 |       <div className={styles.pdfToolbar} aria-hidden="true">

the name `FakeChordChart` is defined multiple times

Import trace:
  Server Component:
    ./app/music/charts/ChartsPageClient.tsx
    ./app/music/charts/page.tsx @ http://localhost:3000/_next/static/chunks/node_modules_next_dist_f3530cac._.js:3127
[ 1545298ms] [ERROR] ./app/music/charts/ChartsPageClient.tsx:486:10
Ecmascript file had an error
  484 | }
  485 |
> 486 | function FakeBundlePreview({ album }: { album: AlbumResourcePack }) {
      |          ^^^^^^^^^^^^^^^^^
  487 |   return (
  488 |     <div className={styles.bundleMock}>
  489 |       <div className={styles.bundleStack} aria-hidden="true">

the name `FakeBundlePreview` is defined multiple times

Import trace:
  Server Component:
    ./app/music/charts/ChartsPageClient.tsx
    ./app/music/charts/page.tsx @ http://localhost:3000/_next/static/chunks/node_modules_next_dist_f3530cac._.js:3127
[ 1545298ms] [ERROR] ./app/music/charts/ChartsPageClient.tsx:447:10
Ecmascript file had an error
  445 | }
  446 |
> 447 | function FakeChordChart({ title, selectedKey }: { title: string; selectedKey: string }) {
      |          ^^^^^^^^^^^^^^
  448 |   return (
  449 |     <div className={styles.pdfMock}>
  450 |       <div className={styles.pdfToolbar} aria-hidden="true">

the name `FakeChordChart` is defined multiple times

Import trace:
  Server Component:
    ./app/music/charts/ChartsPageClient.tsx
    ./app/music/charts/page.tsx @ http://localhost:3000/_next/static/chunks/node_modules_next_dist_f3530cac._.js:3127
[ 1545362ms] [ERROR] ./app/music/charts/ChartsPageClient.tsx:486:10
Ecmascript file had an error
  484 | }
  485 |
> 486 | function FakeBundlePreview({ album }: { album: AlbumResourcePack }) {
      |          ^^^^^^^^^^^^^^^^^
  487 |   return (
  488 |     <div className={styles.bundleMock}>
  489 |       <div className={styles.bundleStack} aria-hidden="true">

the name `FakeBundlePreview` is defined multiple times

Import trace:
  Server Component:
    ./app/music/charts/ChartsPageClient.tsx
    ./app/music/charts/page.tsx @ http://localhost:3000/_next/static/chunks/node_modules_next_dist_f3530cac._.js:3127
[ 1545362ms] [ERROR] ./app/music/charts/ChartsPageClient.tsx:447:10
Ecmascript file had an error
  445 | }
  446 |
> 447 | function FakeChordChart({ title, selectedKey }: { title: string; selectedKey: string }) {
      |          ^^^^^^^^^^^^^^
  448 |   return (
  449 |     <div className={styles.pdfMock}>
  450 |       <div className={styles.pdfToolbar} aria-hidden="true">

the name `FakeChordChart` is defined multiple times

Import trace:
  Server Component:
    ./app/music/charts/ChartsPageClient.tsx
    ./app/music/charts/page.tsx @ http://localhost:3000/_next/static/chunks/node_modules_next_dist_f3530cac._.js:3127
[ 1545422ms] [ERROR] ./app/music/charts/ChartsPageClient.tsx:486:10
Ecmascript file had an error
  484 | }
  485 |
> 486 | function FakeBundlePreview({ album }: { album: AlbumResourcePack }) {
      |          ^^^^^^^^^^^^^^^^^
  487 |   return (
  488 |     <div className={styles.bundleMock}>
  489 |       <div className={styles.bundleStack} aria-hidden="true">

the name `FakeBundlePreview` is defined multiple times

Import trace:
  Server Component:
    ./app/music/charts/ChartsPageClient.tsx
    ./app/music/charts/page.tsx @ http://localhost:3000/_next/static/chunks/node_modules_next_dist_f3530cac._.js:3127
[ 1545422ms] [ERROR] ./app/music/charts/ChartsPageClient.tsx:447:10
Ecmascript file had an error
  445 | }
  446 |
> 447 | function FakeChordChart({ title, selectedKey }: { title: string; selectedKey: string }) {
      |          ^^^^^^^^^^^^^^
  448 |   return (
  449 |     <div className={styles.pdfMock}>
  450 |       <div className={styles.pdfToolbar} aria-hidden="true">

the name `FakeChordChart` is defined multiple times

Import trace:
  Server Component:
    ./app/music/charts/ChartsPageClient.tsx
    ./app/music/charts/page.tsx @ http://localhost:3000/_next/static/chunks/node_modules_next_dist_f3530cac._.js:3127
[ 1545484ms] [ERROR] ./app/music/charts/ChartsPageClient.tsx:486:10
Ecmascript file had an error
  484 | }
  485 |
> 486 | function FakeBundlePreview({ album }: { album: AlbumResourcePack }) {
      |          ^^^^^^^^^^^^^^^^^
  487 |   return (
  488 |     <div className={styles.bundleMock}>
  489 |       <div className={styles.bundleStack} aria-hidden="true">

the name `FakeBundlePreview` is defined multiple times

Import trace:
  Server Component:
    ./app/music/charts/ChartsPageClient.tsx
    ./app/music/charts/page.tsx @ http://localhost:3000/_next/static/chunks/node_modules_next_dist_f3530cac._.js:3127
[ 1545484ms] [ERROR] ./app/music/charts/ChartsPageClient.tsx:447:10
Ecmascript file had an error
  445 | }
  446 |
> 447 | function FakeChordChart({ title, selectedKey }: { title: string; selectedKey: string }) {
      |          ^^^^^^^^^^^^^^
  448 |   return (
  449 |     <div className={styles.pdfMock}>
  450 |       <div className={styles.pdfToolbar} aria-hidden="true">

the name `FakeChordChart` is defined multiple times

Import trace:
  Server Component:
    ./app/music/charts/ChartsPageClient.tsx
    ./app/music/charts/page.tsx @ http://localhost:3000/_next/static/chunks/node_modules_next_dist_f3530cac._.js:3127
[ 1545535ms] [ERROR] ./app/music/charts/ChartsPageClient.tsx:486:10
Ecmascript file had an error
  484 | }
  485 |
> 486 | function FakeBundlePreview({ album }: { album: AlbumResourcePack }) {
      |          ^^^^^^^^^^^^^^^^^
  487 |   return (
  488 |     <div className={styles.bundleMock}>
  489 |       <div className={styles.bundleStack} aria-hidden="true">

the name `FakeBundlePreview` is defined multiple times

Import trace:
  Server Component:
    ./app/music/charts/ChartsPageClient.tsx
    ./app/music/charts/page.tsx @ http://localhost:3000/_next/static/chunks/node_modules_next_dist_f3530cac._.js:3127
[ 1545535ms] [ERROR] ./app/music/charts/ChartsPageClient.tsx:447:10
Ecmascript file had an error
  445 | }
  446 |
> 447 | function FakeChordChart({ title, selectedKey }: { title: string; selectedKey: string }) {
      |          ^^^^^^^^^^^^^^
  448 |   return (
  449 |     <div className={styles.pdfMock}>
  450 |       <div className={styles.pdfToolbar} aria-hidden="true">

the name `FakeChordChart` is defined multiple times

Import trace:
  Server Component:
    ./app/music/charts/ChartsPageClient.tsx
    ./app/music/charts/page.tsx @ http://localhost:3000/_next/static/chunks/node_modules_next_dist_f3530cac._.js:3127
[ 1545598ms] [ERROR] ./app/music/charts/ChartsPageClient.tsx:486:10
Ecmascript file had an error
  484 | }
  485 |
> 486 | function FakeBundlePreview({ album }: { album: AlbumResourcePack }) {
      |          ^^^^^^^^^^^^^^^^^
  487 |   return (
  488 |     <div className={styles.bundleMock}>
  489 |       <div className={styles.bundleStack} aria-hidden="true">

the name `FakeBundlePreview` is defined multiple times

Import trace:
  Server Component:
    ./app/music/charts/ChartsPageClient.tsx
    ./app/music/charts/page.tsx @ http://localhost:3000/_next/static/chunks/node_modules_next_dist_f3530cac._.js:3127
[ 1545598ms] [ERROR] ./app/music/charts/ChartsPageClient.tsx:447:10
Ecmascript file had an error
  445 | }
  446 |
> 447 | function FakeChordChart({ title, selectedKey }: { title: string; selectedKey: string }) {
      |          ^^^^^^^^^^^^^^
  448 |   return (
  449 |     <div className={styles.pdfMock}>
  450 |       <div className={styles.pdfToolbar} aria-hidden="true">

the name `FakeChordChart` is defined multiple times

Import trace:
  Server Component:
    ./app/music/charts/ChartsPageClient.tsx
    ./app/music/charts/page.tsx @ http://localhost:3000/_next/static/chunks/node_modules_next_dist_f3530cac._.js:3127
[ 1545660ms] [ERROR] ./app/music/charts/ChartsPageClient.tsx:486:10
Ecmascript file had an error
  484 | }
  485 |
> 486 | function FakeBundlePreview({ album }: { album: AlbumResourcePack }) {
      |          ^^^^^^^^^^^^^^^^^
  487 |   return (
  488 |     <div className={styles.bundleMock}>
  489 |       <div className={styles.bundleStack} aria-hidden="true">

the name `FakeBundlePreview` is defined multiple times

Import trace:
  Server Component:
    ./app/music/charts/ChartsPageClient.tsx
    ./app/music/charts/page.tsx @ http://localhost:3000/_next/static/chunks/node_modules_next_dist_f3530cac._.js:3127
[ 1545660ms] [ERROR] ./app/music/charts/ChartsPageClient.tsx:447:10
Ecmascript file had an error
  445 | }
  446 |
> 447 | function FakeChordChart({ title, selectedKey }: { title: string; selectedKey: string }) {
      |          ^^^^^^^^^^^^^^
  448 |   return (
  449 |     <div className={styles.pdfMock}>
  450 |       <div className={styles.pdfToolbar} aria-hidden="true">

the name `FakeChordChart` is defined multiple times

Import trace:
  Server Component:
    ./app/music/charts/ChartsPageClient.tsx
    ./app/music/charts/page.tsx @ http://localhost:3000/_next/static/chunks/node_modules_next_dist_f3530cac._.js:3127
[ 1545721ms] [ERROR] ./app/music/charts/ChartsPageClient.tsx:486:10
Ecmascript file had an error
  484 | }
  485 |
> 486 | function FakeBundlePreview({ album }: { album: AlbumResourcePack }) {
      |          ^^^^^^^^^^^^^^^^^
  487 |   return (
  488 |     <div className={styles.bundleMock}>
  489 |       <div className={styles.bundleStack} aria-hidden="true">

the name `FakeBundlePreview` is defined multiple times

Import trace:
  Server Component:
    ./app/music/charts/ChartsPageClient.tsx
    ./app/music/charts/page.tsx @ http://localhost:3000/_next/static/chunks/node_modules_next_dist_f3530cac._.js:3127
[ 1545721ms] [ERROR] ./app/music/charts/ChartsPageClient.tsx:447:10
Ecmascript file had an error
  445 | }
  446 |
> 447 | function FakeChordChart({ title, selectedKey }: { title: string; selectedKey: string }) {
      |          ^^^^^^^^^^^^^^
  448 |   return (
  449 |     <div className={styles.pdfMock}>
  450 |       <div className={styles.pdfToolbar} aria-hidden="true">

the name `FakeChordChart` is defined multiple times

Import trace:
  Server Component:
    ./app/music/charts/ChartsPageClient.tsx
    ./app/music/charts/page.tsx @ http://localhost:3000/_next/static/chunks/node_modules_next_dist_f3530cac._.js:3127
[ 1545783ms] [ERROR] ./app/music/charts/ChartsPageClient.tsx:486:10
Ecmascript file had an error
  484 | }
  485 |
> 486 | function FakeBundlePreview({ album }: { album: AlbumResourcePack }) {
      |          ^^^^^^^^^^^^^^^^^
  487 |   return (
  488 |     <div className={styles.bundleMock}>
  489 |       <div className={styles.bundleStack} aria-hidden="true">

the name `FakeBundlePreview` is defined multiple times

Import trace:
  Server Component:
    ./app/music/charts/ChartsPageClient.tsx
    ./app/music/charts/page.tsx @ http://localhost:3000/_next/static/chunks/node_modules_next_dist_f3530cac._.js:3127
[ 1545783ms] [ERROR] ./app/music/charts/ChartsPageClient.tsx:447:10
Ecmascript file had an error
  445 | }
  446 |
> 447 | function FakeChordChart({ title, selectedKey }: { title: string; selectedKey: string }) {
      |          ^^^^^^^^^^^^^^
  448 |   return (
  449 |     <div className={styles.pdfMock}>
  450 |       <div className={styles.pdfToolbar} aria-hidden="true">

the name `FakeChordChart` is defined multiple times

Import trace:
  Server Component:
    ./app/music/charts/ChartsPageClient.tsx
    ./app/music/charts/page.tsx @ http://localhost:3000/_next/static/chunks/node_modules_next_dist_f3530cac._.js:3127
[ 1545843ms] [ERROR] ./app/music/charts/ChartsPageClient.tsx:486:10
Ecmascript file had an error
  484 | }
  485 |
> 486 | function FakeBundlePreview({ album }: { album: AlbumResourcePack }) {
      |          ^^^^^^^^^^^^^^^^^
  487 |   return (
  488 |     <div className={styles.bundleMock}>
  489 |       <div className={styles.bundleStack} aria-hidden="true">

the name `FakeBundlePreview` is defined multiple times

Import trace:
  Server Component:
    ./app/music/charts/ChartsPageClient.tsx
    ./app/music/charts/page.tsx @ http://localhost:3000/_next/static/chunks/node_modules_next_dist_f3530cac._.js:3127
[ 1545844ms] [ERROR] ./app/music/charts/ChartsPageClient.tsx:447:10
Ecmascript file had an error
  445 | }
  446 |
> 447 | function FakeChordChart({ title, selectedKey }: { title: string; selectedKey: string }) {
      |          ^^^^^^^^^^^^^^
  448 |   return (
  449 |     <div className={styles.pdfMock}>
  450 |       <div className={styles.pdfToolbar} aria-hidden="true">

the name `FakeChordChart` is defined multiple times

Import trace:
  Server Component:
    ./app/music/charts/ChartsPageClient.tsx
    ./app/music/charts/page.tsx @ http://localhost:3000/_next/static/chunks/node_modules_next_dist_f3530cac._.js:3127
[ 1545910ms] [ERROR] ./app/music/charts/ChartsPageClient.tsx:486:10
Ecmascript file had an error
  484 | }
  485 |
> 486 | function FakeBundlePreview({ album }: { album: AlbumResourcePack }) {
      |          ^^^^^^^^^^^^^^^^^
  487 |   return (
  488 |     <div className={styles.bundleMock}>
  489 |       <div className={styles.bundleStack} aria-hidden="true">

the name `FakeBundlePreview` is defined multiple times

Import trace:
  Server Component:
    ./app/music/charts/ChartsPageClient.tsx
    ./app/music/charts/page.tsx @ http://localhost:3000/_next/static/chunks/node_modules_next_dist_f3530cac._.js:3127
[ 1545910ms] [ERROR] ./app/music/charts/ChartsPageClient.tsx:447:10
Ecmascript file had an error
  445 | }
  446 |
> 447 | function FakeChordChart({ title, selectedKey }: { title: string; selectedKey: string }) {
      |          ^^^^^^^^^^^^^^
  448 |   return (
  449 |     <div className={styles.pdfMock}>
  450 |       <div className={styles.pdfToolbar} aria-hidden="true">

the name `FakeChordChart` is defined multiple times

Import trace:
  Server Component:
    ./app/music/charts/ChartsPageClient.tsx
    ./app/music/charts/page.tsx @ http://localhost:3000/_next/static/chunks/node_modules_next_dist_f3530cac._.js:3127
[ 1545968ms] [ERROR] ./app/music/charts/ChartsPageClient.tsx:486:10
Ecmascript file had an error
  484 | }
  485 |
> 486 | function FakeBundlePreview({ album }: { album: AlbumResourcePack }) {
      |          ^^^^^^^^^^^^^^^^^
  487 |   return (
  488 |     <div className={styles.bundleMock}>
  489 |       <div className={styles.bundleStack} aria-hidden="true">

the name `FakeBundlePreview` is defined multiple times

Import trace:
  Server Component:
    ./app/music/charts/ChartsPageClient.tsx
    ./app/music/charts/page.tsx @ http://localhost:3000/_next/static/chunks/node_modules_next_dist_f3530cac._.js:3127
[ 1545969ms] [ERROR] ./app/music/charts/ChartsPageClient.tsx:447:10
Ecmascript file had an error
  445 | }
  446 |
> 447 | function FakeChordChart({ title, selectedKey }: { title: string; selectedKey: string }) {
      |          ^^^^^^^^^^^^^^
  448 |   return (
  449 |     <div className={styles.pdfMock}>
  450 |       <div className={styles.pdfToolbar} aria-hidden="true">

the name `FakeChordChart` is defined multiple times

Import trace:
  Server Component:
    ./app/music/charts/ChartsPageClient.tsx
    ./app/music/charts/page.tsx @ http://localhost:3000/_next/static/chunks/node_modules_next_dist_f3530cac._.js:3127
[ 1546032ms] [ERROR] ./app/music/charts/ChartsPageClient.tsx:486:10
Ecmascript file had an error
  484 | }
  485 |
> 486 | function FakeBundlePreview({ album }: { album: AlbumResourcePack }) {
      |          ^^^^^^^^^^^^^^^^^
  487 |   return (
  488 |     <div className={styles.bundleMock}>
  489 |       <div className={styles.bundleStack} aria-hidden="true">

the name `FakeBundlePreview` is defined multiple times

Import trace:
  Server Component:
    ./app/music/charts/ChartsPageClient.tsx
    ./app/music/charts/page.tsx @ http://localhost:3000/_next/static/chunks/node_modules_next_dist_f3530cac._.js:3127
[ 1546032ms] [ERROR] ./app/music/charts/ChartsPageClient.tsx:447:10
Ecmascript file had an error
  445 | }
  446 |
> 447 | function FakeChordChart({ title, selectedKey }: { title: string; selectedKey: string }) {
      |          ^^^^^^^^^^^^^^
  448 |   return (
  449 |     <div className={styles.pdfMock}>
  450 |       <div className={styles.pdfToolbar} aria-hidden="true">

the name `FakeChordChart` is defined multiple times

Import trace:
  Server Component:
    ./app/music/charts/ChartsPageClient.tsx
    ./app/music/charts/page.tsx @ http://localhost:3000/_next/static/chunks/node_modules_next_dist_f3530cac._.js:3127
[ 1546093ms] [ERROR] ./app/music/charts/ChartsPageClient.tsx:486:10
Ecmascript file had an error
  484 | }
  485 |
> 486 | function FakeBundlePreview({ album }: { album: AlbumResourcePack }) {
      |          ^^^^^^^^^^^^^^^^^
  487 |   return (
  488 |     <div className={styles.bundleMock}>
  489 |       <div className={styles.bundleStack} aria-hidden="true">

the name `FakeBundlePreview` is defined multiple times

Import trace:
  Server Component:
    ./app/music/charts/ChartsPageClient.tsx
    ./app/music/charts/page.tsx @ http://localhost:3000/_next/static/chunks/node_modules_next_dist_f3530cac._.js:3127
[ 1546093ms] [ERROR] ./app/music/charts/ChartsPageClient.tsx:447:10
Ecmascript file had an error
  445 | }
  446 |
> 447 | function FakeChordChart({ title, selectedKey }: { title: string; selectedKey: string }) {
      |          ^^^^^^^^^^^^^^
  448 |   return (
  449 |     <div className={styles.pdfMock}>
  450 |       <div className={styles.pdfToolbar} aria-hidden="true">

the name `FakeChordChart` is defined multiple times

Import trace:
  Server Component:
    ./app/music/charts/ChartsPageClient.tsx
    ./app/music/charts/page.tsx @ http://localhost:3000/_next/static/chunks/node_modules_next_dist_f3530cac._.js:3127
[ 1546156ms] [ERROR] ./app/music/charts/ChartsPageClient.tsx:486:10
Ecmascript file had an error
  484 | }
  485 |
> 486 | function FakeBundlePreview({ album }: { album: AlbumResourcePack }) {
      |          ^^^^^^^^^^^^^^^^^
  487 |   return (
  488 |     <div className={styles.bundleMock}>
  489 |       <div className={styles.bundleStack} aria-hidden="true">

the name `FakeBundlePreview` is defined multiple times

Import trace:
  Server Component:
    ./app/music/charts/ChartsPageClient.tsx
    ./app/music/charts/page.tsx @ http://localhost:3000/_next/static/chunks/node_modules_next_dist_f3530cac._.js:3127
[ 1546156ms] [ERROR] ./app/music/charts/ChartsPageClient.tsx:447:10
Ecmascript file had an error
  445 | }
  446 |
> 447 | function FakeChordChart({ title, selectedKey }: { title: string; selectedKey: string }) {
      |          ^^^^^^^^^^^^^^
  448 |   return (
  449 |     <div className={styles.pdfMock}>
  450 |       <div className={styles.pdfToolbar} aria-hidden="true">

the name `FakeChordChart` is defined multiple times

Import trace:
  Server Component:
    ./app/music/charts/ChartsPageClient.tsx
    ./app/music/charts/page.tsx @ http://localhost:3000/_next/static/chunks/node_modules_next_dist_f3530cac._.js:3127
[ 1546221ms] [ERROR] ./app/music/charts/ChartsPageClient.tsx:486:10
Ecmascript file had an error
  484 | }
  485 |
> 486 | function FakeBundlePreview({ album }: { album: AlbumResourcePack }) {
      |          ^^^^^^^^^^^^^^^^^
  487 |   return (
  488 |     <div className={styles.bundleMock}>
  489 |       <div className={styles.bundleStack} aria-hidden="true">

the name `FakeBundlePreview` is defined multiple times

Import trace:
  Server Component:
    ./app/music/charts/ChartsPageClient.tsx
    ./app/music/charts/page.tsx @ http://localhost:3000/_next/static/chunks/node_modules_next_dist_f3530cac._.js:3127
[ 1546221ms] [ERROR] ./app/music/charts/ChartsPageClient.tsx:447:10
Ecmascript file had an error
  445 | }
  446 |
> 447 | function FakeChordChart({ title, selectedKey }: { title: string; selectedKey: string }) {
      |          ^^^^^^^^^^^^^^
  448 |   return (
  449 |     <div className={styles.pdfMock}>
  450 |       <div className={styles.pdfToolbar} aria-hidden="true">

the name `FakeChordChart` is defined multiple times

Import trace:
  Server Component:
    ./app/music/charts/ChartsPageClient.tsx
    ./app/music/charts/page.tsx @ http://localhost:3000/_next/static/chunks/node_modules_next_dist_f3530cac._.js:3127
[ 1546281ms] [ERROR] ./app/music/charts/ChartsPageClient.tsx:486:10
Ecmascript file had an error
  484 | }
  485 |
> 486 | function FakeBundlePreview({ album }: { album: AlbumResourcePack }) {
      |          ^^^^^^^^^^^^^^^^^
  487 |   return (
  488 |     <div className={styles.bundleMock}>
  489 |       <div className={styles.bundleStack} aria-hidden="true">

the name `FakeBundlePreview` is defined multiple times

Import trace:
  Server Component:
    ./app/music/charts/ChartsPageClient.tsx
    ./app/music/charts/page.tsx @ http://localhost:3000/_next/static/chunks/node_modules_next_dist_f3530cac._.js:3127
[ 1546282ms] [ERROR] ./app/music/charts/ChartsPageClient.tsx:447:10
Ecmascript file had an error
  445 | }
  446 |
> 447 | function FakeChordChart({ title, selectedKey }: { title: string; selectedKey: string }) {
      |          ^^^^^^^^^^^^^^
  448 |   return (
  449 |     <div className={styles.pdfMock}>
  450 |       <div className={styles.pdfToolbar} aria-hidden="true">

the name `FakeChordChart` is defined multiple times

Import trace:
  Server Component:
    ./app/music/charts/ChartsPageClient.tsx
    ./app/music/charts/page.tsx @ http://localhost:3000/_next/static/chunks/node_modules_next_dist_f3530cac._.js:3127
[ 1546341ms] [ERROR] ./app/music/charts/ChartsPageClient.tsx:486:10
Ecmascript file had an error
  484 | }
  485 |
> 486 | function FakeBundlePreview({ album }: { album: AlbumResourcePack }) {
      |          ^^^^^^^^^^^^^^^^^
  487 |   return (
  488 |     <div className={styles.bundleMock}>
  489 |       <div className={styles.bundleStack} aria-hidden="true">

the name `FakeBundlePreview` is defined multiple times

Import trace:
  Server Component:
    ./app/music/charts/ChartsPageClient.tsx
    ./app/music/charts/page.tsx @ http://localhost:3000/_next/static/chunks/node_modules_next_dist_f3530cac._.js:3127
[ 1546342ms] [ERROR] ./app/music/charts/ChartsPageClient.tsx:447:10
Ecmascript file had an error
  445 | }
  446 |
> 447 | function FakeChordChart({ title, selectedKey }: { title: string; selectedKey: string }) {
      |          ^^^^^^^^^^^^^^
  448 |   return (
  449 |     <div className={styles.pdfMock}>
  450 |       <div className={styles.pdfToolbar} aria-hidden="true">

the name `FakeChordChart` is defined multiple times

Import trace:
  Server Component:
    ./app/music/charts/ChartsPageClient.tsx
    ./app/music/charts/page.tsx @ http://localhost:3000/_next/static/chunks/node_modules_next_dist_f3530cac._.js:3127
[ 1546408ms] [ERROR] ./app/music/charts/ChartsPageClient.tsx:486:10
Ecmascript file had an error
  484 | }
  485 |
> 486 | function FakeBundlePreview({ album }: { album: AlbumResourcePack }) {
      |          ^^^^^^^^^^^^^^^^^
  487 |   return (
  488 |     <div className={styles.bundleMock}>
  489 |       <div className={styles.bundleStack} aria-hidden="true">

the name `FakeBundlePreview` is defined multiple times

Import trace:
  Server Component:
    ./app/music/charts/ChartsPageClient.tsx
    ./app/music/charts/page.tsx @ http://localhost:3000/_next/static/chunks/node_modules_next_dist_f3530cac._.js:3127
[ 1546408ms] [ERROR] ./app/music/charts/ChartsPageClient.tsx:447:10
Ecmascript file had an error
  445 | }
  446 |
> 447 | function FakeChordChart({ title, selectedKey }: { title: string; selectedKey: string }) {
      |          ^^^^^^^^^^^^^^
  448 |   return (
  449 |     <div className={styles.pdfMock}>
  450 |       <div className={styles.pdfToolbar} aria-hidden="true">

the name `FakeChordChart` is defined multiple times

Import trace:
  Server Component:
    ./app/music/charts/ChartsPageClient.tsx
    ./app/music/charts/page.tsx @ http://localhost:3000/_next/static/chunks/node_modules_next_dist_f3530cac._.js:3127
[ 1546472ms] [ERROR] ./app/music/charts/ChartsPageClient.tsx:486:10
Ecmascript file had an error
  484 | }
  485 |
> 486 | function FakeBundlePreview({ album }: { album: AlbumResourcePack }) {
      |          ^^^^^^^^^^^^^^^^^
  487 |   return (
  488 |     <div className={styles.bundleMock}>
  489 |       <div className={styles.bundleStack} aria-hidden="true">

the name `FakeBundlePreview` is defined multiple times

Import trace:
  Server Component:
    ./app/music/charts/ChartsPageClient.tsx
    ./app/music/charts/page.tsx @ http://localhost:3000/_next/static/chunks/node_modules_next_dist_f3530cac._.js:3127
[ 1546473ms] [ERROR] ./app/music/charts/ChartsPageClient.tsx:447:10
Ecmascript file had an error
  445 | }
  446 |
> 447 | function FakeChordChart({ title, selectedKey }: { title: string; selectedKey: string }) {
      |          ^^^^^^^^^^^^^^
  448 |   return (
  449 |     <div className={styles.pdfMock}>
  450 |       <div className={styles.pdfToolbar} aria-hidden="true">

the name `FakeChordChart` is defined multiple times

Import trace:
  Server Component:
    ./app/music/charts/ChartsPageClient.tsx
    ./app/music/charts/page.tsx @ http://localhost:3000/_next/static/chunks/node_modules_next_dist_f3530cac._.js:3127
[ 1546534ms] [ERROR] ./app/music/charts/ChartsPageClient.tsx:486:10
Ecmascript file had an error
  484 | }
  485 |
> 486 | function FakeBundlePreview({ album }: { album: AlbumResourcePack }) {
      |          ^^^^^^^^^^^^^^^^^
  487 |   return (
  488 |     <div className={styles.bundleMock}>
  489 |       <div className={styles.bundleStack} aria-hidden="true">

the name `FakeBundlePreview` is defined multiple times

Import trace:
  Server Component:
    ./app/music/charts/ChartsPageClient.tsx
    ./app/music/charts/page.tsx @ http://localhost:3000/_next/static/chunks/node_modules_next_dist_f3530cac._.js:3127
[ 1546535ms] [ERROR] ./app/music/charts/ChartsPageClient.tsx:447:10
Ecmascript file had an error
  445 | }
  446 |
> 447 | function FakeChordChart({ title, selectedKey }: { title: string; selectedKey: string }) {
      |          ^^^^^^^^^^^^^^
  448 |   return (
  449 |     <div className={styles.pdfMock}>
  450 |       <div className={styles.pdfToolbar} aria-hidden="true">

the name `FakeChordChart` is defined multiple times

Import trace:
  Server Component:
    ./app/music/charts/ChartsPageClient.tsx
    ./app/music/charts/page.tsx @ http://localhost:3000/_next/static/chunks/node_modules_next_dist_f3530cac._.js:3127
[ 1546596ms] [ERROR] ./app/music/charts/ChartsPageClient.tsx:486:10
Ecmascript file had an error
  484 | }
  485 |
> 486 | function FakeBundlePreview({ album }: { album: AlbumResourcePack }) {
      |          ^^^^^^^^^^^^^^^^^
  487 |   return (
  488 |     <div className={styles.bundleMock}>
  489 |       <div className={styles.bundleStack} aria-hidden="true">

the name `FakeBundlePreview` is defined multiple times

Import trace:
  Server Component:
    ./app/music/charts/ChartsPageClient.tsx
    ./app/music/charts/page.tsx @ http://localhost:3000/_next/static/chunks/node_modules_next_dist_f3530cac._.js:3127
[ 1546596ms] [ERROR] ./app/music/charts/ChartsPageClient.tsx:447:10
Ecmascript file had an error
  445 | }
  446 |
> 447 | function FakeChordChart({ title, selectedKey }: { title: string; selectedKey: string }) {
      |          ^^^^^^^^^^^^^^
  448 |   return (
  449 |     <div className={styles.pdfMock}>
  450 |       <div className={styles.pdfToolbar} aria-hidden="true">

the name `FakeChordChart` is defined multiple times

Import trace:
  Server Component:
    ./app/music/charts/ChartsPageClient.tsx
    ./app/music/charts/page.tsx @ http://localhost:3000/_next/static/chunks/node_modules_next_dist_f3530cac._.js:3127
[ 1546651ms] [ERROR] ./app/music/charts/ChartsPageClient.tsx:486:10
Ecmascript file had an error
  484 | }
  485 |
> 486 | function FakeBundlePreview({ album }: { album: AlbumResourcePack }) {
      |          ^^^^^^^^^^^^^^^^^
  487 |   return (
  488 |     <div className={styles.bundleMock}>
  489 |       <div className={styles.bundleStack} aria-hidden="true">

the name `FakeBundlePreview` is defined multiple times

Import trace:
  Server Component:
    ./app/music/charts/ChartsPageClient.tsx
    ./app/music/charts/page.tsx @ http://localhost:3000/_next/static/chunks/node_modules_next_dist_f3530cac._.js:3127
[ 1546651ms] [ERROR] ./app/music/charts/ChartsPageClient.tsx:447:10
Ecmascript file had an error
  445 | }
  446 |
> 447 | function FakeChordChart({ title, selectedKey }: { title: string; selectedKey: string }) {
      |          ^^^^^^^^^^^^^^
  448 |   return (
  449 |     <div className={styles.pdfMock}>
  450 |       <div className={styles.pdfToolbar} aria-hidden="true">

the name `FakeChordChart` is defined multiple times

Import trace:
  Server Component:
    ./app/music/charts/ChartsPageClient.tsx
    ./app/music/charts/page.tsx @ http://localhost:3000/_next/static/chunks/node_modules_next_dist_f3530cac._.js:3127
[ 1546714ms] [ERROR] ./app/music/charts/ChartsPageClient.tsx:486:10
Ecmascript file had an error
  484 | }
  485 |
> 486 | function FakeBundlePreview({ album }: { album: AlbumResourcePack }) {
      |          ^^^^^^^^^^^^^^^^^
  487 |   return (
  488 |     <div className={styles.bundleMock}>
  489 |       <div className={styles.bundleStack} aria-hidden="true">

the name `FakeBundlePreview` is defined multiple times

Import trace:
  Server Component:
    ./app/music/charts/ChartsPageClient.tsx
    ./app/music/charts/page.tsx @ http://localhost:3000/_next/static/chunks/node_modules_next_dist_f3530cac._.js:3127
[ 1546714ms] [ERROR] ./app/music/charts/ChartsPageClient.tsx:447:10
Ecmascript file had an error
  445 | }
  446 |
> 447 | function FakeChordChart({ title, selectedKey }: { title: string; selectedKey: string }) {
      |          ^^^^^^^^^^^^^^
  448 |   return (
  449 |     <div className={styles.pdfMock}>
  450 |       <div className={styles.pdfToolbar} aria-hidden="true">

the name `FakeChordChart` is defined multiple times

Import trace:
  Server Component:
    ./app/music/charts/ChartsPageClient.tsx
    ./app/music/charts/page.tsx @ http://localhost:3000/_next/static/chunks/node_modules_next_dist_f3530cac._.js:3127
[ 1546774ms] [ERROR] ./app/music/charts/ChartsPageClient.tsx:486:10
Ecmascript file had an error
  484 | }
  485 |
> 486 | function FakeBundlePreview({ album }: { album: AlbumResourcePack }) {
      |          ^^^^^^^^^^^^^^^^^
  487 |   return (
  488 |     <div className={styles.bundleMock}>
  489 |       <div className={styles.bundleStack} aria-hidden="true">

the name `FakeBundlePreview` is defined multiple times

Import trace:
  Server Component:
    ./app/music/charts/ChartsPageClient.tsx
    ./app/music/charts/page.tsx @ http://localhost:3000/_next/static/chunks/node_modules_next_dist_f3530cac._.js:3127
[ 1546774ms] [ERROR] ./app/music/charts/ChartsPageClient.tsx:447:10
Ecmascript file had an error
  445 | }
  446 |
> 447 | function FakeChordChart({ title, selectedKey }: { title: string; selectedKey: string }) {
      |          ^^^^^^^^^^^^^^
  448 |   return (
  449 |     <div className={styles.pdfMock}>
  450 |       <div className={styles.pdfToolbar} aria-hidden="true">

the name `FakeChordChart` is defined multiple times

Import trace:
  Server Component:
    ./app/music/charts/ChartsPageClient.tsx
    ./app/music/charts/page.tsx @ http://localhost:3000/_next/static/chunks/node_modules_next_dist_f3530cac._.js:3127
[ 1546837ms] [ERROR] ./app/music/charts/ChartsPageClient.tsx:486:10
Ecmascript file had an error
  484 | }
  485 |
> 486 | function FakeBundlePreview({ album }: { album: AlbumResourcePack }) {
      |          ^^^^^^^^^^^^^^^^^
  487 |   return (
  488 |     <div className={styles.bundleMock}>
  489 |       <div className={styles.bundleStack} aria-hidden="true">

the name `FakeBundlePreview` is defined multiple times

Import trace:
  Server Component:
    ./app/music/charts/ChartsPageClient.tsx
    ./app/music/charts/page.tsx @ http://localhost:3000/_next/static/chunks/node_modules_next_dist_f3530cac._.js:3127
[ 1546837ms] [ERROR] ./app/music/charts/ChartsPageClient.tsx:447:10
Ecmascript file had an error
  445 | }
  446 |
> 447 | function FakeChordChart({ title, selectedKey }: { title: string; selectedKey: string }) {
      |          ^^^^^^^^^^^^^^
  448 |   return (
  449 |     <div className={styles.pdfMock}>
  450 |       <div className={styles.pdfToolbar} aria-hidden="true">

the name `FakeChordChart` is defined multiple times

Import trace:
  Server Component:
    ./app/music/charts/ChartsPageClient.tsx
    ./app/music/charts/page.tsx @ http://localhost:3000/_next/static/chunks/node_modules_next_dist_f3530cac._.js:3127
[ 1546900ms] [ERROR] ./app/music/charts/ChartsPageClient.tsx:486:10
Ecmascript file had an error
  484 | }
  485 |
> 486 | function FakeBundlePreview({ album }: { album: AlbumResourcePack }) {
      |          ^^^^^^^^^^^^^^^^^
  487 |   return (
  488 |     <div className={styles.bundleMock}>
  489 |       <div className={styles.bundleStack} aria-hidden="true">

the name `FakeBundlePreview` is defined multiple times

Import trace:
  Server Component:
    ./app/music/charts/ChartsPageClient.tsx
    ./app/music/charts/page.tsx @ http://localhost:3000/_next/static/chunks/node_modules_next_dist_f3530cac._.js:3127
[ 1546900ms] [ERROR] ./app/music/charts/ChartsPageClient.tsx:447:10
Ecmascript file had an error
  445 | }
  446 |
> 447 | function FakeChordChart({ title, selectedKey }: { title: string; selectedKey: string }) {
      |          ^^^^^^^^^^^^^^
  448 |   return (
  449 |     <div className={styles.pdfMock}>
  450 |       <div className={styles.pdfToolbar} aria-hidden="true">

the name `FakeChordChart` is defined multiple times

Import trace:
  Server Component:
    ./app/music/charts/ChartsPageClient.tsx
    ./app/music/charts/page.tsx @ http://localhost:3000/_next/static/chunks/node_modules_next_dist_f3530cac._.js:3127
[ 1546962ms] [ERROR] ./app/music/charts/ChartsPageClient.tsx:486:10
Ecmascript file had an error
  484 | }
  485 |
> 486 | function FakeBundlePreview({ album }: { album: AlbumResourcePack }) {
      |          ^^^^^^^^^^^^^^^^^
  487 |   return (
  488 |     <div className={styles.bundleMock}>
  489 |       <div className={styles.bundleStack} aria-hidden="true">

the name `FakeBundlePreview` is defined multiple times

Import trace:
  Server Component:
    ./app/music/charts/ChartsPageClient.tsx
    ./app/music/charts/page.tsx @ http://localhost:3000/_next/static/chunks/node_modules_next_dist_f3530cac._.js:3127
[ 1546963ms] [ERROR] ./app/music/charts/ChartsPageClient.tsx:447:10
Ecmascript file had an error
  445 | }
  446 |
> 447 | function FakeChordChart({ title, selectedKey }: { title: string; selectedKey: string }) {
      |          ^^^^^^^^^^^^^^
  448 |   return (
  449 |     <div className={styles.pdfMock}>
  450 |       <div className={styles.pdfToolbar} aria-hidden="true">

the name `FakeChordChart` is defined multiple times

Import trace:
  Server Component:
    ./app/music/charts/ChartsPageClient.tsx
    ./app/music/charts/page.tsx @ http://localhost:3000/_next/static/chunks/node_modules_next_dist_f3530cac._.js:3127
[ 1547024ms] [ERROR] ./app/music/charts/ChartsPageClient.tsx:486:10
Ecmascript file had an error
  484 | }
  485 |
> 486 | function FakeBundlePreview({ album }: { album: AlbumResourcePack }) {
      |          ^^^^^^^^^^^^^^^^^
  487 |   return (
  488 |     <div className={styles.bundleMock}>
  489 |       <div className={styles.bundleStack} aria-hidden="true">

the name `FakeBundlePreview` is defined multiple times

Import trace:
  Server Component:
    ./app/music/charts/ChartsPageClient.tsx
    ./app/music/charts/page.tsx @ http://localhost:3000/_next/static/chunks/node_modules_next_dist_f3530cac._.js:3127
[ 1547024ms] [ERROR] ./app/music/charts/ChartsPageClient.tsx:447:10
Ecmascript file had an error
  445 | }
  446 |
> 447 | function FakeChordChart({ title, selectedKey }: { title: string; selectedKey: string }) {
      |          ^^^^^^^^^^^^^^
  448 |   return (
  449 |     <div className={styles.pdfMock}>
  450 |       <div className={styles.pdfToolbar} aria-hidden="true">

the name `FakeChordChart` is defined multiple times

Import trace:
  Server Component:
    ./app/music/charts/ChartsPageClient.tsx
    ./app/music/charts/page.tsx @ http://localhost:3000/_next/static/chunks/node_modules_next_dist_f3530cac._.js:3127
[ 1547086ms] [ERROR] ./app/music/charts/ChartsPageClient.tsx:486:10
Ecmascript file had an error
  484 | }
  485 |
> 486 | function FakeBundlePreview({ album }: { album: AlbumResourcePack }) {
      |          ^^^^^^^^^^^^^^^^^
  487 |   return (
  488 |     <div className={styles.bundleMock}>
  489 |       <div className={styles.bundleStack} aria-hidden="true">

the name `FakeBundlePreview` is defined multiple times

Import trace:
  Server Component:
    ./app/music/charts/ChartsPageClient.tsx
    ./app/music/charts/page.tsx @ http://localhost:3000/_next/static/chunks/node_modules_next_dist_f3530cac._.js:3127
[ 1547086ms] [ERROR] ./app/music/charts/ChartsPageClient.tsx:447:10
Ecmascript file had an error
  445 | }
  446 |
> 447 | function FakeChordChart({ title, selectedKey }: { title: string; selectedKey: string }) {
      |          ^^^^^^^^^^^^^^
  448 |   return (
  449 |     <div className={styles.pdfMock}>
  450 |       <div className={styles.pdfToolbar} aria-hidden="true">

the name `FakeChordChart` is defined multiple times

Import trace:
  Server Component:
    ./app/music/charts/ChartsPageClient.tsx
    ./app/music/charts/page.tsx @ http://localhost:3000/_next/static/chunks/node_modules_next_dist_f3530cac._.js:3127
[ 1547149ms] [ERROR] ./app/music/charts/ChartsPageClient.tsx:486:10
Ecmascript file had an error
  484 | }
  485 |
> 486 | function FakeBundlePreview({ album }: { album: AlbumResourcePack }) {
      |          ^^^^^^^^^^^^^^^^^
  487 |   return (
  488 |     <div className={styles.bundleMock}>
  489 |       <div className={styles.bundleStack} aria-hidden="true">

the name `FakeBundlePreview` is defined multiple times

Import trace:
  Server Component:
    ./app/music/charts/ChartsPageClient.tsx
    ./app/music/charts/page.tsx @ http://localhost:3000/_next/static/chunks/node_modules_next_dist_f3530cac._.js:3127
[ 1547150ms] [ERROR] ./app/music/charts/ChartsPageClient.tsx:447:10
Ecmascript file had an error
  445 | }
  446 |
> 447 | function FakeChordChart({ title, selectedKey }: { title: string; selectedKey: string }) {
      |          ^^^^^^^^^^^^^^
  448 |   return (
  449 |     <div className={styles.pdfMock}>
  450 |       <div className={styles.pdfToolbar} aria-hidden="true">

the name `FakeChordChart` is defined multiple times

Import trace:
  Server Component:
    ./app/music/charts/ChartsPageClient.tsx
    ./app/music/charts/page.tsx @ http://localhost:3000/_next/static/chunks/node_modules_next_dist_f3530cac._.js:3127
[ 1547213ms] [ERROR] ./app/music/charts/ChartsPageClient.tsx:486:10
Ecmascript file had an error
  484 | }
  485 |
> 486 | function FakeBundlePreview({ album }: { album: AlbumResourcePack }) {
      |          ^^^^^^^^^^^^^^^^^
  487 |   return (
  488 |     <div className={styles.bundleMock}>
  489 |       <div className={styles.bundleStack} aria-hidden="true">

the name `FakeBundlePreview` is defined multiple times

Import trace:
  Server Component:
    ./app/music/charts/ChartsPageClient.tsx
    ./app/music/charts/page.tsx @ http://localhost:3000/_next/static/chunks/node_modules_next_dist_f3530cac._.js:3127
[ 1547213ms] [ERROR] ./app/music/charts/ChartsPageClient.tsx:447:10
Ecmascript file had an error
  445 | }
  446 |
> 447 | function FakeChordChart({ title, selectedKey }: { title: string; selectedKey: string }) {
      |          ^^^^^^^^^^^^^^
  448 |   return (
  449 |     <div className={styles.pdfMock}>
  450 |       <div className={styles.pdfToolbar} aria-hidden="true">

the name `FakeChordChart` is defined multiple times

Import trace:
  Server Component:
    ./app/music/charts/ChartsPageClient.tsx
    ./app/music/charts/page.tsx @ http://localhost:3000/_next/static/chunks/node_modules_next_dist_f3530cac._.js:3127
[ 1547273ms] [ERROR] ./app/music/charts/ChartsPageClient.tsx:486:10
Ecmascript file had an error
  484 | }
  485 |
> 486 | function FakeBundlePreview({ album }: { album: AlbumResourcePack }) {
      |          ^^^^^^^^^^^^^^^^^
  487 |   return (
  488 |     <div className={styles.bundleMock}>
  489 |       <div className={styles.bundleStack} aria-hidden="true">

the name `FakeBundlePreview` is defined multiple times

Import trace:
  Server Component:
    ./app/music/charts/ChartsPageClient.tsx
    ./app/music/charts/page.tsx @ http://localhost:3000/_next/static/chunks/node_modules_next_dist_f3530cac._.js:3127
[ 1547273ms] [ERROR] ./app/music/charts/ChartsPageClient.tsx:447:10
Ecmascript file had an error
  445 | }
  446 |
> 447 | function FakeChordChart({ title, selectedKey }: { title: string; selectedKey: string }) {
      |          ^^^^^^^^^^^^^^
  448 |   return (
  449 |     <div className={styles.pdfMock}>
  450 |       <div className={styles.pdfToolbar} aria-hidden="true">

the name `FakeChordChart` is defined multiple times

Import trace:
  Server Component:
    ./app/music/charts/ChartsPageClient.tsx
    ./app/music/charts/page.tsx @ http://localhost:3000/_next/static/chunks/node_modules_next_dist_f3530cac._.js:3127
[ 1547338ms] [ERROR] ./app/music/charts/ChartsPageClient.tsx:486:10
Ecmascript file had an error
  484 | }
  485 |
> 486 | function FakeBundlePreview({ album }: { album: AlbumResourcePack }) {
      |          ^^^^^^^^^^^^^^^^^
  487 |   return (
  488 |     <div className={styles.bundleMock}>
  489 |       <div className={styles.bundleStack} aria-hidden="true">

the name `FakeBundlePreview` is defined multiple times

Import trace:
  Server Component:
    ./app/music/charts/ChartsPageClient.tsx
    ./app/music/charts/page.tsx @ http://localhost:3000/_next/static/chunks/node_modules_next_dist_f3530cac._.js:3127
[ 1547338ms] [ERROR] ./app/music/charts/ChartsPageClient.tsx:447:10
Ecmascript file had an error
  445 | }
  446 |
> 447 | function FakeChordChart({ title, selectedKey }: { title: string; selectedKey: string }) {
      |          ^^^^^^^^^^^^^^
  448 |   return (
  449 |     <div className={styles.pdfMock}>
  450 |       <div className={styles.pdfToolbar} aria-hidden="true">

the name `FakeChordChart` is defined multiple times

Import trace:
  Server Component:
    ./app/music/charts/ChartsPageClient.tsx
    ./app/music/charts/page.tsx @ http://localhost:3000/_next/static/chunks/node_modules_next_dist_f3530cac._.js:3127
[ 1547388ms] [ERROR] ./app/music/charts/ChartsPageClient.tsx:486:10
Ecmascript file had an error
  484 | }
  485 |
> 486 | function FakeBundlePreview({ album }: { album: AlbumResourcePack }) {
      |          ^^^^^^^^^^^^^^^^^
  487 |   return (
  488 |     <div className={styles.bundleMock}>
  489 |       <div className={styles.bundleStack} aria-hidden="true">

the name `FakeBundlePreview` is defined multiple times

Import trace:
  Server Component:
    ./app/music/charts/ChartsPageClient.tsx
    ./app/music/charts/page.tsx @ http://localhost:3000/_next/static/chunks/node_modules_next_dist_f3530cac._.js:3127
[ 1547389ms] [ERROR] ./app/music/charts/ChartsPageClient.tsx:447:10
Ecmascript file had an error
  445 | }
  446 |
> 447 | function FakeChordChart({ title, selectedKey }: { title: string; selectedKey: string }) {
      |          ^^^^^^^^^^^^^^
  448 |   return (
  449 |     <div className={styles.pdfMock}>
  450 |       <div className={styles.pdfToolbar} aria-hidden="true">

the name `FakeChordChart` is defined multiple times

Import trace:
  Server Component:
    ./app/music/charts/ChartsPageClient.tsx
    ./app/music/charts/page.tsx @ http://localhost:3000/_next/static/chunks/node_modules_next_dist_f3530cac._.js:3127
[ 1547449ms] [ERROR] ./app/music/charts/ChartsPageClient.tsx:486:10
Ecmascript file had an error
  484 | }
  485 |
> 486 | function FakeBundlePreview({ album }: { album: AlbumResourcePack }) {
      |          ^^^^^^^^^^^^^^^^^
  487 |   return (
  488 |     <div className={styles.bundleMock}>
  489 |       <div className={styles.bundleStack} aria-hidden="true">

the name `FakeBundlePreview` is defined multiple times

Import trace:
  Server Component:
    ./app/music/charts/ChartsPageClient.tsx
    ./app/music/charts/page.tsx @ http://localhost:3000/_next/static/chunks/node_modules_next_dist_f3530cac._.js:3127
[ 1547449ms] [ERROR] ./app/music/charts/ChartsPageClient.tsx:447:10
Ecmascript file had an error
  445 | }
  446 |
> 447 | function FakeChordChart({ title, selectedKey }: { title: string; selectedKey: string }) {
      |          ^^^^^^^^^^^^^^
  448 |   return (
  449 |     <div className={styles.pdfMock}>
  450 |       <div className={styles.pdfToolbar} aria-hidden="true">

the name `FakeChordChart` is defined multiple times

Import trace:
  Server Component:
    ./app/music/charts/ChartsPageClient.tsx
    ./app/music/charts/page.tsx @ http://localhost:3000/_next/static/chunks/node_modules_next_dist_f3530cac._.js:3127
[ 1547517ms] [ERROR] ./app/music/charts/ChartsPageClient.tsx:486:10
Ecmascript file had an error
  484 | }
  485 |
> 486 | function FakeBundlePreview({ album }: { album: AlbumResourcePack }) {
      |          ^^^^^^^^^^^^^^^^^
  487 |   return (
  488 |     <div className={styles.bundleMock}>
  489 |       <div className={styles.bundleStack} aria-hidden="true">

the name `FakeBundlePreview` is defined multiple times

Import trace:
  Server Component:
    ./app/music/charts/ChartsPageClient.tsx
    ./app/music/charts/page.tsx @ http://localhost:3000/_next/static/chunks/node_modules_next_dist_f3530cac._.js:3127
[ 1547517ms] [ERROR] ./app/music/charts/ChartsPageClient.tsx:447:10
Ecmascript file had an error
  445 | }
  446 |
> 447 | function FakeChordChart({ title, selectedKey }: { title: string; selectedKey: string }) {
      |          ^^^^^^^^^^^^^^
  448 |   return (
  449 |     <div className={styles.pdfMock}>
  450 |       <div className={styles.pdfToolbar} aria-hidden="true">

the name `FakeChordChart` is defined multiple times

Import trace:
  Server Component:
    ./app/music/charts/ChartsPageClient.tsx
    ./app/music/charts/page.tsx @ http://localhost:3000/_next/static/chunks/node_modules_next_dist_f3530cac._.js:3127
[ 1547566ms] [ERROR] ./app/music/charts/ChartsPageClient.tsx:486:10
Ecmascript file had an error
  484 | }
  485 |
> 486 | function FakeBundlePreview({ album }: { album: AlbumResourcePack }) {
      |          ^^^^^^^^^^^^^^^^^
  487 |   return (
  488 |     <div className={styles.bundleMock}>
  489 |       <div className={styles.bundleStack} aria-hidden="true">

the name `FakeBundlePreview` is defined multiple times

Import trace:
  Server Component:
    ./app/music/charts/ChartsPageClient.tsx
    ./app/music/charts/page.tsx @ http://localhost:3000/_next/static/chunks/node_modules_next_dist_f3530cac._.js:3127
[ 1547566ms] [ERROR] ./app/music/charts/ChartsPageClient.tsx:447:10
Ecmascript file had an error
  445 | }
  446 |
> 447 | function FakeChordChart({ title, selectedKey }: { title: string; selectedKey: string }) {
      |          ^^^^^^^^^^^^^^
  448 |   return (
  449 |     <div className={styles.pdfMock}>
  450 |       <div className={styles.pdfToolbar} aria-hidden="true">

the name `FakeChordChart` is defined multiple times

Import trace:
  Server Component:
    ./app/music/charts/ChartsPageClient.tsx
    ./app/music/charts/page.tsx @ http://localhost:3000/_next/static/chunks/node_modules_next_dist_f3530cac._.js:3127
[ 1547614ms] [ERROR] ./app/music/charts/ChartsPageClient.tsx:486:10
Ecmascript file had an error
  484 | }
  485 |
> 486 | function FakeBundlePreview({ album }: { album: AlbumResourcePack }) {
      |          ^^^^^^^^^^^^^^^^^
  487 |   return (
  488 |     <div className={styles.bundleMock}>
  489 |       <div className={styles.bundleStack} aria-hidden="true">

the name `FakeBundlePreview` is defined multiple times

Import trace:
  Server Component:
    ./app/music/charts/ChartsPageClient.tsx
    ./app/music/charts/page.tsx @ http://localhost:3000/_next/static/chunks/node_modules_next_dist_f3530cac._.js:3127
[ 1547615ms] [ERROR] ./app/music/charts/ChartsPageClient.tsx:447:10
Ecmascript file had an error
  445 | }
  446 |
> 447 | function FakeChordChart({ title, selectedKey }: { title: string; selectedKey: string }) {
      |          ^^^^^^^^^^^^^^
  448 |   return (
  449 |     <div className={styles.pdfMock}>
  450 |       <div className={styles.pdfToolbar} aria-hidden="true">

the name `FakeChordChart` is defined multiple times

Import trace:
  Server Component:
    ./app/music/charts/ChartsPageClient.tsx
    ./app/music/charts/page.tsx @ http://localhost:3000/_next/static/chunks/node_modules_next_dist_f3530cac._.js:3127
[ 1547681ms] [ERROR] ./app/music/charts/ChartsPageClient.tsx:486:10
Ecmascript file had an error
  484 | }
  485 |
> 486 | function FakeBundlePreview({ album }: { album: AlbumResourcePack }) {
      |          ^^^^^^^^^^^^^^^^^
  487 |   return (
  488 |     <div className={styles.bundleMock}>
  489 |       <div className={styles.bundleStack} aria-hidden="true">

the name `FakeBundlePreview` is defined multiple times

Import trace:
  Server Component:
    ./app/music/charts/ChartsPageClient.tsx
    ./app/music/charts/page.tsx @ http://localhost:3000/_next/static/chunks/node_modules_next_dist_f3530cac._.js:3127
[ 1547681ms] [ERROR] ./app/music/charts/ChartsPageClient.tsx:447:10
Ecmascript file had an error
  445 | }
  446 |
> 447 | function FakeChordChart({ title, selectedKey }: { title: string; selectedKey: string }) {
      |          ^^^^^^^^^^^^^^
  448 |   return (
  449 |     <div className={styles.pdfMock}>
  450 |       <div className={styles.pdfToolbar} aria-hidden="true">

the name `FakeChordChart` is defined multiple times

Import trace:
  Server Component:
    ./app/music/charts/ChartsPageClient.tsx
    ./app/music/charts/page.tsx @ http://localhost:3000/_next/static/chunks/node_modules_next_dist_f3530cac._.js:3127
[ 1547730ms] [ERROR] ./app/music/charts/ChartsPageClient.tsx:486:10
Ecmascript file had an error
  484 | }
  485 |
> 486 | function FakeBundlePreview({ album }: { album: AlbumResourcePack }) {
      |          ^^^^^^^^^^^^^^^^^
  487 |   return (
  488 |     <div className={styles.bundleMock}>
  489 |       <div className={styles.bundleStack} aria-hidden="true">

the name `FakeBundlePreview` is defined multiple times

Import trace:
  Server Component:
    ./app/music/charts/ChartsPageClient.tsx
    ./app/music/charts/page.tsx @ http://localhost:3000/_next/static/chunks/node_modules_next_dist_f3530cac._.js:3127
[ 1547730ms] [ERROR] ./app/music/charts/ChartsPageClient.tsx:447:10
Ecmascript file had an error
  445 | }
  446 |
> 447 | function FakeChordChart({ title, selectedKey }: { title: string; selectedKey: string }) {
      |          ^^^^^^^^^^^^^^
  448 |   return (
  449 |     <div className={styles.pdfMock}>
  450 |       <div className={styles.pdfToolbar} aria-hidden="true">

the name `FakeChordChart` is defined multiple times

Import trace:
  Server Component:
    ./app/music/charts/ChartsPageClient.tsx
    ./app/music/charts/page.tsx @ http://localhost:3000/_next/static/chunks/node_modules_next_dist_f3530cac._.js:3127
[ 1547789ms] [ERROR] ./app/music/charts/ChartsPageClient.tsx:486:10
Ecmascript file had an error
  484 | }
  485 |
> 486 | function FakeBundlePreview({ album }: { album: AlbumResourcePack }) {
      |          ^^^^^^^^^^^^^^^^^
  487 |   return (
  488 |     <div className={styles.bundleMock}>
  489 |       <div className={styles.bundleStack} aria-hidden="true">

the name `FakeBundlePreview` is defined multiple times

Import trace:
  Server Component:
    ./app/music/charts/ChartsPageClient.tsx
    ./app/music/charts/page.tsx @ http://localhost:3000/_next/static/chunks/node_modules_next_dist_f3530cac._.js:3127
[ 1547789ms] [ERROR] ./app/music/charts/ChartsPageClient.tsx:447:10
Ecmascript file had an error
  445 | }
  446 |
> 447 | function FakeChordChart({ title, selectedKey }: { title: string; selectedKey: string }) {
      |          ^^^^^^^^^^^^^^
  448 |   return (
  449 |     <div className={styles.pdfMock}>
  450 |       <div className={styles.pdfToolbar} aria-hidden="true">

the name `FakeChordChart` is defined multiple times

Import trace:
  Server Component:
    ./app/music/charts/ChartsPageClient.tsx
    ./app/music/charts/page.tsx @ http://localhost:3000/_next/static/chunks/node_modules_next_dist_f3530cac._.js:3127
[ 1547852ms] [ERROR] ./app/music/charts/ChartsPageClient.tsx:486:10
Ecmascript file had an error
  484 | }
  485 |
> 486 | function FakeBundlePreview({ album }: { album: AlbumResourcePack }) {
      |          ^^^^^^^^^^^^^^^^^
  487 |   return (
  488 |     <div className={styles.bundleMock}>
  489 |       <div className={styles.bundleStack} aria-hidden="true">

the name `FakeBundlePreview` is defined multiple times

Import trace:
  Server Component:
    ./app/music/charts/ChartsPageClient.tsx
    ./app/music/charts/page.tsx @ http://localhost:3000/_next/static/chunks/node_modules_next_dist_f3530cac._.js:3127
[ 1547852ms] [ERROR] ./app/music/charts/ChartsPageClient.tsx:447:10
Ecmascript file had an error
  445 | }
  446 |
> 447 | function FakeChordChart({ title, selectedKey }: { title: string; selectedKey: string }) {
      |          ^^^^^^^^^^^^^^
  448 |   return (
  449 |     <div className={styles.pdfMock}>
  450 |       <div className={styles.pdfToolbar} aria-hidden="true">

the name `FakeChordChart` is defined multiple times

Import trace:
  Server Component:
    ./app/music/charts/ChartsPageClient.tsx
    ./app/music/charts/page.tsx @ http://localhost:3000/_next/static/chunks/node_modules_next_dist_f3530cac._.js:3127
[ 1547905ms] [ERROR] ./app/music/charts/ChartsPageClient.tsx:486:10
Ecmascript file had an error
  484 | }
  485 |
> 486 | function FakeBundlePreview({ album }: { album: AlbumResourcePack }) {
      |          ^^^^^^^^^^^^^^^^^
  487 |   return (
  488 |     <div className={styles.bundleMock}>
  489 |       <div className={styles.bundleStack} aria-hidden="true">

the name `FakeBundlePreview` is defined multiple times

Import trace:
  Server Component:
    ./app/music/charts/ChartsPageClient.tsx
    ./app/music/charts/page.tsx @ http://localhost:3000/_next/static/chunks/node_modules_next_dist_f3530cac._.js:3127
[ 1547905ms] [ERROR] ./app/music/charts/ChartsPageClient.tsx:447:10
Ecmascript file had an error
  445 | }
  446 |
> 447 | function FakeChordChart({ title, selectedKey }: { title: string; selectedKey: string }) {
      |          ^^^^^^^^^^^^^^
  448 |   return (
  449 |     <div className={styles.pdfMock}>
  450 |       <div className={styles.pdfToolbar} aria-hidden="true">

the name `FakeChordChart` is defined multiple times

Import trace:
  Server Component:
    ./app/music/charts/ChartsPageClient.tsx
    ./app/music/charts/page.tsx @ http://localhost:3000/_next/static/chunks/node_modules_next_dist_f3530cac._.js:3127
[ 1547966ms] [ERROR] ./app/music/charts/ChartsPageClient.tsx:486:10
Ecmascript file had an error
  484 | }
  485 |
> 486 | function FakeBundlePreview({ album }: { album: AlbumResourcePack }) {
      |          ^^^^^^^^^^^^^^^^^
  487 |   return (
  488 |     <div className={styles.bundleMock}>
  489 |       <div className={styles.bundleStack} aria-hidden="true">

the name `FakeBundlePreview` is defined multiple times

Import trace:
  Server Component:
    ./app/music/charts/ChartsPageClient.tsx
    ./app/music/charts/page.tsx @ http://localhost:3000/_next/static/chunks/node_modules_next_dist_f3530cac._.js:3127
[ 1547967ms] [ERROR] ./app/music/charts/ChartsPageClient.tsx:447:10
Ecmascript file had an error
  445 | }
  446 |
> 447 | function FakeChordChart({ title, selectedKey }: { title: string; selectedKey: string }) {
      |          ^^^^^^^^^^^^^^
  448 |   return (
  449 |     <div className={styles.pdfMock}>
  450 |       <div className={styles.pdfToolbar} aria-hidden="true">

the name `FakeChordChart` is defined multiple times

Import trace:
  Server Component:
    ./app/music/charts/ChartsPageClient.tsx
    ./app/music/charts/page.tsx @ http://localhost:3000/_next/static/chunks/node_modules_next_dist_f3530cac._.js:3127
[ 1548029ms] [ERROR] ./app/music/charts/ChartsPageClient.tsx:486:10
Ecmascript file had an error
  484 | }
  485 |
> 486 | function FakeBundlePreview({ album }: { album: AlbumResourcePack }) {
      |          ^^^^^^^^^^^^^^^^^
  487 |   return (
  488 |     <div className={styles.bundleMock}>
  489 |       <div className={styles.bundleStack} aria-hidden="true">

the name `FakeBundlePreview` is defined multiple times

Import trace:
  Server Component:
    ./app/music/charts/ChartsPageClient.tsx
    ./app/music/charts/page.tsx @ http://localhost:3000/_next/static/chunks/node_modules_next_dist_f3530cac._.js:3127
[ 1548030ms] [ERROR] ./app/music/charts/ChartsPageClient.tsx:447:10
Ecmascript file had an error
  445 | }
  446 |
> 447 | function FakeChordChart({ title, selectedKey }: { title: string; selectedKey: string }) {
      |          ^^^^^^^^^^^^^^
  448 |   return (
  449 |     <div className={styles.pdfMock}>
  450 |       <div className={styles.pdfToolbar} aria-hidden="true">

the name `FakeChordChart` is defined multiple times

Import trace:
  Server Component:
    ./app/music/charts/ChartsPageClient.tsx
    ./app/music/charts/page.tsx @ http://localhost:3000/_next/static/chunks/node_modules_next_dist_f3530cac._.js:3127
[ 1548092ms] [ERROR] ./app/music/charts/ChartsPageClient.tsx:486:10
Ecmascript file had an error
  484 | }
  485 |
> 486 | function FakeBundlePreview({ album }: { album: AlbumResourcePack }) {
      |          ^^^^^^^^^^^^^^^^^
  487 |   return (
  488 |     <div className={styles.bundleMock}>
  489 |       <div className={styles.bundleStack} aria-hidden="true">

the name `FakeBundlePreview` is defined multiple times

Import trace:
  Server Component:
    ./app/music/charts/ChartsPageClient.tsx
    ./app/music/charts/page.tsx @ http://localhost:3000/_next/static/chunks/node_modules_next_dist_f3530cac._.js:3127
[ 1548093ms] [ERROR] ./app/music/charts/ChartsPageClient.tsx:447:10
Ecmascript file had an error
  445 | }
  446 |
> 447 | function FakeChordChart({ title, selectedKey }: { title: string; selectedKey: string }) {
      |          ^^^^^^^^^^^^^^
  448 |   return (
  449 |     <div className={styles.pdfMock}>
  450 |       <div className={styles.pdfToolbar} aria-hidden="true">

the name `FakeChordChart` is defined multiple times

Import trace:
  Server Component:
    ./app/music/charts/ChartsPageClient.tsx
    ./app/music/charts/page.tsx @ http://localhost:3000/_next/static/chunks/node_modules_next_dist_f3530cac._.js:3127
[ 1548156ms] [ERROR] ./app/music/charts/ChartsPageClient.tsx:486:10
Ecmascript file had an error
  484 | }
  485 |
> 486 | function FakeBundlePreview({ album }: { album: AlbumResourcePack }) {
      |          ^^^^^^^^^^^^^^^^^
  487 |   return (
  488 |     <div className={styles.bundleMock}>
  489 |       <div className={styles.bundleStack} aria-hidden="true">

the name `FakeBundlePreview` is defined multiple times

Import trace:
  Server Component:
    ./app/music/charts/ChartsPageClient.tsx
    ./app/music/charts/page.tsx @ http://localhost:3000/_next/static/chunks/node_modules_next_dist_f3530cac._.js:3127
[ 1548157ms] [ERROR] ./app/music/charts/ChartsPageClient.tsx:447:10
Ecmascript file had an error
  445 | }
  446 |
> 447 | function FakeChordChart({ title, selectedKey }: { title: string; selectedKey: string }) {
      |          ^^^^^^^^^^^^^^
  448 |   return (
  449 |     <div className={styles.pdfMock}>
  450 |       <div className={styles.pdfToolbar} aria-hidden="true">

the name `FakeChordChart` is defined multiple times

Import trace:
  Server Component:
    ./app/music/charts/ChartsPageClient.tsx
    ./app/music/charts/page.tsx @ http://localhost:3000/_next/static/chunks/node_modules_next_dist_f3530cac._.js:3127
[ 1548217ms] [ERROR] ./app/music/charts/ChartsPageClient.tsx:486:10
Ecmascript file had an error
  484 | }
  485 |
> 486 | function FakeBundlePreview({ album }: { album: AlbumResourcePack }) {
      |          ^^^^^^^^^^^^^^^^^
  487 |   return (
  488 |     <div className={styles.bundleMock}>
  489 |       <div className={styles.bundleStack} aria-hidden="true">

the name `FakeBundlePreview` is defined multiple times

Import trace:
  Server Component:
    ./app/music/charts/ChartsPageClient.tsx
    ./app/music/charts/page.tsx @ http://localhost:3000/_next/static/chunks/node_modules_next_dist_f3530cac._.js:3127
[ 1548218ms] [ERROR] ./app/music/charts/ChartsPageClient.tsx:447:10
Ecmascript file had an error
  445 | }
  446 |
> 447 | function FakeChordChart({ title, selectedKey }: { title: string; selectedKey: string }) {
      |          ^^^^^^^^^^^^^^
  448 |   return (
  449 |     <div className={styles.pdfMock}>
  450 |       <div className={styles.pdfToolbar} aria-hidden="true">

the name `FakeChordChart` is defined multiple times

Import trace:
  Server Component:
    ./app/music/charts/ChartsPageClient.tsx
    ./app/music/charts/page.tsx @ http://localhost:3000/_next/static/chunks/node_modules_next_dist_f3530cac._.js:3127
[ 1548279ms] [ERROR] ./app/music/charts/ChartsPageClient.tsx:486:10
Ecmascript file had an error
  484 | }
  485 |
> 486 | function FakeBundlePreview({ album }: { album: AlbumResourcePack }) {
      |          ^^^^^^^^^^^^^^^^^
  487 |   return (
  488 |     <div className={styles.bundleMock}>
  489 |       <div className={styles.bundleStack} aria-hidden="true">

the name `FakeBundlePreview` is defined multiple times

Import trace:
  Server Component:
    ./app/music/charts/ChartsPageClient.tsx
    ./app/music/charts/page.tsx @ http://localhost:3000/_next/static/chunks/node_modules_next_dist_f3530cac._.js:3127
[ 1548279ms] [ERROR] ./app/music/charts/ChartsPageClient.tsx:447:10
Ecmascript file had an error
  445 | }
  446 |
> 447 | function FakeChordChart({ title, selectedKey }: { title: string; selectedKey: string }) {
      |          ^^^^^^^^^^^^^^
  448 |   return (
  449 |     <div className={styles.pdfMock}>
  450 |       <div className={styles.pdfToolbar} aria-hidden="true">

the name `FakeChordChart` is defined multiple times

Import trace:
  Server Component:
    ./app/music/charts/ChartsPageClient.tsx
    ./app/music/charts/page.tsx @ http://localhost:3000/_next/static/chunks/node_modules_next_dist_f3530cac._.js:3127
[ 1548347ms] [ERROR] ./app/music/charts/ChartsPageClient.tsx:486:10
Ecmascript file had an error
  484 | }
  485 |
> 486 | function FakeBundlePreview({ album }: { album: AlbumResourcePack }) {
      |          ^^^^^^^^^^^^^^^^^
  487 |   return (
  488 |     <div className={styles.bundleMock}>
  489 |       <div className={styles.bundleStack} aria-hidden="true">

the name `FakeBundlePreview` is defined multiple times

Import trace:
  Server Component:
    ./app/music/charts/ChartsPageClient.tsx
    ./app/music/charts/page.tsx @ http://localhost:3000/_next/static/chunks/node_modules_next_dist_f3530cac._.js:3127
[ 1548348ms] [ERROR] ./app/music/charts/ChartsPageClient.tsx:447:10
Ecmascript file had an error
  445 | }
  446 |
> 447 | function FakeChordChart({ title, selectedKey }: { title: string; selectedKey: string }) {
      |          ^^^^^^^^^^^^^^
  448 |   return (
  449 |     <div className={styles.pdfMock}>
  450 |       <div className={styles.pdfToolbar} aria-hidden="true">

the name `FakeChordChart` is defined multiple times

Import trace:
  Server Component:
    ./app/music/charts/ChartsPageClient.tsx
    ./app/music/charts/page.tsx @ http://localhost:3000/_next/static/chunks/node_modules_next_dist_f3530cac._.js:3127
[ 1548406ms] [ERROR] ./app/music/charts/ChartsPageClient.tsx:486:10
Ecmascript file had an error
  484 | }
  485 |
> 486 | function FakeBundlePreview({ album }: { album: AlbumResourcePack }) {
      |          ^^^^^^^^^^^^^^^^^
  487 |   return (
  488 |     <div className={styles.bundleMock}>
  489 |       <div className={styles.bundleStack} aria-hidden="true">

the name `FakeBundlePreview` is defined multiple times

Import trace:
  Server Component:
    ./app/music/charts/ChartsPageClient.tsx
    ./app/music/charts/page.tsx @ http://localhost:3000/_next/static/chunks/node_modules_next_dist_f3530cac._.js:3127
[ 1548406ms] [ERROR] ./app/music/charts/ChartsPageClient.tsx:447:10
Ecmascript file had an error
  445 | }
  446 |
> 447 | function FakeChordChart({ title, selectedKey }: { title: string; selectedKey: string }) {
      |          ^^^^^^^^^^^^^^
  448 |   return (
  449 |     <div className={styles.pdfMock}>
  450 |       <div className={styles.pdfToolbar} aria-hidden="true">

the name `FakeChordChart` is defined multiple times

Import trace:
  Server Component:
    ./app/music/charts/ChartsPageClient.tsx
    ./app/music/charts/page.tsx @ http://localhost:3000/_next/static/chunks/node_modules_next_dist_f3530cac._.js:3127
[ 1548467ms] [ERROR] ./app/music/charts/ChartsPageClient.tsx:486:10
Ecmascript file had an error
  484 | }
  485 |
> 486 | function FakeBundlePreview({ album }: { album: AlbumResourcePack }) {
      |          ^^^^^^^^^^^^^^^^^
  487 |   return (
  488 |     <div className={styles.bundleMock}>
  489 |       <div className={styles.bundleStack} aria-hidden="true">

the name `FakeBundlePreview` is defined multiple times

Import trace:
  Server Component:
    ./app/music/charts/ChartsPageClient.tsx
    ./app/music/charts/page.tsx @ http://localhost:3000/_next/static/chunks/node_modules_next_dist_f3530cac._.js:3127
[ 1548467ms] [ERROR] ./app/music/charts/ChartsPageClient.tsx:447:10
Ecmascript file had an error
  445 | }
  446 |
> 447 | function FakeChordChart({ title, selectedKey }: { title: string; selectedKey: string }) {
      |          ^^^^^^^^^^^^^^
  448 |   return (
  449 |     <div className={styles.pdfMock}>
  450 |       <div className={styles.pdfToolbar} aria-hidden="true">

the name `FakeChordChart` is defined multiple times

Import trace:
  Server Component:
    ./app/music/charts/ChartsPageClient.tsx
    ./app/music/charts/page.tsx @ http://localhost:3000/_next/static/chunks/node_modules_next_dist_f3530cac._.js:3127
[ 1548529ms] [ERROR] ./app/music/charts/ChartsPageClient.tsx:486:10
Ecmascript file had an error
  484 | }
  485 |
> 486 | function FakeBundlePreview({ album }: { album: AlbumResourcePack }) {
      |          ^^^^^^^^^^^^^^^^^
  487 |   return (
  488 |     <div className={styles.bundleMock}>
  489 |       <div className={styles.bundleStack} aria-hidden="true">

the name `FakeBundlePreview` is defined multiple times

Import trace:
  Server Component:
    ./app/music/charts/ChartsPageClient.tsx
    ./app/music/charts/page.tsx @ http://localhost:3000/_next/static/chunks/node_modules_next_dist_f3530cac._.js:3127
[ 1548530ms] [ERROR] ./app/music/charts/ChartsPageClient.tsx:447:10
Ecmascript file had an error
  445 | }
  446 |
> 447 | function FakeChordChart({ title, selectedKey }: { title: string; selectedKey: string }) {
      |          ^^^^^^^^^^^^^^
  448 |   return (
  449 |     <div className={styles.pdfMock}>
  450 |       <div className={styles.pdfToolbar} aria-hidden="true">

the name `FakeChordChart` is defined multiple times

Import trace:
  Server Component:
    ./app/music/charts/ChartsPageClient.tsx
    ./app/music/charts/page.tsx @ http://localhost:3000/_next/static/chunks/node_modules_next_dist_f3530cac._.js:3127
[ 1548592ms] [ERROR] ./app/music/charts/ChartsPageClient.tsx:486:10
Ecmascript file had an error
  484 | }
  485 |
> 486 | function FakeBundlePreview({ album }: { album: AlbumResourcePack }) {
      |          ^^^^^^^^^^^^^^^^^
  487 |   return (
  488 |     <div className={styles.bundleMock}>
  489 |       <div className={styles.bundleStack} aria-hidden="true">

the name `FakeBundlePreview` is defined multiple times

Import trace:
  Server Component:
    ./app/music/charts/ChartsPageClient.tsx
    ./app/music/charts/page.tsx @ http://localhost:3000/_next/static/chunks/node_modules_next_dist_f3530cac._.js:3127
[ 1548592ms] [ERROR] ./app/music/charts/ChartsPageClient.tsx:447:10
Ecmascript file had an error
  445 | }
  446 |
> 447 | function FakeChordChart({ title, selectedKey }: { title: string; selectedKey: string }) {
      |          ^^^^^^^^^^^^^^
  448 |   return (
  449 |     <div className={styles.pdfMock}>
  450 |       <div className={styles.pdfToolbar} aria-hidden="true">

the name `FakeChordChart` is defined multiple times

Import trace:
  Server Component:
    ./app/music/charts/ChartsPageClient.tsx
    ./app/music/charts/page.tsx @ http://localhost:3000/_next/static/chunks/node_modules_next_dist_f3530cac._.js:3127
[ 1548653ms] [ERROR] ./app/music/charts/ChartsPageClient.tsx:486:10
Ecmascript file had an error
  484 | }
  485 |
> 486 | function FakeBundlePreview({ album }: { album: AlbumResourcePack }) {
      |          ^^^^^^^^^^^^^^^^^
  487 |   return (
  488 |     <div className={styles.bundleMock}>
  489 |       <div className={styles.bundleStack} aria-hidden="true">

the name `FakeBundlePreview` is defined multiple times

Import trace:
  Server Component:
    ./app/music/charts/ChartsPageClient.tsx
    ./app/music/charts/page.tsx @ http://localhost:3000/_next/static/chunks/node_modules_next_dist_f3530cac._.js:3127
[ 1548653ms] [ERROR] ./app/music/charts/ChartsPageClient.tsx:447:10
Ecmascript file had an error
  445 | }
  446 |
> 447 | function FakeChordChart({ title, selectedKey }: { title: string; selectedKey: string }) {
      |          ^^^^^^^^^^^^^^
  448 |   return (
  449 |     <div className={styles.pdfMock}>
  450 |       <div className={styles.pdfToolbar} aria-hidden="true">

the name `FakeChordChart` is defined multiple times

Import trace:
  Server Component:
    ./app/music/charts/ChartsPageClient.tsx
    ./app/music/charts/page.tsx @ http://localhost:3000/_next/static/chunks/node_modules_next_dist_f3530cac._.js:3127
[ 1548714ms] [ERROR] ./app/music/charts/ChartsPageClient.tsx:486:10
Ecmascript file had an error
  484 | }
  485 |
> 486 | function FakeBundlePreview({ album }: { album: AlbumResourcePack }) {
      |          ^^^^^^^^^^^^^^^^^
  487 |   return (
  488 |     <div className={styles.bundleMock}>
  489 |       <div className={styles.bundleStack} aria-hidden="true">

the name `FakeBundlePreview` is defined multiple times

Import trace:
  Server Component:
    ./app/music/charts/ChartsPageClient.tsx
    ./app/music/charts/page.tsx @ http://localhost:3000/_next/static/chunks/node_modules_next_dist_f3530cac._.js:3127
[ 1548715ms] [ERROR] ./app/music/charts/ChartsPageClient.tsx:447:10
Ecmascript file had an error
  445 | }
  446 |
> 447 | function FakeChordChart({ title, selectedKey }: { title: string; selectedKey: string }) {
      |          ^^^^^^^^^^^^^^
  448 |   return (
  449 |     <div className={styles.pdfMock}>
  450 |       <div className={styles.pdfToolbar} aria-hidden="true">

the name `FakeChordChart` is defined multiple times

Import trace:
  Server Component:
    ./app/music/charts/ChartsPageClient.tsx
    ./app/music/charts/page.tsx @ http://localhost:3000/_next/static/chunks/node_modules_next_dist_f3530cac._.js:3127
[ 1548777ms] [ERROR] ./app/music/charts/ChartsPageClient.tsx:486:10
Ecmascript file had an error
  484 | }
  485 |
> 486 | function FakeBundlePreview({ album }: { album: AlbumResourcePack }) {
      |          ^^^^^^^^^^^^^^^^^
  487 |   return (
  488 |     <div className={styles.bundleMock}>
  489 |       <div className={styles.bundleStack} aria-hidden="true">

the name `FakeBundlePreview` is defined multiple times

Import trace:
  Server Component:
    ./app/music/charts/ChartsPageClient.tsx
    ./app/music/charts/page.tsx @ http://localhost:3000/_next/static/chunks/node_modules_next_dist_f3530cac._.js:3127
[ 1548777ms] [ERROR] ./app/music/charts/ChartsPageClient.tsx:447:10
Ecmascript file had an error
  445 | }
  446 |
> 447 | function FakeChordChart({ title, selectedKey }: { title: string; selectedKey: string }) {
      |          ^^^^^^^^^^^^^^
  448 |   return (
  449 |     <div className={styles.pdfMock}>
  450 |       <div className={styles.pdfToolbar} aria-hidden="true">

the name `FakeChordChart` is defined multiple times

Import trace:
  Server Component:
    ./app/music/charts/ChartsPageClient.tsx
    ./app/music/charts/page.tsx @ http://localhost:3000/_next/static/chunks/node_modules_next_dist_f3530cac._.js:3127
[ 1548831ms] [ERROR] ./app/music/charts/ChartsPageClient.tsx:486:10
Ecmascript file had an error
  484 | }
  485 |
> 486 | function FakeBundlePreview({ album }: { album: AlbumResourcePack }) {
      |          ^^^^^^^^^^^^^^^^^
  487 |   return (
  488 |     <div className={styles.bundleMock}>
  489 |       <div className={styles.bundleStack} aria-hidden="true">

the name `FakeBundlePreview` is defined multiple times

Import trace:
  Server Component:
    ./app/music/charts/ChartsPageClient.tsx
    ./app/music/charts/page.tsx @ http://localhost:3000/_next/static/chunks/node_modules_next_dist_f3530cac._.js:3127
[ 1548831ms] [ERROR] ./app/music/charts/ChartsPageClient.tsx:447:10
Ecmascript file had an error
  445 | }
  446 |
> 447 | function FakeChordChart({ title, selectedKey }: { title: string; selectedKey: string }) {
      |          ^^^^^^^^^^^^^^
  448 |   return (
  449 |     <div className={styles.pdfMock}>
  450 |       <div className={styles.pdfToolbar} aria-hidden="true">

the name `FakeChordChart` is defined multiple times

Import trace:
  Server Component:
    ./app/music/charts/ChartsPageClient.tsx
    ./app/music/charts/page.tsx @ http://localhost:3000/_next/static/chunks/node_modules_next_dist_f3530cac._.js:3127
[ 1548894ms] [ERROR] ./app/music/charts/ChartsPageClient.tsx:486:10
Ecmascript file had an error
  484 | }
  485 |
> 486 | function FakeBundlePreview({ album }: { album: AlbumResourcePack }) {
      |          ^^^^^^^^^^^^^^^^^
  487 |   return (
  488 |     <div className={styles.bundleMock}>
  489 |       <div className={styles.bundleStack} aria-hidden="true">

the name `FakeBundlePreview` is defined multiple times

Import trace:
  Server Component:
    ./app/music/charts/ChartsPageClient.tsx
    ./app/music/charts/page.tsx @ http://localhost:3000/_next/static/chunks/node_modules_next_dist_f3530cac._.js:3127
[ 1548895ms] [ERROR] ./app/music/charts/ChartsPageClient.tsx:447:10
Ecmascript file had an error
  445 | }
  446 |
> 447 | function FakeChordChart({ title, selectedKey }: { title: string; selectedKey: string }) {
      |          ^^^^^^^^^^^^^^
  448 |   return (
  449 |     <div className={styles.pdfMock}>
  450 |       <div className={styles.pdfToolbar} aria-hidden="true">

the name `FakeChordChart` is defined multiple times

Import trace:
  Server Component:
    ./app/music/charts/ChartsPageClient.tsx
    ./app/music/charts/page.tsx @ http://localhost:3000/_next/static/chunks/node_modules_next_dist_f3530cac._.js:3127
[ 1548946ms] [ERROR] ./app/music/charts/ChartsPageClient.tsx:486:10
Ecmascript file had an error
  484 | }
  485 |
> 486 | function FakeBundlePreview({ album }: { album: AlbumResourcePack }) {
      |          ^^^^^^^^^^^^^^^^^
  487 |   return (
  488 |     <div className={styles.bundleMock}>
  489 |       <div className={styles.bundleStack} aria-hidden="true">

the name `FakeBundlePreview` is defined multiple times

Import trace:
  Server Component:
    ./app/music/charts/ChartsPageClient.tsx
    ./app/music/charts/page.tsx @ http://localhost:3000/_next/static/chunks/node_modules_next_dist_f3530cac._.js:3127
[ 1548946ms] [ERROR] ./app/music/charts/ChartsPageClient.tsx:447:10
Ecmascript file had an error
  445 | }
  446 |
> 447 | function FakeChordChart({ title, selectedKey }: { title: string; selectedKey: string }) {
      |          ^^^^^^^^^^^^^^
  448 |   return (
  449 |     <div className={styles.pdfMock}>
  450 |       <div className={styles.pdfToolbar} aria-hidden="true">

the name `FakeChordChart` is defined multiple times

Import trace:
  Server Component:
    ./app/music/charts/ChartsPageClient.tsx
    ./app/music/charts/page.tsx @ http://localhost:3000/_next/static/chunks/node_modules_next_dist_f3530cac._.js:3127
[ 1549009ms] [ERROR] ./app/music/charts/ChartsPageClient.tsx:486:10
Ecmascript file had an error
  484 | }
  485 |
> 486 | function FakeBundlePreview({ album }: { album: AlbumResourcePack }) {
      |          ^^^^^^^^^^^^^^^^^
  487 |   return (
  488 |     <div className={styles.bundleMock}>
  489 |       <div className={styles.bundleStack} aria-hidden="true">

the name `FakeBundlePreview` is defined multiple times

Import trace:
  Server Component:
    ./app/music/charts/ChartsPageClient.tsx
    ./app/music/charts/page.tsx @ http://localhost:3000/_next/static/chunks/node_modules_next_dist_f3530cac._.js:3127
[ 1549009ms] [ERROR] ./app/music/charts/ChartsPageClient.tsx:447:10
Ecmascript file had an error
  445 | }
  446 |
> 447 | function FakeChordChart({ title, selectedKey }: { title: string; selectedKey: string }) {
      |          ^^^^^^^^^^^^^^
  448 |   return (
  449 |     <div className={styles.pdfMock}>
  450 |       <div className={styles.pdfToolbar} aria-hidden="true">

the name `FakeChordChart` is defined multiple times

Import trace:
  Server Component:
    ./app/music/charts/ChartsPageClient.tsx
    ./app/music/charts/page.tsx @ http://localhost:3000/_next/static/chunks/node_modules_next_dist_f3530cac._.js:3127
[ 1549072ms] [ERROR] ./app/music/charts/ChartsPageClient.tsx:486:10
Ecmascript file had an error
  484 | }
  485 |
> 486 | function FakeBundlePreview({ album }: { album: AlbumResourcePack }) {
      |          ^^^^^^^^^^^^^^^^^
  487 |   return (
  488 |     <div className={styles.bundleMock}>
  489 |       <div className={styles.bundleStack} aria-hidden="true">

the name `FakeBundlePreview` is defined multiple times

Import trace:
  Server Component:
    ./app/music/charts/ChartsPageClient.tsx
    ./app/music/charts/page.tsx @ http://localhost:3000/_next/static/chunks/node_modules_next_dist_f3530cac._.js:3127
[ 1549072ms] [ERROR] ./app/music/charts/ChartsPageClient.tsx:447:10
Ecmascript file had an error
  445 | }
  446 |
> 447 | function FakeChordChart({ title, selectedKey }: { title: string; selectedKey: string }) {
      |          ^^^^^^^^^^^^^^
  448 |   return (
  449 |     <div className={styles.pdfMock}>
  450 |       <div className={styles.pdfToolbar} aria-hidden="true">

the name `FakeChordChart` is defined multiple times

Import trace:
  Server Component:
    ./app/music/charts/ChartsPageClient.tsx
    ./app/music/charts/page.tsx @ http://localhost:3000/_next/static/chunks/node_modules_next_dist_f3530cac._.js:3127
[ 1549138ms] [ERROR] ./app/music/charts/ChartsPageClient.tsx:486:10
Ecmascript file had an error
  484 | }
  485 |
> 486 | function FakeBundlePreview({ album }: { album: AlbumResourcePack }) {
      |          ^^^^^^^^^^^^^^^^^
  487 |   return (
  488 |     <div className={styles.bundleMock}>
  489 |       <div className={styles.bundleStack} aria-hidden="true">

the name `FakeBundlePreview` is defined multiple times

Import trace:
  Server Component:
    ./app/music/charts/ChartsPageClient.tsx
    ./app/music/charts/page.tsx @ http://localhost:3000/_next/static/chunks/node_modules_next_dist_f3530cac._.js:3127
[ 1549138ms] [ERROR] ./app/music/charts/ChartsPageClient.tsx:447:10
Ecmascript file had an error
  445 | }
  446 |
> 447 | function FakeChordChart({ title, selectedKey }: { title: string; selectedKey: string }) {
      |          ^^^^^^^^^^^^^^
  448 |   return (
  449 |     <div className={styles.pdfMock}>
  450 |       <div className={styles.pdfToolbar} aria-hidden="true">

the name `FakeChordChart` is defined multiple times

Import trace:
  Server Component:
    ./app/music/charts/ChartsPageClient.tsx
    ./app/music/charts/page.tsx @ http://localhost:3000/_next/static/chunks/node_modules_next_dist_f3530cac._.js:3127
[ 1549200ms] [ERROR] ./app/music/charts/ChartsPageClient.tsx:486:10
Ecmascript file had an error
  484 | }
  485 |
> 486 | function FakeBundlePreview({ album }: { album: AlbumResourcePack }) {
      |          ^^^^^^^^^^^^^^^^^
  487 |   return (
  488 |     <div className={styles.bundleMock}>
  489 |       <div className={styles.bundleStack} aria-hidden="true">

the name `FakeBundlePreview` is defined multiple times

Import trace:
  Server Component:
    ./app/music/charts/ChartsPageClient.tsx
    ./app/music/charts/page.tsx @ http://localhost:3000/_next/static/chunks/node_modules_next_dist_f3530cac._.js:3127
[ 1549200ms] [ERROR] ./app/music/charts/ChartsPageClient.tsx:447:10
Ecmascript file had an error
  445 | }
  446 |
> 447 | function FakeChordChart({ title, selectedKey }: { title: string; selectedKey: string }) {
      |          ^^^^^^^^^^^^^^
  448 |   return (
  449 |     <div className={styles.pdfMock}>
  450 |       <div className={styles.pdfToolbar} aria-hidden="true">

the name `FakeChordChart` is defined multiple times

Import trace:
  Server Component:
    ./app/music/charts/ChartsPageClient.tsx
    ./app/music/charts/page.tsx @ http://localhost:3000/_next/static/chunks/node_modules_next_dist_f3530cac._.js:3127
[ 1549263ms] [ERROR] ./app/music/charts/ChartsPageClient.tsx:486:10
Ecmascript file had an error
  484 | }
  485 |
> 486 | function FakeBundlePreview({ album }: { album: AlbumResourcePack }) {
      |          ^^^^^^^^^^^^^^^^^
  487 |   return (
  488 |     <div className={styles.bundleMock}>
  489 |       <div className={styles.bundleStack} aria-hidden="true">

the name `FakeBundlePreview` is defined multiple times

Import trace:
  Server Component:
    ./app/music/charts/ChartsPageClient.tsx
    ./app/music/charts/page.tsx @ http://localhost:3000/_next/static/chunks/node_modules_next_dist_f3530cac._.js:3127
[ 1549263ms] [ERROR] ./app/music/charts/ChartsPageClient.tsx:447:10
Ecmascript file had an error
  445 | }
  446 |
> 447 | function FakeChordChart({ title, selectedKey }: { title: string; selectedKey: string }) {
      |          ^^^^^^^^^^^^^^
  448 |   return (
  449 |     <div className={styles.pdfMock}>
  450 |       <div className={styles.pdfToolbar} aria-hidden="true">

the name `FakeChordChart` is defined multiple times

Import trace:
  Server Component:
    ./app/music/charts/ChartsPageClient.tsx
    ./app/music/charts/page.tsx @ http://localhost:3000/_next/static/chunks/node_modules_next_dist_f3530cac._.js:3127
[ 1549320ms] [ERROR] ./app/music/charts/ChartsPageClient.tsx:486:10
Ecmascript file had an error
  484 | }
  485 |
> 486 | function FakeBundlePreview({ album }: { album: AlbumResourcePack }) {
      |          ^^^^^^^^^^^^^^^^^
  487 |   return (
  488 |     <div className={styles.bundleMock}>
  489 |       <div className={styles.bundleStack} aria-hidden="true">

the name `FakeBundlePreview` is defined multiple times

Import trace:
  Server Component:
    ./app/music/charts/ChartsPageClient.tsx
    ./app/music/charts/page.tsx @ http://localhost:3000/_next/static/chunks/node_modules_next_dist_f3530cac._.js:3127
[ 1549320ms] [ERROR] ./app/music/charts/ChartsPageClient.tsx:447:10
Ecmascript file had an error
  445 | }
  446 |
> 447 | function FakeChordChart({ title, selectedKey }: { title: string; selectedKey: string }) {
      |          ^^^^^^^^^^^^^^
  448 |   return (
  449 |     <div className={styles.pdfMock}>
  450 |       <div className={styles.pdfToolbar} aria-hidden="true">

the name `FakeChordChart` is defined multiple times

Import trace:
  Server Component:
    ./app/music/charts/ChartsPageClient.tsx
    ./app/music/charts/page.tsx @ http://localhost:3000/_next/static/chunks/node_modules_next_dist_f3530cac._.js:3127
[ 1549376ms] [ERROR] ./app/music/charts/ChartsPageClient.tsx:486:10
Ecmascript file had an error
  484 | }
  485 |
> 486 | function FakeBundlePreview({ album }: { album: AlbumResourcePack }) {
      |          ^^^^^^^^^^^^^^^^^
  487 |   return (
  488 |     <div className={styles.bundleMock}>
  489 |       <div className={styles.bundleStack} aria-hidden="true">

the name `FakeBundlePreview` is defined multiple times

Import trace:
  Server Component:
    ./app/music/charts/ChartsPageClient.tsx
    ./app/music/charts/page.tsx @ http://localhost:3000/_next/static/chunks/node_modules_next_dist_f3530cac._.js:3127
[ 1549377ms] [ERROR] ./app/music/charts/ChartsPageClient.tsx:447:10
Ecmascript file had an error
  445 | }
  446 |
> 447 | function FakeChordChart({ title, selectedKey }: { title: string; selectedKey: string }) {
      |          ^^^^^^^^^^^^^^
  448 |   return (
  449 |     <div className={styles.pdfMock}>
  450 |       <div className={styles.pdfToolbar} aria-hidden="true">

the name `FakeChordChart` is defined multiple times

Import trace:
  Server Component:
    ./app/music/charts/ChartsPageClient.tsx
    ./app/music/charts/page.tsx @ http://localhost:3000/_next/static/chunks/node_modules_next_dist_f3530cac._.js:3127
[ 1549494ms] [LOG] [Fast Refresh] rebuilding @ http://localhost:3000/_next/static/chunks/node_modules_next_dist_f3530cac._.js:2297
[ 1549670ms] [LOG] [Fast Refresh] done in 197ms @ http://localhost:3000/_next/static/chunks/node_modules_next_dist_f3530cac._.js:2297
[ 1549774ms] [LOG] [Fast Refresh] rebuilding @ http://localhost:3000/_next/static/chunks/node_modules_next_dist_f3530cac._.js:2297
[ 1549892ms] [LOG] [Fast Refresh] done in 221ms @ http://localhost:3000/_next/static/chunks/node_modules_next_dist_f3530cac._.js:2297
[ 1663227ms] [LOG] [Fast Refresh] rebuilding @ http://localhost:3000/_next/static/chunks/node_modules_next_dist_f3530cac._.js:2297
[ 1663326ms] ReferenceError: selection is not defined
    at CompactSongCard (http://localhost:3000/_next/static/chunks/app_cfb97795._.js?id=%255Bproject%255D%252Fapp%252Fmusic%252Fcharts%252FChartsPageClient.tsx+%255Bapp-client%255D+%2528ecmascript%2529:1142:200)
    at Object.react_stack_bottom_frame (http://localhost:3000/_next/static/chunks/node_modules_next_dist_compiled_react-dom_1e674e59._.js:14826:24)
    at renderWithHooks (http://localhost:3000/_next/static/chunks/node_modules_next_dist_compiled_react-dom_1e674e59._.js:4651:24)
    at updateFunctionComponent (http://localhost:3000/_next/static/chunks/node_modules_next_dist_compiled_react-dom_1e674e59._.js:6112:21)
    at beginWork (http://localhost:3000/_next/static/chunks/node_modules_next_dist_compiled_react-dom_1e674e59._.js:6708:24)
    at runWithFiberInDEV (http://localhost:3000/_next/static/chunks/node_modules_next_dist_compiled_react-dom_1e674e59._.js:965:74)
    at performUnitOfWork (http://localhost:3000/_next/static/chunks/node_modules_next_dist_compiled_react-dom_1e674e59._.js:9562:97)
    at workLoopSync (http://localhost:3000/_next/static/chunks/node_modules_next_dist_compiled_react-dom_1e674e59._.js:9456:40)
    at renderRootSync (http://localhost:3000/_next/static/chunks/node_modules_next_dist_compiled_react-dom_1e674e59._.js:9440:13)
    at performWorkOnRoot (http://localhost:3000/_next/static/chunks/node_modules_next_dist_compiled_react-dom_1e674e59._.js:9105:47)
    at performSyncWorkOnRoot (http://localhost:3000/_next/static/chunks/node_modules_next_dist_compiled_react-dom_1e674e59._.js:10238:9)
    at flushSyncWorkAcrossRoots_impl (http://localhost:3000/_next/static/chunks/node_modules_next_dist_compiled_react-dom_1e674e59._.js:10154:316)
    at flushSyncWork$1 (http://localhost:3000/_next/static/chunks/node_modules_next_dist_compiled_react-dom_1e674e59._.js:9237:86)
    at Object.scheduleRefresh (http://localhost:3000/_next/static/chunks/node_modules_next_dist_compiled_react-dom_1e674e59._.js:299:13)
    at http://localhost:3000/_next/static/chunks/node_modules_next_dist_compiled_a0e4c7b4._.js:391:33
    at Set.forEach (<anonymous>)
    at Object.performReactRefresh (http://localhost:3000/_next/static/chunks/node_modules_next_dist_compiled_a0e4c7b4._.js:384:38)
    at applyUpdate (http://localhost:3000/_next/static/chunks/node_modules_next_dist_compiled_a0e4c7b4._.js:878:31)
    at http://localhost:3000/_next/static/chunks/node_modules_next_dist_compiled_a0e4c7b4._.js:886:13
[ 1663330ms] [LOG] [Fast Refresh] done in 102ms @ http://localhost:3000/_next/static/chunks/node_modules_next_dist_f3530cac._.js:2297
[ 1663522ms] [LOG] [Fast Refresh] rebuilding @ http://localhost:3000/_next/static/chunks/node_modules_next_dist_f3530cac._.js:2297
[ 1663522ms] [LOG] [Fast Refresh] done in 112ms @ http://localhost:3000/_next/static/chunks/node_modules_next_dist_f3530cac._.js:2297
[ 1674323ms] [LOG] [Fast Refresh] rebuilding @ http://localhost:3000/_next/static/chunks/node_modules_next_dist_f3530cac._.js:2297
[ 1674344ms] [WARNING] [Fast Refresh] performing full reload because your application had an unrecoverable error @ http://localhost:3000/_next/static/chunks/node_modules_next_dist_f3530cac._.js:2297
[ 1674880ms] [LOG] [Fast Refresh] done in 118ms @ http://localhost:3000/_next/static/chunks/node_modules_next_dist_f3530cac._.js:2297
[ 1674996ms] [LOG] [Fast Refresh] rebuilding @ http://localhost:3000/_next/static/chunks/node_modules_next_dist_f3530cac._.js:2297
[ 1675043ms] [LOG] [Fast Refresh] done in 148ms @ http://localhost:3000/_next/static/chunks/node_modules_next_dist_f3530cac._.js:2297
[ 1675332ms] [INFO] %cDownload the React DevTools for a better development experience: https://react.dev/link/react-devtools font-weight:bold @ http://localhost:3000/_next/static/chunks/node_modules_next_dist_f3530cac._.js:2297
[ 1675391ms] [LOG] [HMR] connected @ http://localhost:3000/_next/static/chunks/node_modules_next_dist_f3530cac._.js:2297
[ 1693209ms] [LOG] [Fast Refresh] rebuilding @ http://localhost:3000/_next/static/chunks/node_modules_next_dist_f3530cac._.js:2297
[ 1693270ms] [LOG] [Fast Refresh] done in 105ms @ http://localhost:3000/_next/static/chunks/node_modules_next_dist_f3530cac._.js:2297
[ 1716865ms] [LOG] [Fast Refresh] rebuilding @ http://localhost:3000/_next/static/chunks/node_modules_next_dist_f3530cac._.js:2297
[ 1716924ms] ReferenceError: selection is not defined
    at eval (http://localhost:3000/_next/static/chunks/app_cfb97795._.js?id=%255Bproject%255D%252Fapp%252Fmusic%252Fcharts%252FChartsPageClient.tsx+%255Bapp-client%255D+%2528ecmascript%2529:1353:40)
    at Array.map (<anonymous>)
    at CompactResourceBrowser (http://localhost:3000/_next/static/chunks/app_cfb97795._.js?id=%255Bproject%255D%252Fapp%252Fmusic%252Fcharts%252FChartsPageClient.tsx+%255Bapp-client%255D+%2528ecmascript%2529:1351:27)
    at Object.react_stack_bottom_frame (http://localhost:3000/_next/static/chunks/node_modules_next_dist_compiled_react-dom_1e674e59._.js:14826:24)
    at renderWithHooks (http://localhost:3000/_next/static/chunks/node_modules_next_dist_compiled_react-dom_1e674e59._.js:4651:24)
    at updateFunctionComponent (http://localhost:3000/_next/static/chunks/node_modules_next_dist_compiled_react-dom_1e674e59._.js:6112:21)
    at beginWork (http://localhost:3000/_next/static/chunks/node_modules_next_dist_compiled_react-dom_1e674e59._.js:6708:24)
    at runWithFiberInDEV (http://localhost:3000/_next/static/chunks/node_modules_next_dist_compiled_react-dom_1e674e59._.js:965:74)
    at performUnitOfWork (http://localhost:3000/_next/static/chunks/node_modules_next_dist_compiled_react-dom_1e674e59._.js:9562:97)
    at workLoopSync (http://localhost:3000/_next/static/chunks/node_modules_next_dist_compiled_react-dom_1e674e59._.js:9456:40)
    at renderRootSync (http://localhost:3000/_next/static/chunks/node_modules_next_dist_compiled_react-dom_1e674e59._.js:9440:13)
    at performWorkOnRoot (http://localhost:3000/_next/static/chunks/node_modules_next_dist_compiled_react-dom_1e674e59._.js:9105:47)
    at performSyncWorkOnRoot (http://localhost:3000/_next/static/chunks/node_modules_next_dist_compiled_react-dom_1e674e59._.js:10238:9)
    at flushSyncWorkAcrossRoots_impl (http://localhost:3000/_next/static/chunks/node_modules_next_dist_compiled_react-dom_1e674e59._.js:10154:316)
    at flushSyncWork$1 (http://localhost:3000/_next/static/chunks/node_modules_next_dist_compiled_react-dom_1e674e59._.js:9237:86)
    at Object.scheduleRefresh (http://localhost:3000/_next/static/chunks/node_modules_next_dist_compiled_react-dom_1e674e59._.js:299:13)
    at http://localhost:3000/_next/static/chunks/node_modules_next_dist_compiled_a0e4c7b4._.js:391:33
    at Set.forEach (<anonymous>)
    at Object.performReactRefresh (http://localhost:3000/_next/static/chunks/node_modules_next_dist_compiled_a0e4c7b4._.js:384:38)
    at applyUpdate (http://localhost:3000/_next/static/chunks/node_modules_next_dist_compiled_a0e4c7b4._.js:878:31)
    at http://localhost:3000/_next/static/chunks/node_modules_next_dist_compiled_a0e4c7b4._.js:886:13
[ 1716927ms] [LOG] [Fast Refresh] done in 119ms @ http://localhost:3000/_next/static/chunks/node_modules_next_dist_f3530cac._.js:2297
[ 1723695ms] [LOG] [Fast Refresh] rebuilding @ http://localhost:3000/_next/static/chunks/node_modules_next_dist_f3530cac._.js:2297
[ 1723706ms] [WARNING] [Fast Refresh] performing full reload because your application had an unrecoverable error @ http://localhost:3000/_next/static/chunks/node_modules_next_dist_f3530cac._.js:2297
[ 1723783ms] ReferenceError: artwork is not defined
    at CompactResourceBrowser (http://localhost:3000/_next/static/chunks/app_cfb97795._.js?id=%255Bproject%255D%252Fapp%252Fmusic%252Fcharts%252FChartsPageClient.tsx+%255Bapp-client%255D+%2528ecmascript%2529:1380:38)
    at Object.react_stack_bottom_frame (http://localhost:3000/_next/static/chunks/node_modules_next_dist_compiled_react-dom_1e674e59._.js:14826:24)
    at renderWithHooks (http://localhost:3000/_next/static/chunks/node_modules_next_dist_compiled_react-dom_1e674e59._.js:4651:24)
    at updateFunctionComponent (http://localhost:3000/_next/static/chunks/node_modules_next_dist_compiled_react-dom_1e674e59._.js:6112:21)
    at beginWork (http://localhost:3000/_next/static/chunks/node_modules_next_dist_compiled_react-dom_1e674e59._.js:6708:24)
    at runWithFiberInDEV (http://localhost:3000/_next/static/chunks/node_modules_next_dist_compiled_react-dom_1e674e59._.js:965:74)
    at performUnitOfWork (http://localhost:3000/_next/static/chunks/node_modules_next_dist_compiled_react-dom_1e674e59._.js:9562:97)
    at workLoopSync (http://localhost:3000/_next/static/chunks/node_modules_next_dist_compiled_react-dom_1e674e59._.js:9456:40)
    at renderRootSync (http://localhost:3000/_next/static/chunks/node_modules_next_dist_compiled_react-dom_1e674e59._.js:9440:13)
    at performWorkOnRoot (http://localhost:3000/_next/static/chunks/node_modules_next_dist_compiled_react-dom_1e674e59._.js:9105:47)
    at performSyncWorkOnRoot (http://localhost:3000/_next/static/chunks/node_modules_next_dist_compiled_react-dom_1e674e59._.js:10238:9)
    at flushSyncWorkAcrossRoots_impl (http://localhost:3000/_next/static/chunks/node_modules_next_dist_compiled_react-dom_1e674e59._.js:10154:316)
    at flushSyncWork$1 (http://localhost:3000/_next/static/chunks/node_modules_next_dist_compiled_react-dom_1e674e59._.js:9237:86)
    at Object.scheduleRefresh (http://localhost:3000/_next/static/chunks/node_modules_next_dist_compiled_react-dom_1e674e59._.js:299:13)
    at http://localhost:3000/_next/static/chunks/node_modules_next_dist_compiled_a0e4c7b4._.js:391:33
    at Set.forEach (<anonymous>)
    at Object.performReactRefresh (http://localhost:3000/_next/static/chunks/node_modules_next_dist_compiled_a0e4c7b4._.js:384:38)
    at applyUpdate (http://localhost:3000/_next/static/chunks/node_modules_next_dist_compiled_a0e4c7b4._.js:878:31)
    at http://localhost:3000/_next/static/chunks/node_modules_next_dist_compiled_a0e4c7b4._.js:886:13
[ 1724160ms] [LOG] [Fast Refresh] done in 99ms @ http://localhost:3000/_next/static/chunks/node_modules_next_dist_f3530cac._.js:2297
[ 1724280ms] [LOG] [Fast Refresh] rebuilding @ http://localhost:3000/_next/static/chunks/node_modules_next_dist_f3530cac._.js:2297
[ 1724323ms] [LOG] [Fast Refresh] done in 145ms @ http://localhost:3000/_next/static/chunks/node_modules_next_dist_f3530cac._.js:2297
[ 1724438ms] [LOG] [Fast Refresh] rebuilding @ http://localhost:3000/_next/static/chunks/node_modules_next_dist_f3530cac._.js:2297
[ 1724439ms] [LOG] [Fast Refresh] done in 101ms @ http://localhost:3000/_next/static/chunks/node_modules_next_dist_f3530cac._.js:2297
[ 1724442ms] [ERROR] Failed to load resource: the server responded with a status of 500 (Internal Server Error) @ http://localhost:3000/music/charts:0
[ 1724555ms] [INFO] %cDownload the React DevTools for a better development experience: https://react.dev/link/react-devtools font-weight:bold @ http://localhost:3000/_next/static/chunks/node_modules_next_dist_f3530cac._.js:2297
[ 1724596ms] [LOG] [HMR] connected @ http://localhost:3000/_next/static/chunks/node_modules_next_dist_f3530cac._.js:2297
[ 1724700ms] ReferenceError: artwork is not defined
    at CompactResourceBrowser (http://localhost:3000/_next/static/chunks/app_cfb97795._.js:2628:38)
    at Object.react_stack_bottom_frame (http://localhost:3000/_next/static/chunks/node_modules_next_dist_compiled_react-dom_1e674e59._.js:14826:24)
    at renderWithHooks (http://localhost:3000/_next/static/chunks/node_modules_next_dist_compiled_react-dom_1e674e59._.js:4651:24)
    at updateFunctionComponent (http://localhost:3000/_next/static/chunks/node_modules_next_dist_compiled_react-dom_1e674e59._.js:6112:21)
    at beginWork (http://localhost:3000/_next/static/chunks/node_modules_next_dist_compiled_react-dom_1e674e59._.js:6708:24)
    at runWithFiberInDEV (http://localhost:3000/_next/static/chunks/node_modules_next_dist_compiled_react-dom_1e674e59._.js:965:74)
    at performUnitOfWork (http://localhost:3000/_next/static/chunks/node_modules_next_dist_compiled_react-dom_1e674e59._.js:9562:97)
    at workLoopSync (http://localhost:3000/_next/static/chunks/node_modules_next_dist_compiled_react-dom_1e674e59._.js:9456:40)
    at renderRootSync (http://localhost:3000/_next/static/chunks/node_modules_next_dist_compiled_react-dom_1e674e59._.js:9440:13)
    at performWorkOnRoot (http://localhost:3000/_next/static/chunks/node_modules_next_dist_compiled_react-dom_1e674e59._.js:9105:47)
    at performWorkOnRootViaSchedulerTask (http://localhost:3000/_next/static/chunks/node_modules_next_dist_compiled_react-dom_1e674e59._.js:10230:9)
    at MessagePort.performWorkUntilDeadline (http://localhost:3000/_next/static/chunks/node_modules_next_dist_compiled_a0e4c7b4._.js:2647:64)
[ 1727722ms] [WARNING] The resource http://localhost:3000/_next/static/chunks/app_music_723b7fb1._.css was preloaded using link preload but not used within a few seconds from the window's load event. Please make sure it has an appropriate `as` value and it is preloaded intentionally. @ http://localhost:3000/music/charts:0
[ 1727722ms] [WARNING] The resource http://localhost:3000/_next/static/chunks/%5Broot-of-the-server%5D__22bef0ff._.css was preloaded using link preload but not used within a few seconds from the window's load event. Please make sure it has an appropriate `as` value and it is preloaded intentionally. @ http://localhost:3000/music/charts:0
[ 1746405ms] [LOG] [Fast Refresh] rebuilding @ http://localhost:3000/_next/static/chunks/node_modules_next_dist_f3530cac._.js:2297
[ 1746416ms] [WARNING] [Fast Refresh] performing full reload because your application had an unrecoverable error @ http://localhost:3000/_next/static/chunks/node_modules_next_dist_f3530cac._.js:2297
[ 1746421ms] [LOG] [Fast Refresh] done in 91ms @ http://localhost:3000/_next/static/chunks/node_modules_next_dist_f3530cac._.js:2297
[ 1746539ms] [LOG] [Fast Refresh] rebuilding @ http://localhost:3000/_next/static/chunks/node_modules_next_dist_f3530cac._.js:2297
[ 1746767ms] [LOG] [Fast Refresh] done in 341ms @ http://localhost:3000/_next/static/chunks/node_modules_next_dist_f3530cac._.js:2297
[ 1747100ms] [INFO] %cDownload the React DevTools for a better development experience: https://react.dev/link/react-devtools font-weight:bold @ http://localhost:3000/_next/static/chunks/node_modules_next_dist_f3530cac._.js:2297
[ 1747148ms] [LOG] [HMR] connected @ http://localhost:3000/_next/static/chunks/node_modules_next_dist_f3530cac._.js:2297
[ 1764862ms] [LOG] [Fast Refresh] rebuilding @ http://localhost:3000/_next/static/chunks/node_modules_next_dist_f3530cac._.js:2297
[ 1764914ms] [LOG] [Fast Refresh] done in 103ms @ http://localhost:3000/_next/static/chunks/node_modules_next_dist_f3530cac._.js:2297
[ 1772439ms] [LOG] [Fast Refresh] rebuilding @ http://localhost:3000/_next/static/chunks/node_modules_next_dist_f3530cac._.js:2297
[ 1772604ms] [LOG] [Fast Refresh] done in 266ms @ http://localhost:3000/_next/static/chunks/node_modules_next_dist_f3530cac._.js:2297
[ 1818006ms] [LOG] [Fast Refresh] rebuilding @ http://localhost:3000/_next/static/chunks/node_modules_next_dist_f3530cac._.js:2297
[ 1818022ms] [LOG] [Fast Refresh] done in 121ms @ http://localhost:3000/_next/static/chunks/node_modules_next_dist_f3530cac._.js:2297
[ 1833006ms] [LOG] [Fast Refresh] rebuilding @ http://localhost:3000/_next/static/chunks/node_modules_next_dist_f3530cac._.js:2297
[ 1833382ms] [LOG] [Fast Refresh] done in 475ms @ http://localhost:3000/_next/static/chunks/node_modules_next_dist_f3530cac._.js:2297
[ 1833484ms] [LOG] [Fast Refresh] rebuilding @ http://localhost:3000/_next/static/chunks/node_modules_next_dist_f3530cac._.js:2297
[ 1833521ms] [LOG] [Fast Refresh] done in 137ms @ http://localhost:3000/_next/static/chunks/node_modules_next_dist_f3530cac._.js:2297
[ 1833830ms] [LOG] [Fast Refresh] rebuilding @ http://localhost:3000/_next/static/chunks/node_modules_next_dist_f3530cac._.js:2297
[ 1833866ms] [LOG] [Fast Refresh] done in 143ms @ http://localhost:3000/_next/static/chunks/node_modules_next_dist_f3530cac._.js:2297
[ 1834315ms] [LOG] [Fast Refresh] rebuilding @ http://localhost:3000/_next/static/chunks/node_modules_next_dist_f3530cac._.js:2297
[ 1834499ms] [LOG] [Fast Refresh] done in 288ms @ http://localhost:3000/_next/static/chunks/node_modules_next_dist_f3530cac._.js:2297
[ 1834601ms] [LOG] [Fast Refresh] rebuilding @ http://localhost:3000/_next/static/chunks/node_modules_next_dist_f3530cac._.js:2297
[ 1835959ms] [LOG] [Fast Refresh] done in 1460ms @ http://localhost:3000/_next/static/chunks/node_modules_next_dist_f3530cac._.js:2297
[ 1836061ms] [LOG] [Fast Refresh] rebuilding @ http://localhost:3000/_next/static/chunks/node_modules_next_dist_f3530cac._.js:2297
[ 1836244ms] [LOG] [Fast Refresh] done in 283ms @ http://localhost:3000/_next/static/chunks/node_modules_next_dist_f3530cac._.js:2297
[ 1836371ms] [LOG] [Fast Refresh] rebuilding @ http://localhost:3000/_next/static/chunks/node_modules_next_dist_f3530cac._.js:2297
[ 1836687ms] [LOG] [Fast Refresh] done in 416ms @ http://localhost:3000/_next/static/chunks/node_modules_next_dist_f3530cac._.js:2297
[ 1836793ms] [LOG] [Fast Refresh] rebuilding @ http://localhost:3000/_next/static/chunks/node_modules_next_dist_f3530cac._.js:2297
[ 1836811ms] [LOG] [Fast Refresh] done in 123ms @ http://localhost:3000/_next/static/chunks/node_modules_next_dist_f3530cac._.js:2297
[ 1836967ms] [LOG] [Fast Refresh] rebuilding @ http://localhost:3000/_next/static/chunks/node_modules_next_dist_f3530cac._.js:2297
[ 1837043ms] [LOG] [Fast Refresh] done in 177ms @ http://localhost:3000/_next/static/chunks/node_modules_next_dist_f3530cac._.js:2297
[ 1837431ms] [LOG] [Fast Refresh] rebuilding @ http://localhost:3000/_next/static/chunks/node_modules_next_dist_f3530cac._.js:2297
[ 1837435ms] [LOG] [Fast Refresh] done in 113ms @ http://localhost:3000/_next/static/chunks/node_modules_next_dist_f3530cac._.js:2297
[ 1837637ms] [LOG] [Fast Refresh] rebuilding @ http://localhost:3000/_next/static/chunks/node_modules_next_dist_f3530cac._.js:2297
[ 1838202ms] [LOG] [Fast Refresh] done in 667ms @ http://localhost:3000/_next/static/chunks/node_modules_next_dist_f3530cac._.js:2297
[ 1838307ms] [LOG] [Fast Refresh] rebuilding @ http://localhost:3000/_next/static/chunks/node_modules_next_dist_f3530cac._.js:2297
[ 1838431ms] [LOG] [Fast Refresh] done in 227ms @ http://localhost:3000/_next/static/chunks/node_modules_next_dist_f3530cac._.js:2297
[ 1838607ms] [LOG] [Fast Refresh] rebuilding @ http://localhost:3000/_next/static/chunks/node_modules_next_dist_f3530cac._.js:2297
[ 1839143ms] [LOG] [Fast Refresh] done in 643ms @ http://localhost:3000/_next/static/chunks/node_modules_next_dist_f3530cac._.js:2297
[ 1882048ms] [LOG] [Fast Refresh] rebuilding @ http://localhost:3000/_next/static/chunks/node_modules_next_dist_f3530cac._.js:2297
[ 1882301ms] [LOG] [Fast Refresh] done in 122ms @ http://localhost:3000/_next/static/chunks/node_modules_next_dist_f3530cac._.js:2297
[ 1891991ms] [LOG] [Fast Refresh] rebuilding @ http://localhost:3000/_next/static/chunks/node_modules_next_dist_f3530cac._.js:2297
[ 1892153ms] [LOG] [Fast Refresh] done in 84ms @ http://localhost:3000/_next/static/chunks/node_modules_next_dist_f3530cac._.js:2297
[ 1892302ms] [LOG] [Fast Refresh] rebuilding @ http://localhost:3000/_next/static/chunks/node_modules_next_dist_f3530cac._.js:2297
[ 1892303ms] [LOG] [Fast Refresh] done in 102ms @ http://localhost:3000/_next/static/chunks/node_modules_next_dist_f3530cac._.js:2297
[ 1905379ms] [LOG] [Fast Refresh] rebuilding @ http://localhost:3000/_next/static/chunks/node_modules_next_dist_f3530cac._.js:2297
[ 1905441ms] [LOG] [Fast Refresh] done in 92ms @ http://localhost:3000/_next/static/chunks/node_modules_next_dist_f3530cac._.js:2297
[ 1953261ms] [LOG] [Fast Refresh] rebuilding @ http://localhost:3000/_next/static/chunks/node_modules_next_dist_f3530cac._.js:2297
[ 1953287ms] [WARNING] [Fast Refresh] performing full reload

Fast Refresh will perform a full reload when you edit a file that's imported by modules outside of the React rendering tree.
You might have a file which exports a React component but also exports a value that is imported by a non-React component file.
Consider migrating the non-React component export to a separate file and importing it into both files.

It is also possible the parent component of the component you edited is a class component, which disables Fast Refresh.
Fast Refresh requires at least one parent function component in your React tree. @ http://localhost:3000/_next/static/chunks/node_modules_next_dist_f3530cac._.js:2297
[ 1953588ms] [LOG] [Fast Refresh] done in 97ms @ http://localhost:3000/_next/static/chunks/node_modules_next_dist_f3530cac._.js:2297
[ 1953713ms] [LOG] [Fast Refresh] rebuilding @ http://localhost:3000/_next/static/chunks/node_modules_next_dist_f3530cac._.js:2297
[ 1953906ms] [LOG] [Fast Refresh] done in 297ms @ http://localhost:3000/_next/static/chunks/node_modules_next_dist_f3530cac._.js:2297
[ 1954418ms] [INFO] %cDownload the React DevTools for a better development experience: https://react.dev/link/react-devtools font-weight:bold @ http://localhost:3000/_next/static/chunks/node_modules_next_dist_f3530cac._.js:2297
[ 1954506ms] [LOG] [HMR] connected @ http://localhost:3000/_next/static/chunks/node_modules_next_dist_f3530cac._.js:2297
[ 1985949ms] [LOG] [Fast Refresh] rebuilding @ http://localhost:3000/_next/static/chunks/node_modules_next_dist_f3530cac._.js:2297
[ 1987214ms] [LOG] [Fast Refresh] done in 1378ms @ http://localhost:3000/_next/static/chunks/node_modules_next_dist_f3530cac._.js:2297
[ 2024448ms] [LOG] [Fast Refresh] rebuilding @ http://localhost:3000/_next/static/chunks/node_modules_next_dist_f3530cac._.js:2297
[ 2024552ms] [LOG] [Fast Refresh] done in 219ms @ http://localhost:3000/_next/static/chunks/node_modules_next_dist_f3530cac._.js:2297
[ 2026614ms] [LOG] [Fast Refresh] rebuilding @ http://localhost:3000/_next/static/chunks/node_modules_next_dist_f3530cac._.js:2297
[ 2026848ms] [LOG] [Fast Refresh] done in 340ms @ http://localhost:3000/_next/static/chunks/node_modules_next_dist_f3530cac._.js:2297
[ 2028175ms] [LOG] [Fast Refresh] rebuilding @ http://localhost:3000/_next/static/chunks/node_modules_next_dist_f3530cac._.js:2297
[ 2028253ms] [LOG] [Fast Refresh] done in 185ms @ http://localhost:3000/_next/static/chunks/node_modules_next_dist_f3530cac._.js:2297
[ 2033438ms] [LOG] [Fast Refresh] rebuilding @ http://localhost:3000/_next/static/chunks/node_modules_next_dist_f3530cac._.js:2297
[ 2033440ms] [LOG] [Fast Refresh] done in 118ms @ http://localhost:3000/_next/static/chunks/node_modules_next_dist_f3530cac._.js:2297
[ 2060579ms] [LOG] [Fast Refresh] rebuilding @ http://localhost:3000/_next/static/chunks/node_modules_next_dist_f3530cac._.js:2297
[ 2060580ms] [LOG] [Fast Refresh] done in 114ms @ http://localhost:3000/_next/static/chunks/node_modules_next_dist_f3530cac._.js:2297
[ 2065714ms] [LOG] [Fast Refresh] rebuilding @ http://localhost:3000/_next/static/chunks/node_modules_next_dist_f3530cac._.js:2297
[ 2065790ms] [LOG] [Fast Refresh] done in 41ms @ http://localhost:3000/_next/static/chunks/node_modules_next_dist_f3530cac._.js:2297
[ 2095948ms] [LOG] [Fast Refresh] rebuilding @ http://localhost:3000/_next/static/chunks/node_modules_next_dist_f3530cac._.js:2297
[ 2096233ms] [LOG] [Fast Refresh] done in 389ms @ http://localhost:3000/_next/static/chunks/node_modules_next_dist_f3530cac._.js:2297
[ 2116539ms] [LOG] [Fast Refresh] rebuilding @ http://localhost:3000/_next/static/chunks/node_modules_next_dist_f3530cac._.js:2297
[ 2116603ms] [LOG] [Fast Refresh] done in 116ms @ http://localhost:3000/_next/static/chunks/node_modules_next_dist_f3530cac._.js:2297
[ 2152281ms] [LOG] [Fast Refresh] rebuilding @ http://localhost:3000/_next/static/chunks/node_modules_next_dist_f3530cac._.js:2297
[ 2152341ms] [LOG] [Fast Refresh] done in 83ms @ http://localhost:3000/_next/static/chunks/node_modules_next_dist_f3530cac._.js:2297
[ 2207294ms] [LOG] [Fast Refresh] rebuilding @ http://localhost:3000/_next/static/chunks/node_modules_next_dist_f3530cac._.js:2297
[ 2207347ms] [LOG] [Fast Refresh] done in 60ms @ http://localhost:3000/_next/static/chunks/node_modules_next_dist_f3530cac._.js:2297
[ 2269018ms] [LOG] [Fast Refresh] rebuilding @ http://localhost:3000/_next/static/chunks/node_modules_next_dist_f3530cac._.js:2297
[ 2269466ms] [LOG] [Fast Refresh] done in 371ms @ http://localhost:3000/_next/static/chunks/node_modules_next_dist_f3530cac._.js:2297
[ 2291149ms] [LOG] [Fast Refresh] rebuilding @ http://localhost:3000/_next/static/chunks/node_modules_next_dist_f3530cac._.js:2297
[ 2291359ms] [LOG] [Fast Refresh] done in 276ms @ http://localhost:3000/_next/static/chunks/node_modules_next_dist_f3530cac._.js:2297
[ 2291467ms] [LOG] [Fast Refresh] rebuilding @ http://localhost:3000/_next/static/chunks/node_modules_next_dist_f3530cac._.js:2297
[ 2291605ms] [LOG] [Fast Refresh] done in 245ms @ http://localhost:3000/_next/static/chunks/node_modules_next_dist_f3530cac._.js:2297
[ 2291710ms] [LOG] [Fast Refresh] rebuilding @ http://localhost:3000/_next/static/chunks/node_modules_next_dist_f3530cac._.js:2297
[ 2291733ms] [LOG] [Fast Refresh] done in 128ms @ http://localhost:3000/_next/static/chunks/node_modules_next_dist_f3530cac._.js:2297
[ 2291840ms] [LOG] [Fast Refresh] rebuilding @ http://localhost:3000/_next/static/chunks/node_modules_next_dist_f3530cac._.js:2297
[ 2291848ms] [LOG] [Fast Refresh] done in 114ms @ http://localhost:3000/_next/static/chunks/node_modules_next_dist_f3530cac._.js:2297
[ 2450201ms] [LOG] [Fast Refresh] rebuilding @ http://localhost:3000/_next/static/chunks/node_modules_next_dist_f3530cac._.js:2297
[ 2450652ms] [LOG] [Fast Refresh] done in 404ms @ http://localhost:3000/_next/static/chunks/node_modules_next_dist_f3530cac._.js:2297
[ 2467294ms] [LOG] [Fast Refresh] rebuilding @ http://localhost:3000/_next/static/chunks/node_modules_next_dist_f3530cac._.js:2297
[ 2467685ms] [LOG] [Fast Refresh] done in 492ms @ http://localhost:3000/_next/static/chunks/node_modules_next_dist_f3530cac._.js:2297
[ 2510561ms] [LOG] [Fast Refresh] rebuilding @ http://localhost:3000/_next/static/chunks/node_modules_next_dist_f3530cac._.js:2297
[ 2510891ms] [LOG] [Fast Refresh] done in 431ms @ http://localhost:3000/_next/static/chunks/node_modules_next_dist_f3530cac._.js:2297
[ 2604709ms] [LOG] [Fast Refresh] rebuilding @ http://localhost:3000/_next/static/chunks/node_modules_next_dist_f3530cac._.js:2297
[ 2605000ms] [LOG] [Fast Refresh] done in 411ms @ http://localhost:3000/_next/static/chunks/node_modules_next_dist_f3530cac._.js:2297
[ 2623397ms] [LOG] [Fast Refresh] rebuilding @ http://localhost:3000/_next/static/chunks/node_modules_next_dist_f3530cac._.js:2297
[ 2623685ms] [LOG] [Fast Refresh] done in 393ms @ http://localhost:3000/_next/static/chunks/node_modules_next_dist_f3530cac._.js:2297
[ 2630208ms] [LOG] [Fast Refresh] rebuilding @ http://localhost:3000/_next/static/chunks/node_modules_next_dist_f3530cac._.js:2297
[ 2630390ms] [LOG] [Fast Refresh] done in 290ms @ http://localhost:3000/_next/static/chunks/node_modules_next_dist_f3530cac._.js:2297
[ 2641464ms] [LOG] [Fast Refresh] rebuilding @ http://localhost:3000/_next/static/chunks/node_modules_next_dist_f3530cac._.js:2297
[ 2641541ms] [LOG] [Fast Refresh] done in 179ms @ http://localhost:3000/_next/static/chunks/node_modules_next_dist_f3530cac._.js:2297
[ 2641804ms] [LOG] [Fast Refresh] rebuilding @ http://localhost:3000/_next/static/chunks/node_modules_next_dist_f3530cac._.js:2297
[ 2641891ms] [LOG] [Fast Refresh] done in 190ms @ http://localhost:3000/_next/static/chunks/node_modules_next_dist_f3530cac._.js:2297
[ 2652581ms] [LOG] [Fast Refresh] rebuilding @ http://localhost:3000/_next/static/chunks/node_modules_next_dist_f3530cac._.js:2297
[ 2652632ms] [LOG] [Fast Refresh] done in 152ms @ http://localhost:3000/_next/static/chunks/node_modules_next_dist_f3530cac._.js:2297
[ 2652844ms] [LOG] [Fast Refresh] rebuilding @ http://localhost:3000/_next/static/chunks/node_modules_next_dist_f3530cac._.js:2297
[ 2652913ms] [LOG] [Fast Refresh] done in 172ms @ http://localhost:3000/_next/static/chunks/node_modules_next_dist_f3530cac._.js:2297
[ 2659424ms] [LOG] [Fast Refresh] rebuilding @ http://localhost:3000/_next/static/chunks/node_modules_next_dist_f3530cac._.js:2297
[ 2659475ms] [LOG] [Fast Refresh] done in 156ms @ http://localhost:3000/_next/static/chunks/node_modules_next_dist_f3530cac._.js:2297
[ 2669394ms] [LOG] [Fast Refresh] rebuilding @ http://localhost:3000/_next/static/chunks/node_modules_next_dist_f3530cac._.js:2297
[ 2669411ms] [LOG] [Fast Refresh] done in 128ms @ http://localhost:3000/_next/static/chunks/node_modules_next_dist_f3530cac._.js:2297
[ 2669768ms] [LOG] [Fast Refresh] rebuilding @ http://localhost:3000/_next/static/chunks/node_modules_next_dist_f3530cac._.js:2297
[ 2669834ms] [LOG] [Fast Refresh] done in 170ms @ http://localhost:3000/_next/static/chunks/node_modules_next_dist_f3530cac._.js:2297
[ 2704530ms] [LOG] [Fast Refresh] rebuilding @ http://localhost:3000/_next/static/chunks/node_modules_next_dist_f3530cac._.js:2297
[ 2704742ms] [LOG] [Fast Refresh] done in 316ms @ http://localhost:3000/_next/static/chunks/node_modules_next_dist_f3530cac._.js:2297
[ 2710805ms] [LOG] [Fast Refresh] rebuilding @ http://localhost:3000/_next/static/chunks/node_modules_next_dist_f3530cac._.js:2297
[ 2710865ms] [LOG] [Fast Refresh] done in 160ms @ http://localhost:3000/_next/static/chunks/node_modules_next_dist_f3530cac._.js:2297
[ 2718318ms] [LOG] [Fast Refresh] rebuilding @ http://localhost:3000/_next/static/chunks/node_modules_next_dist_f3530cac._.js:2297
[ 2718397ms] [LOG] [Fast Refresh] done in 192ms @ http://localhost:3000/_next/static/chunks/node_modules_next_dist_f3530cac._.js:2297
[ 2754737ms] [LOG] [Fast Refresh] rebuilding @ http://localhost:3000/_next/static/chunks/node_modules_next_dist_f3530cac._.js:2297
[ 2754750ms] [LOG] [Fast Refresh] done in 119ms @ http://localhost:3000/_next/static/chunks/node_modules_next_dist_f3530cac._.js:2297
[ 2784016ms] [ERROR] WebSocket connection to 'ws://localhost:3000/_next/webpack-hmr?id=GEX3WQFFEuEEzCcD2jozG' failed: Error in connection establishment: net::ERR_CONNECTION_REFUSED @ http://localhost:3000/_next/static/chunks/node_modules_next_dist_client_17643121._.js:10878
[ 2787355ms] [ERROR] WebSocket connection to 'ws://localhost:3000/_next/webpack-hmr?id=GEX3WQFFEuEEzCcD2jozG' failed: Error in connection establishment: net::ERR_CONNECTION_REFUSED @ http://localhost:3000/_next/static/chunks/node_modules_next_dist_client_17643121._.js:10878
[ 2790708ms] [ERROR] WebSocket connection to 'ws://localhost:3000/_next/webpack-hmr?id=GEX3WQFFEuEEzCcD2jozG' failed: Error in connection establishment: net::ERR_CONNECTION_REFUSED @ http://localhost:3000/_next/static/chunks/node_modules_next_dist_client_17643121._.js:10878
[ 2794061ms] [ERROR] WebSocket connection to 'ws://localhost:3000/_next/webpack-hmr?id=GEX3WQFFEuEEzCcD2jozG' failed: Error in connection establishment: net::ERR_CONNECTION_REFUSED @ http://localhost:3000/_next/static/chunks/node_modules_next_dist_client_17643121._.js:10878
