[     558ms] [INFO] %cDownload the React DevTools for a better development experience: https://react.dev/link/react-devtools font-weight:bold @ http://localhost:3000/_next/static/chunks/node_modules_next_dist_f3530cac._.js:2297
[     724ms] [LOG] [HMR] connected @ http://localhost:3000/_next/static/chunks/node_modules_next_dist_f3530cac._.js:2297
[    1417ms] [LOG] [Fast Refresh] rebuilding @ http://localhost:3000/_next/static/chunks/node_modules_next_dist_f3530cac._.js:2297
[    1504ms] [LOG] [Fast Refresh] done in 186ms @ http://localhost:3000/_next/static/chunks/node_modules_next_dist_f3530cac._.js:2297
[    4164ms] [WARNING] The resource https://i.ytimg.com/vi/732dkRJZOLE/maxresdefault.jpg was preloaded using link preload but not used within a few seconds from the window's load event. Please make sure it has an appropriate `as` value and it is preloaded intentionally. @ http://localhost:3000/:0
[    4164ms] [WARNING] The resource https://i.ytimg.com/vi/-KnzDx8UV5M/maxresdefault.jpg was preloaded using link preload but not used within a few seconds from the window's load event. Please make sure it has an appropriate `as` value and it is preloaded intentionally. @ http://localhost:3000/:0
[    4164ms] [WARNING] The resource https://i.ytimg.com/vi/cXFQuxZF61Q/maxresdefault.jpg was preloaded using link preload but not used within a few seconds from the window's load event. Please make sure it has an appropriate `as` value and it is preloaded intentionally. @ http://localhost:3000/:0
[    4164ms] [WARNING] The resource https://i.ytimg.com/vi/haisvt45Kdc/maxresdefault.jpg was preloaded using link preload but not used within a few seconds from the window's load event. Please make sure it has an appropriate `as` value and it is preloaded intentionally. @ http://localhost:3000/:0
[    4164ms] [WARNING] The resource https://i.ytimg.com/vi/VKeF820DlGU/maxresdefault.jpg was preloaded using link preload but not used within a few seconds from the window's load event. Please make sure it has an appropriate `as` value and it is preloaded intentionally. @ http://localhost:3000/:0
[   21400ms] [WARNING] The resource https://i.ytimg.com/vi/732dkRJZOLE/maxresdefault.jpg was preloaded using link preload but not used within a few seconds from the window's load event. Please make sure it has an appropriate `as` value and it is preloaded intentionally. @ http://localhost:3000/:0
[   21400ms] [WARNING] The resource https://i.ytimg.com/vi/-KnzDx8UV5M/maxresdefault.jpg was preloaded using link preload but not used within a few seconds from the window's load event. Please make sure it has an appropriate `as` value and it is preloaded intentionally. @ http://localhost:3000/:0
[   21400ms] [WARNING] The resource https://i.ytimg.com/vi/cXFQuxZF61Q/maxresdefault.jpg was preloaded using link preload but not used within a few seconds from the window's load event. Please make sure it has an appropriate `as` value and it is preloaded intentionally. @ http://localhost:3000/:0
[   21400ms] [WARNING] The resource https://i.ytimg.com/vi/haisvt45Kdc/maxresdefault.jpg was preloaded using link preload but not used within a few seconds from the window's load event. Please make sure it has an appropriate `as` value and it is preloaded intentionally. @ http://localhost:3000/:0
[   21400ms] [WARNING] The resource https://i.ytimg.com/vi/VKeF820DlGU/maxresdefault.jpg was preloaded using link preload but not used within a few seconds from the window's load event. Please make sure it has an appropriate `as` value and it is preloaded intentionally. @ http://localhost:3000/:0
[   24357ms] [LOG] [Fast Refresh] rebuilding @ http://localhost:3000/_next/static/chunks/node_modules_next_dist_f3530cac._.js:2297
[   24482ms] [LOG] [Fast Refresh] done in 231ms @ http://localhost:3000/_next/static/chunks/node_modules_next_dist_f3530cac._.js:2297
[   24850ms] [WARNING] The resource https://i.ytimg.com/vi/732dkRJZOLE/maxresdefault.jpg was preloaded using link preload but not used within a few seconds from the window's load event. Please make sure it has an appropriate `as` value and it is preloaded intentionally. @ http://localhost:3000/:0
[   24850ms] [WARNING] The resource https://i.ytimg.com/vi/-KnzDx8UV5M/maxresdefault.jpg was preloaded using link preload but not used within a few seconds from the window's load event. Please make sure it has an appropriate `as` value and it is preloaded intentionally. @ http://localhost:3000/:0
[   24850ms] [WARNING] The resource https://i.ytimg.com/vi/cXFQuxZF61Q/maxresdefault.jpg was preloaded using link preload but not used within a few seconds from the window's load event. Please make sure it has an appropriate `as` value and it is preloaded intentionally. @ http://localhost:3000/:0
[   24850ms] [WARNING] The resource https://i.ytimg.com/vi/haisvt45Kdc/maxresdefault.jpg was preloaded using link preload but not used within a few seconds from the window's load event. Please make sure it has an appropriate `as` value and it is preloaded intentionally. @ http://localhost:3000/:0
[   24850ms] [WARNING] The resource https://i.ytimg.com/vi/VKeF820DlGU/maxresdefault.jpg was preloaded using link preload but not used within a few seconds from the window's load event. Please make sure it has an appropriate `as` value and it is preloaded intentionally. @ http://localhost:3000/:0
[   37136ms] [WARNING] Image with src "/photos/Church.png" was detected as the Largest Contentful Paint (LCP). Please add the `loading="eager"` property if this image is above the fold.
Read more: https://nextjs.org/docs/app/api-reference/components/image#loading @ http://localhost:3000/_next/static/chunks/node_modules_next_dist_f3530cac._.js:2297
[   40063ms] [WARNING] The resource https://i.ytimg.com/vi/732dkRJZOLE/maxresdefault.jpg was preloaded using link preload but not used within a few seconds from the window's load event. Please make sure it has an appropriate `as` value and it is preloaded intentionally. @ http://localhost:3000/:0
[   40063ms] [WARNING] The resource https://i.ytimg.com/vi/-KnzDx8UV5M/maxresdefault.jpg was preloaded using link preload but not used within a few seconds from the window's load event. Please make sure it has an appropriate `as` value and it is preloaded intentionally. @ http://localhost:3000/:0
[   40063ms] [WARNING] The resource https://i.ytimg.com/vi/cXFQuxZF61Q/maxresdefault.jpg was preloaded using link preload but not used within a few seconds from the window's load event. Please make sure it has an appropriate `as` value and it is preloaded intentionally. @ http://localhost:3000/:0
[   40063ms] [WARNING] The resource https://i.ytimg.com/vi/haisvt45Kdc/maxresdefault.jpg was preloaded using link preload but not used within a few seconds from the window's load event. Please make sure it has an appropriate `as` value and it is preloaded intentionally. @ http://localhost:3000/:0
[   40063ms] [WARNING] The resource https://i.ytimg.com/vi/VKeF820DlGU/maxresdefault.jpg was preloaded using link preload but not used within a few seconds from the window's load event. Please make sure it has an appropriate `as` value and it is preloaded intentionally. @ http://localhost:3000/:0
[   41046ms] [LOG] [Fast Refresh] rebuilding @ http://localhost:3000/_next/static/chunks/node_modules_next_dist_f3530cac._.js:2297
[   41141ms] [LOG] [Fast Refresh] done in 199ms @ http://localhost:3000/_next/static/chunks/node_modules_next_dist_f3530cac._.js:2297
[   55055ms] [WARNING] The resource https://i.ytimg.com/vi/732dkRJZOLE/maxresdefault.jpg was preloaded using link preload but not used within a few seconds from the window's load event. Please make sure it has an appropriate `as` value and it is preloaded intentionally. @ http://localhost:3000/:0
[   55055ms] [WARNING] The resource https://i.ytimg.com/vi/-KnzDx8UV5M/maxresdefault.jpg was preloaded using link preload but not used within a few seconds from the window's load event. Please make sure it has an appropriate `as` value and it is preloaded intentionally. @ http://localhost:3000/:0
[   55055ms] [WARNING] The resource https://i.ytimg.com/vi/cXFQuxZF61Q/maxresdefault.jpg was preloaded using link preload but not used within a few seconds from the window's load event. Please make sure it has an appropriate `as` value and it is preloaded intentionally. @ http://localhost:3000/:0
[   55055ms] [WARNING] The resource https://i.ytimg.com/vi/haisvt45Kdc/maxresdefault.jpg was preloaded using link preload but not used within a few seconds from the window's load event. Please make sure it has an appropriate `as` value and it is preloaded intentionally. @ http://localhost:3000/:0
[   55055ms] [WARNING] The resource https://i.ytimg.com/vi/VKeF820DlGU/maxresdefault.jpg was preloaded using link preload but not used within a few seconds from the window's load event. Please make sure it has an appropriate `as` value and it is preloaded intentionally. @ http://localhost:3000/:0
[  124643ms] [LOG] [Fast Refresh] rebuilding @ http://localhost:3000/_next/static/chunks/node_modules_next_dist_f3530cac._.js:2297
[  124689ms] [LOG] [Fast Refresh] done in 148ms @ http://localhost:3000/_next/static/chunks/node_modules_next_dist_f3530cac._.js:2297
[  132546ms] [LOG] [Fast Refresh] rebuilding @ http://localhost:3000/_next/static/chunks/node_modules_next_dist_f3530cac._.js:2297
[  132576ms] [LOG] [Fast Refresh] done in 135ms @ http://localhost:3000/_next/static/chunks/node_modules_next_dist_f3530cac._.js:2297
[  211894ms] [LOG] [Fast Refresh] rebuilding @ http://localhost:3000/_next/static/chunks/node_modules_next_dist_f3530cac._.js:2297
[  212395ms] [LOG] [Fast Refresh] done in 604ms @ http://localhost:3000/_next/static/chunks/node_modules_next_dist_f3530cac._.js:2297
[  215256ms] [WARNING] The resource https://i.ytimg.com/vi/732dkRJZOLE/maxresdefault.jpg was preloaded using link preload but not used within a few seconds from the window's load event. Please make sure it has an appropriate `as` value and it is preloaded intentionally. @ http://localhost:3000/:0
[  215256ms] [WARNING] The resource https://i.ytimg.com/vi/-KnzDx8UV5M/maxresdefault.jpg was preloaded using link preload but not used within a few seconds from the window's load event. Please make sure it has an appropriate `as` value and it is preloaded intentionally. @ http://localhost:3000/:0
[  215256ms] [WARNING] The resource https://i.ytimg.com/vi/cXFQuxZF61Q/maxresdefault.jpg was preloaded using link preload but not used within a few seconds from the window's load event. Please make sure it has an appropriate `as` value and it is preloaded intentionally. @ http://localhost:3000/:0
[  215256ms] [WARNING] The resource https://i.ytimg.com/vi/haisvt45Kdc/maxresdefault.jpg was preloaded using link preload but not used within a few seconds from the window's load event. Please make sure it has an appropriate `as` value and it is preloaded intentionally. @ http://localhost:3000/:0
[  215256ms] [WARNING] The resource https://i.ytimg.com/vi/VKeF820DlGU/maxresdefault.jpg was preloaded using link preload but not used within a few seconds from the window's load event. Please make sure it has an appropriate `as` value and it is preloaded intentionally. @ http://localhost:3000/:0
[  220403ms] [LOG] [Fast Refresh] rebuilding @ http://localhost:3000/_next/static/chunks/node_modules_next_dist_f3530cac._.js:2297
[  220438ms] [LOG] [Fast Refresh] done in 138ms @ http://localhost:3000/_next/static/chunks/node_modules_next_dist_f3530cac._.js:2297
[  220650ms] [INFO] %cDownload the React DevTools for a better development experience: https://react.dev/link/react-devtools font-weight:bold @ http://localhost:3000/_next/static/chunks/node_modules_next_dist_f3530cac._.js:2297
[  220751ms] [LOG] [HMR] connected @ http://localhost:3000/_next/static/chunks/node_modules_next_dist_f3530cac._.js:2297
[  221522ms] [LOG] [Fast Refresh] rebuilding @ http://localhost:3000/_next/static/chunks/node_modules_next_dist_f3530cac._.js:2297
[  221601ms] [LOG] [Fast Refresh] done in 185ms @ http://localhost:3000/_next/static/chunks/node_modules_next_dist_f3530cac._.js:2297
[  224306ms] [WARNING] The resource https://i.ytimg.com/vi/732dkRJZOLE/maxresdefault.jpg was preloaded using link preload but not used within a few seconds from the window's load event. Please make sure it has an appropriate `as` value and it is preloaded intentionally. @ http://localhost:3000/:0
[  224306ms] [WARNING] The resource https://i.ytimg.com/vi/-KnzDx8UV5M/maxresdefault.jpg was preloaded using link preload but not used within a few seconds from the window's load event. Please make sure it has an appropriate `as` value and it is preloaded intentionally. @ http://localhost:3000/:0
[  224306ms] [WARNING] The resource https://i.ytimg.com/vi/cXFQuxZF61Q/maxresdefault.jpg was preloaded using link preload but not used within a few seconds from the window's load event. Please make sure it has an appropriate `as` value and it is preloaded intentionally. @ http://localhost:3000/:0
[  224306ms] [WARNING] The resource https://i.ytimg.com/vi/haisvt45Kdc/maxresdefault.jpg was preloaded using link preload but not used within a few seconds from the window's load event. Please make sure it has an appropriate `as` value and it is preloaded intentionally. @ http://localhost:3000/:0
[  224306ms] [WARNING] The resource https://i.ytimg.com/vi/VKeF820DlGU/maxresdefault.jpg was preloaded using link preload but not used within a few seconds from the window's load event. Please make sure it has an appropriate `as` value and it is preloaded intentionally. @ http://localhost:3000/:0
[  227758ms] [WARNING] The resource https://i.ytimg.com/vi/732dkRJZOLE/maxresdefault.jpg was preloaded using link preload but not used within a few seconds from the window's load event. Please make sure it has an appropriate `as` value and it is preloaded intentionally. @ http://localhost:3000/:0
[  227758ms] [WARNING] The resource https://i.ytimg.com/vi/-KnzDx8UV5M/maxresdefault.jpg was preloaded using link preload but not used within a few seconds from the window's load event. Please make sure it has an appropriate `as` value and it is preloaded intentionally. @ http://localhost:3000/:0
[  227758ms] [WARNING] The resource https://i.ytimg.com/vi/cXFQuxZF61Q/maxresdefault.jpg was preloaded using link preload but not used within a few seconds from the window's load event. Please make sure it has an appropriate `as` value and it is preloaded intentionally. @ http://localhost:3000/:0
[  227759ms] [WARNING] The resource https://i.ytimg.com/vi/haisvt45Kdc/maxresdefault.jpg was preloaded using link preload but not used within a few seconds from the window's load event. Please make sure it has an appropriate `as` value and it is preloaded intentionally. @ http://localhost:3000/:0
[  227759ms] [WARNING] The resource https://i.ytimg.com/vi/VKeF820DlGU/maxresdefault.jpg was preloaded using link preload but not used within a few seconds from the window's load event. Please make sure it has an appropriate `as` value and it is preloaded intentionally. @ http://localhost:3000/:0
[  231471ms] [LOG] [Fast Refresh] rebuilding @ http://localhost:3000/_next/static/chunks/node_modules_next_dist_f3530cac._.js:2297
[  231536ms] [LOG] [Fast Refresh] done in 172ms @ http://localhost:3000/_next/static/chunks/node_modules_next_dist_f3530cac._.js:2297
[  239305ms] [WARNING] The resource https://i.ytimg.com/vi/732dkRJZOLE/maxresdefault.jpg was preloaded using link preload but not used within a few seconds from the window's load event. Please make sure it has an appropriate `as` value and it is preloaded intentionally. @ http://localhost:3000/:0
[  239305ms] [WARNING] The resource https://i.ytimg.com/vi/-KnzDx8UV5M/maxresdefault.jpg was preloaded using link preload but not used within a few seconds from the window's load event. Please make sure it has an appropriate `as` value and it is preloaded intentionally. @ http://localhost:3000/:0
[  239305ms] [WARNING] The resource https://i.ytimg.com/vi/cXFQuxZF61Q/maxresdefault.jpg was preloaded using link preload but not used within a few seconds from the window's load event. Please make sure it has an appropriate `as` value and it is preloaded intentionally. @ http://localhost:3000/:0
[  239305ms] [WARNING] The resource https://i.ytimg.com/vi/haisvt45Kdc/maxresdefault.jpg was preloaded using link preload but not used within a few seconds from the window's load event. Please make sure it has an appropriate `as` value and it is preloaded intentionally. @ http://localhost:3000/:0
[  239306ms] [WARNING] The resource https://i.ytimg.com/vi/VKeF820DlGU/maxresdefault.jpg was preloaded using link preload but not used within a few seconds from the window's load event. Please make sure it has an appropriate `as` value and it is preloaded intentionally. @ http://localhost:3000/:0
[  256927ms] [LOG] [Fast Refresh] rebuilding @ http://localhost:3000/_next/static/chunks/node_modules_next_dist_f3530cac._.js:2297
[  257363ms] [LOG] [Fast Refresh] done in 498ms @ http://localhost:3000/_next/static/chunks/node_modules_next_dist_f3530cac._.js:2297
[  260364ms] [WARNING] The resource https://i.ytimg.com/vi/732dkRJZOLE/maxresdefault.jpg was preloaded using link preload but not used within a few seconds from the window's load event. Please make sure it has an appropriate `as` value and it is preloaded intentionally. @ http://localhost:3000/:0
[  260364ms] [WARNING] The resource https://i.ytimg.com/vi/-KnzDx8UV5M/maxresdefault.jpg was preloaded using link preload but not used within a few seconds from the window's load event. Please make sure it has an appropriate `as` value and it is preloaded intentionally. @ http://localhost:3000/:0
[  260364ms] [WARNING] The resource https://i.ytimg.com/vi/cXFQuxZF61Q/maxresdefault.jpg was preloaded using link preload but not used within a few seconds from the window's load event. Please make sure it has an appropriate `as` value and it is preloaded intentionally. @ http://localhost:3000/:0
[  260364ms] [WARNING] The resource https://i.ytimg.com/vi/haisvt45Kdc/maxresdefault.jpg was preloaded using link preload but not used within a few seconds from the window's load event. Please make sure it has an appropriate `as` value and it is preloaded intentionally. @ http://localhost:3000/:0
[  260364ms] [WARNING] The resource https://i.ytimg.com/vi/VKeF820DlGU/maxresdefault.jpg was preloaded using link preload but not used within a few seconds from the window's load event. Please make sure it has an appropriate `as` value and it is preloaded intentionally. @ http://localhost:3000/:0
[  265392ms] [LOG] [Fast Refresh] rebuilding @ http://localhost:3000/_next/static/chunks/node_modules_next_dist_f3530cac._.js:2297
[  265463ms] [LOG] [Fast Refresh] done in 176ms @ http://localhost:3000/_next/static/chunks/node_modules_next_dist_f3530cac._.js:2297
[  265648ms] [INFO] %cDownload the React DevTools for a better development experience: https://react.dev/link/react-devtools font-weight:bold @ http://localhost:3000/_next/static/chunks/node_modules_next_dist_f3530cac._.js:2297
[  265704ms] [LOG] [HMR] connected @ http://localhost:3000/_next/static/chunks/node_modules_next_dist_f3530cac._.js:2297
[  266294ms] [LOG] [Fast Refresh] rebuilding @ http://localhost:3000/_next/static/chunks/node_modules_next_dist_f3530cac._.js:2297
[  266417ms] [LOG] [Fast Refresh] done in 231ms @ http://localhost:3000/_next/static/chunks/node_modules_next_dist_f3530cac._.js:2297
[  269092ms] [WARNING] The resource https://i.ytimg.com/vi/732dkRJZOLE/maxresdefault.jpg was preloaded using link preload but not used within a few seconds from the window's load event. Please make sure it has an appropriate `as` value and it is preloaded intentionally. @ http://localhost:3000/:0
[  269092ms] [WARNING] The resource https://i.ytimg.com/vi/-KnzDx8UV5M/maxresdefault.jpg was preloaded using link preload but not used within a few seconds from the window's load event. Please make sure it has an appropriate `as` value and it is preloaded intentionally. @ http://localhost:3000/:0
[  269092ms] [WARNING] The resource https://i.ytimg.com/vi/cXFQuxZF61Q/maxresdefault.jpg was preloaded using link preload but not used within a few seconds from the window's load event. Please make sure it has an appropriate `as` value and it is preloaded intentionally. @ http://localhost:3000/:0
[  269092ms] [WARNING] The resource https://i.ytimg.com/vi/haisvt45Kdc/maxresdefault.jpg was preloaded using link preload but not used within a few seconds from the window's load event. Please make sure it has an appropriate `as` value and it is preloaded intentionally. @ http://localhost:3000/:0
[  269092ms] [WARNING] The resource https://i.ytimg.com/vi/VKeF820DlGU/maxresdefault.jpg was preloaded using link preload but not used within a few seconds from the window's load event. Please make sure it has an appropriate `as` value and it is preloaded intentionally. @ http://localhost:3000/:0
[  276276ms] [LOG] [Fast Refresh] rebuilding @ http://localhost:3000/_next/static/chunks/node_modules_next_dist_f3530cac._.js:2297
[  276342ms] [LOG] [Fast Refresh] done in 178ms @ http://localhost:3000/_next/static/chunks/node_modules_next_dist_f3530cac._.js:2297
[  284103ms] [WARNING] The resource https://i.ytimg.com/vi/732dkRJZOLE/maxresdefault.jpg was preloaded using link preload but not used within a few seconds from the window's load event. Please make sure it has an appropriate `as` value and it is preloaded intentionally. @ http://localhost:3000/:0
[  284103ms] [WARNING] The resource https://i.ytimg.com/vi/-KnzDx8UV5M/maxresdefault.jpg was preloaded using link preload but not used within a few seconds from the window's load event. Please make sure it has an appropriate `as` value and it is preloaded intentionally. @ http://localhost:3000/:0
[  284103ms] [WARNING] The resource https://i.ytimg.com/vi/cXFQuxZF61Q/maxresdefault.jpg was preloaded using link preload but not used within a few seconds from the window's load event. Please make sure it has an appropriate `as` value and it is preloaded intentionally. @ http://localhost:3000/:0
[  284103ms] [WARNING] The resource https://i.ytimg.com/vi/haisvt45Kdc/maxresdefault.jpg was preloaded using link preload but not used within a few seconds from the window's load event. Please make sure it has an appropriate `as` value and it is preloaded intentionally. @ http://localhost:3000/:0
[  284103ms] [WARNING] The resource https://i.ytimg.com/vi/VKeF820DlGU/maxresdefault.jpg was preloaded using link preload but not used within a few seconds from the window's load event. Please make sure it has an appropriate `as` value and it is preloaded intentionally. @ http://localhost:3000/:0
[  286741ms] [LOG] [Fast Refresh] rebuilding @ http://localhost:3000/_next/static/chunks/node_modules_next_dist_f3530cac._.js:2297
[  288021ms] [LOG] [Fast Refresh] done in 764ms @ http://localhost:3000/_next/static/chunks/node_modules_next_dist_f3530cac._.js:2297
[  288175ms] [LOG] [Fast Refresh] rebuilding @ http://localhost:3000/_next/static/chunks/node_modules_next_dist_f3530cac._.js:2297
[  288254ms] [LOG] [Fast Refresh] done in 187ms @ http://localhost:3000/_next/static/chunks/node_modules_next_dist_f3530cac._.js:2297
[  291374ms] [WARNING] The resource https://i.ytimg.com/vi/732dkRJZOLE/maxresdefault.jpg was preloaded using link preload but not used within a few seconds from the window's load event. Please make sure it has an appropriate `as` value and it is preloaded intentionally. @ http://localhost:3000/:0
[  291374ms] [WARNING] The resource https://i.ytimg.com/vi/-KnzDx8UV5M/maxresdefault.jpg was preloaded using link preload but not used within a few seconds from the window's load event. Please make sure it has an appropriate `as` value and it is preloaded intentionally. @ http://localhost:3000/:0
[  291374ms] [WARNING] The resource https://i.ytimg.com/vi/cXFQuxZF61Q/maxresdefault.jpg was preloaded using link preload but not used within a few seconds from the window's load event. Please make sure it has an appropriate `as` value and it is preloaded intentionally. @ http://localhost:3000/:0
[  291374ms] [WARNING] The resource https://i.ytimg.com/vi/haisvt45Kdc/maxresdefault.jpg was preloaded using link preload but not used within a few seconds from the window's load event. Please make sure it has an appropriate `as` value and it is preloaded intentionally. @ http://localhost:3000/:0
[  291374ms] [WARNING] The resource https://i.ytimg.com/vi/VKeF820DlGU/maxresdefault.jpg was preloaded using link preload but not used within a few seconds from the window's load event. Please make sure it has an appropriate `as` value and it is preloaded intentionally. @ http://localhost:3000/:0
[  302624ms] [LOG] [Fast Refresh] rebuilding @ http://localhost:3000/_next/static/chunks/node_modules_next_dist_f3530cac._.js:2297
[  302919ms] [LOG] [Fast Refresh] done in 399ms @ http://localhost:3000/_next/static/chunks/node_modules_next_dist_f3530cac._.js:2297
[  348236ms] [LOG] [Fast Refresh] rebuilding @ http://localhost:3000/_next/static/chunks/node_modules_next_dist_f3530cac._.js:2297
[  348547ms] [LOG] [Fast Refresh] done in 373ms @ http://localhost:3000/_next/static/chunks/node_modules_next_dist_f3530cac._.js:2297
[  351550ms] [WARNING] The resource https://i.ytimg.com/vi/732dkRJZOLE/maxresdefault.jpg was preloaded using link preload but not used within a few seconds from the window's load event. Please make sure it has an appropriate `as` value and it is preloaded intentionally. @ http://localhost:3000/:0
[  351550ms] [WARNING] The resource https://i.ytimg.com/vi/-KnzDx8UV5M/maxresdefault.jpg was preloaded using link preload but not used within a few seconds from the window's load event. Please make sure it has an appropriate `as` value and it is preloaded intentionally. @ http://localhost:3000/:0
[  351550ms] [WARNING] The resource https://i.ytimg.com/vi/cXFQuxZF61Q/maxresdefault.jpg was preloaded using link preload but not used within a few seconds from the window's load event. Please make sure it has an appropriate `as` value and it is preloaded intentionally. @ http://localhost:3000/:0
[  351550ms] [WARNING] The resource https://i.ytimg.com/vi/haisvt45Kdc/maxresdefault.jpg was preloaded using link preload but not used within a few seconds from the window's load event. Please make sure it has an appropriate `as` value and it is preloaded intentionally. @ http://localhost:3000/:0
[  351550ms] [WARNING] The resource https://i.ytimg.com/vi/VKeF820DlGU/maxresdefault.jpg was preloaded using link preload but not used within a few seconds from the window's load event. Please make sure it has an appropriate `as` value and it is preloaded intentionally. @ http://localhost:3000/:0
[  357506ms] [LOG] [Fast Refresh] rebuilding @ http://localhost:3000/_next/static/chunks/node_modules_next_dist_f3530cac._.js:2297
[  357544ms] [LOG] [Fast Refresh] done in 149ms @ http://localhost:3000/_next/static/chunks/node_modules_next_dist_f3530cac._.js:2297
[  357693ms] [INFO] %cDownload the React DevTools for a better development experience: https://react.dev/link/react-devtools font-weight:bold @ http://localhost:3000/_next/static/chunks/node_modules_next_dist_f3530cac._.js:2297
[  357749ms] [LOG] [HMR] connected @ http://localhost:3000/_next/static/chunks/node_modules_next_dist_f3530cac._.js:2297
[  358335ms] [LOG] [Fast Refresh] rebuilding @ http://localhost:3000/_next/static/chunks/node_modules_next_dist_f3530cac._.js:2297
[  358509ms] [LOG] [Fast Refresh] done in 280ms @ http://localhost:3000/_next/static/chunks/node_modules_next_dist_f3530cac._.js:2297
[  361182ms] [WARNING] The resource https://i.ytimg.com/vi/732dkRJZOLE/maxresdefault.jpg was preloaded using link preload but not used within a few seconds from the window's load event. Please make sure it has an appropriate `as` value and it is preloaded intentionally. @ http://localhost:3000/:0
[  361182ms] [WARNING] The resource https://i.ytimg.com/vi/-KnzDx8UV5M/maxresdefault.jpg was preloaded using link preload but not used within a few seconds from the window's load event. Please make sure it has an appropriate `as` value and it is preloaded intentionally. @ http://localhost:3000/:0
[  361182ms] [WARNING] The resource https://i.ytimg.com/vi/cXFQuxZF61Q/maxresdefault.jpg was preloaded using link preload but not used within a few seconds from the window's load event. Please make sure it has an appropriate `as` value and it is preloaded intentionally. @ http://localhost:3000/:0
[  361182ms] [WARNING] The resource https://i.ytimg.com/vi/haisvt45Kdc/maxresdefault.jpg was preloaded using link preload but not used within a few seconds from the window's load event. Please make sure it has an appropriate `as` value and it is preloaded intentionally. @ http://localhost:3000/:0
[  361182ms] [WARNING] The resource https://i.ytimg.com/vi/VKeF820DlGU/maxresdefault.jpg was preloaded using link preload but not used within a few seconds from the window's load event. Please make sure it has an appropriate `as` value and it is preloaded intentionally. @ http://localhost:3000/:0
[  371632ms] [LOG] [Fast Refresh] rebuilding @ http://localhost:3000/_next/static/chunks/node_modules_next_dist_f3530cac._.js:2297
[  371695ms] [LOG] [Fast Refresh] done in 169ms @ http://localhost:3000/_next/static/chunks/node_modules_next_dist_f3530cac._.js:2297
[  376171ms] [WARNING] The resource https://i.ytimg.com/vi/732dkRJZOLE/maxresdefault.jpg was preloaded using link preload but not used within a few seconds from the window's load event. Please make sure it has an appropriate `as` value and it is preloaded intentionally. @ http://localhost:3000/:0
[  376172ms] [WARNING] The resource https://i.ytimg.com/vi/-KnzDx8UV5M/maxresdefault.jpg was preloaded using link preload but not used within a few seconds from the window's load event. Please make sure it has an appropriate `as` value and it is preloaded intentionally. @ http://localhost:3000/:0
[  376172ms] [WARNING] The resource https://i.ytimg.com/vi/cXFQuxZF61Q/maxresdefault.jpg was preloaded using link preload but not used within a few seconds from the window's load event. Please make sure it has an appropriate `as` value and it is preloaded intentionally. @ http://localhost:3000/:0
[  376172ms] [WARNING] The resource https://i.ytimg.com/vi/haisvt45Kdc/maxresdefault.jpg was preloaded using link preload but not used within a few seconds from the window's load event. Please make sure it has an appropriate `as` value and it is preloaded intentionally. @ http://localhost:3000/:0
[  376172ms] [WARNING] The resource https://i.ytimg.com/vi/VKeF820DlGU/maxresdefault.jpg was preloaded using link preload but not used within a few seconds from the window's load event. Please make sure it has an appropriate `as` value and it is preloaded intentionally. @ http://localhost:3000/:0
[  419784ms] [LOG] [Fast Refresh] rebuilding @ http://localhost:3000/_next/static/chunks/node_modules_next_dist_f3530cac._.js:2297
[  419814ms] [LOG] [Fast Refresh] done in 134ms @ http://localhost:3000/_next/static/chunks/node_modules_next_dist_f3530cac._.js:2297
[  424315ms] [LOG] [Fast Refresh] rebuilding @ http://localhost:3000/_next/static/chunks/node_modules_next_dist_f3530cac._.js:2297
[  424355ms] [LOG] [Fast Refresh] done in 151ms @ http://localhost:3000/_next/static/chunks/node_modules_next_dist_f3530cac._.js:2297
[  501559ms] [LOG] [Fast Refresh] rebuilding @ http://localhost:3000/_next/static/chunks/node_modules_next_dist_f3530cac._.js:2297
[  503001ms] [LOG] [Fast Refresh] done in 1529ms @ http://localhost:3000/_next/static/chunks/node_modules_next_dist_f3530cac._.js:2297
[  506100ms] [WARNING] The resource https://i.ytimg.com/vi/732dkRJZOLE/maxresdefault.jpg was preloaded using link preload but not used within a few seconds from the window's load event. Please make sure it has an appropriate `as` value and it is preloaded intentionally. @ http://localhost:3000/:0
[  506101ms] [WARNING] The resource https://i.ytimg.com/vi/-KnzDx8UV5M/maxresdefault.jpg was preloaded using link preload but not used within a few seconds from the window's load event. Please make sure it has an appropriate `as` value and it is preloaded intentionally. @ http://localhost:3000/:0
[  506101ms] [WARNING] The resource https://i.ytimg.com/vi/cXFQuxZF61Q/maxresdefault.jpg was preloaded using link preload but not used within a few seconds from the window's load event. Please make sure it has an appropriate `as` value and it is preloaded intentionally. @ http://localhost:3000/:0
[  506101ms] [WARNING] The resource https://i.ytimg.com/vi/haisvt45Kdc/maxresdefault.jpg was preloaded using link preload but not used within a few seconds from the window's load event. Please make sure it has an appropriate `as` value and it is preloaded intentionally. @ http://localhost:3000/:0
[  506101ms] [WARNING] The resource https://i.ytimg.com/vi/VKeF820DlGU/maxresdefault.jpg was preloaded using link preload but not used within a few seconds from the window's load event. Please make sure it has an appropriate `as` value and it is preloaded intentionally. @ http://localhost:3000/:0
[ 1456656ms] [LOG] [HMR] connected @ http://localhost:3000/_next/static/chunks/node_modules_next_dist_f3530cac._.js:2297
[ 1458256ms] [LOG] [Fast Refresh] rebuilding @ http://localhost:3000/_next/static/chunks/node_modules_next_dist_f3530cac._.js:2297
[ 1458419ms] [LOG] [Fast Refresh] done in 265ms @ http://localhost:3000/_next/static/chunks/node_modules_next_dist_f3530cac._.js:2297
[ 1690033ms] [WARNING] The resource https://i.ytimg.com/vi/732dkRJZOLE/maxresdefault.jpg was preloaded using link preload but not used within a few seconds from the window's load event. Please make sure it has an appropriate `as` value and it is preloaded intentionally. @ http://localhost:3000/:0
[ 1690033ms] [WARNING] The resource https://i.ytimg.com/vi/-KnzDx8UV5M/maxresdefault.jpg was preloaded using link preload but not used within a few seconds from the window's load event. Please make sure it has an appropriate `as` value and it is preloaded intentionally. @ http://localhost:3000/:0
[ 1690033ms] [WARNING] The resource https://i.ytimg.com/vi/cXFQuxZF61Q/maxresdefault.jpg was preloaded using link preload but not used within a few seconds from the window's load event. Please make sure it has an appropriate `as` value and it is preloaded intentionally. @ http://localhost:3000/:0
[ 1690033ms] [WARNING] The resource https://i.ytimg.com/vi/haisvt45Kdc/maxresdefault.jpg was preloaded using link preload but not used within a few seconds from the window's load event. Please make sure it has an appropriate `as` value and it is preloaded intentionally. @ http://localhost:3000/:0
[ 1690033ms] [WARNING] The resource https://i.ytimg.com/vi/VKeF820DlGU/maxresdefault.jpg was preloaded using link preload but not used within a few seconds from the window's load event. Please make sure it has an appropriate `as` value and it is preloaded intentionally. @ http://localhost:3000/:0
[ 1709443ms] [ERROR] WebSocket connection to 'ws://localhost:3000/_next/webpack-hmr?id=SDbj07b8pwnQLswcsC8rW' failed: Error in connection establishment: net::ERR_CONNECTION_REFUSED @ http://localhost:3000/_next/static/chunks/node_modules_next_dist_client_17643121._.js:10878
[ 1712808ms] [ERROR] WebSocket connection to 'ws://localhost:3000/_next/webpack-hmr?id=SDbj07b8pwnQLswcsC8rW' failed: Error in connection establishment: net::ERR_CONNECTION_REFUSED @ http://localhost:3000/_next/static/chunks/node_modules_next_dist_client_17643121._.js:10878
[ 1716177ms] [ERROR] WebSocket connection to 'ws://localhost:3000/_next/webpack-hmr?id=SDbj07b8pwnQLswcsC8rW' failed: Error in connection establishment: net::ERR_CONNECTION_REFUSED @ http://localhost:3000/_next/static/chunks/node_modules_next_dist_client_17643121._.js:10878
[ 1719566ms] [ERROR] WebSocket connection to 'ws://localhost:3000/_next/webpack-hmr?id=SDbj07b8pwnQLswcsC8rW' failed: Error in connection establishment: net::ERR_CONNECTION_REFUSED @ http://localhost:3000/_next/static/chunks/node_modules_next_dist_client_17643121._.js:10878
[ 1722912ms] [ERROR] WebSocket connection to 'ws://localhost:3000/_next/webpack-hmr?id=SDbj07b8pwnQLswcsC8rW' failed: Error in connection establishment: net::ERR_CONNECTION_REFUSED @ http://localhost:3000/_next/static/chunks/node_modules_next_dist_client_17643121._.js:10878
[ 1730273ms] [ERROR] WebSocket connection to 'ws://localhost:3000/_next/webpack-hmr?id=SDbj07b8pwnQLswcsC8rW' failed: Error in connection establishment: net::ERR_CONNECTION_REFUSED @ http://localhost:3000/_next/static/chunks/node_modules_next_dist_client_17643121._.js:10878
[ 1737614ms] [ERROR] WebSocket connection to 'ws://localhost:3000/_next/webpack-hmr?id=SDbj07b8pwnQLswcsC8rW' failed: Error in connection establishment: net::ERR_CONNECTION_REFUSED @ http://localhost:3000/_next/static/chunks/node_modules_next_dist_client_17643121._.js:10878
[ 1744999ms] [ERROR] WebSocket connection to 'ws://localhost:3000/_next/webpack-hmr?id=SDbj07b8pwnQLswcsC8rW' failed: Error in connection establishment: net::ERR_CONNECTION_REFUSED @ http://localhost:3000/_next/static/chunks/node_modules_next_dist_client_17643121._.js:10878
[ 1752346ms] [ERROR] WebSocket connection to 'ws://localhost:3000/_next/webpack-hmr?id=SDbj07b8pwnQLswcsC8rW' failed: Error in connection establishment: net::ERR_CONNECTION_REFUSED @ http://localhost:3000/_next/static/chunks/node_modules_next_dist_client_17643121._.js:10878
[ 1759705ms] [ERROR] WebSocket connection to 'ws://localhost:3000/_next/webpack-hmr?id=SDbj07b8pwnQLswcsC8rW' failed: Error in connection establishment: net::ERR_CONNECTION_REFUSED @ http://localhost:3000/_next/static/chunks/node_modules_next_dist_client_17643121._.js:10878
[ 1767052ms] [ERROR] WebSocket connection to 'ws://localhost:3000/_next/webpack-hmr?id=SDbj07b8pwnQLswcsC8rW' failed: Error in connection establishment: net::ERR_CONNECTION_REFUSED @ http://localhost:3000/_next/static/chunks/node_modules_next_dist_client_17643121._.js:10878
[ 1774406ms] [ERROR] WebSocket connection to 'ws://localhost:3000/_next/webpack-hmr?id=SDbj07b8pwnQLswcsC8rW' failed: Error in connection establishment: net::ERR_CONNECTION_REFUSED @ http://localhost:3000/_next/static/chunks/node_modules_next_dist_client_17643121._.js:10878
[45126121ms] [INFO] %cDownload the React DevTools for a better development experience: https://react.dev/link/react-devtools font-weight:bold @ http://localhost:3000/_next/static/chunks/node_modules_next_dist_f3530cac._.js:2297
[45126306ms] [LOG] [HMR] connected @ http://localhost:3000/_next/static/chunks/node_modules_next_dist_f3530cac._.js:2297
[45126496ms] [LOG] [Fast Refresh] rebuilding @ http://localhost:3000/_next/static/chunks/node_modules_next_dist_f3530cac._.js:2297
[45126498ms] [LOG] [Fast Refresh] done in 111ms @ http://localhost:3000/_next/static/chunks/node_modules_next_dist_f3530cac._.js:2297
[45130005ms] [WARNING] The resource https://i.ytimg.com/vi/732dkRJZOLE/maxresdefault.jpg was preloaded using link preload but not used within a few seconds from the window's load event. Please make sure it has an appropriate `as` value and it is preloaded intentionally. @ http://localhost:3000/:0
[45130005ms] [WARNING] The resource https://i.ytimg.com/vi/-KnzDx8UV5M/maxresdefault.jpg was preloaded using link preload but not used within a few seconds from the window's load event. Please make sure it has an appropriate `as` value and it is preloaded intentionally. @ http://localhost:3000/:0
[45130005ms] [WARNING] The resource https://i.ytimg.com/vi/cXFQuxZF61Q/maxresdefault.jpg was preloaded using link preload but not used within a few seconds from the window's load event. Please make sure it has an appropriate `as` value and it is preloaded intentionally. @ http://localhost:3000/:0
[45130005ms] [WARNING] The resource https://i.ytimg.com/vi/haisvt45Kdc/maxresdefault.jpg was preloaded using link preload but not used within a few seconds from the window's load event. Please make sure it has an appropriate `as` value and it is preloaded intentionally. @ http://localhost:3000/:0
[45130005ms] [WARNING] The resource https://i.ytimg.com/vi/VKeF820DlGU/maxresdefault.jpg was preloaded using link preload but not used within a few seconds from the window's load event. Please make sure it has an appropriate `as` value and it is preloaded intentionally. @ http://localhost:3000/:0
[45150741ms] [WARNING] The resource https://i.ytimg.com/vi/732dkRJZOLE/maxresdefault.jpg was preloaded using link preload but not used within a few seconds from the window's load event. Please make sure it has an appropriate `as` value and it is preloaded intentionally. @ http://localhost:3000/:0
[45150741ms] [WARNING] The resource https://i.ytimg.com/vi/-KnzDx8UV5M/maxresdefault.jpg was preloaded using link preload but not used within a few seconds from the window's load event. Please make sure it has an appropriate `as` value and it is preloaded intentionally. @ http://localhost:3000/:0
[45150741ms] [WARNING] The resource https://i.ytimg.com/vi/cXFQuxZF61Q/maxresdefault.jpg was preloaded using link preload but not used within a few seconds from the window's load event. Please make sure it has an appropriate `as` value and it is preloaded intentionally. @ http://localhost:3000/:0
[45150741ms] [WARNING] The resource https://i.ytimg.com/vi/haisvt45Kdc/maxresdefault.jpg was preloaded using link preload but not used within a few seconds from the window's load event. Please make sure it has an appropriate `as` value and it is preloaded intentionally. @ http://localhost:3000/:0
[45150741ms] [WARNING] The resource https://i.ytimg.com/vi/VKeF820DlGU/maxresdefault.jpg was preloaded using link preload but not used within a few seconds from the window's load event. Please make sure it has an appropriate `as` value and it is preloaded intentionally. @ http://localhost:3000/:0
[45182594ms] [WARNING] The resource https://i.ytimg.com/vi/732dkRJZOLE/maxresdefault.jpg was preloaded using link preload but not used within a few seconds from the window's load event. Please make sure it has an appropriate `as` value and it is preloaded intentionally. @ http://localhost:3000/:0
[45182594ms] [WARNING] The resource https://i.ytimg.com/vi/-KnzDx8UV5M/maxresdefault.jpg was preloaded using link preload but not used within a few seconds from the window's load event. Please make sure it has an appropriate `as` value and it is preloaded intentionally. @ http://localhost:3000/:0
[45182594ms] [WARNING] The resource https://i.ytimg.com/vi/cXFQuxZF61Q/maxresdefault.jpg was preloaded using link preload but not used within a few seconds from the window's load event. Please make sure it has an appropriate `as` value and it is preloaded intentionally. @ http://localhost:3000/:0
[45182594ms] [WARNING] The resource https://i.ytimg.com/vi/haisvt45Kdc/maxresdefault.jpg was preloaded using link preload but not used within a few seconds from the window's load event. Please make sure it has an appropriate `as` value and it is preloaded intentionally. @ http://localhost:3000/:0
[45182594ms] [WARNING] The resource https://i.ytimg.com/vi/VKeF820DlGU/maxresdefault.jpg was preloaded using link preload but not used within a few seconds from the window's load event. Please make sure it has an appropriate `as` value and it is preloaded intentionally. @ http://localhost:3000/:0
[45200965ms] [WARNING] The resource https://i.ytimg.com/vi/732dkRJZOLE/maxresdefault.jpg was preloaded using link preload but not used within a few seconds from the window's load event. Please make sure it has an appropriate `as` value and it is preloaded intentionally. @ http://localhost:3000/:0
[45200965ms] [WARNING] The resource https://i.ytimg.com/vi/-KnzDx8UV5M/maxresdefault.jpg was preloaded using link preload but not used within a few seconds from the window's load event. Please make sure it has an appropriate `as` value and it is preloaded intentionally. @ http://localhost:3000/:0
[45200965ms] [WARNING] The resource https://i.ytimg.com/vi/cXFQuxZF61Q/maxresdefault.jpg was preloaded using link preload but not used within a few seconds from the window's load event. Please make sure it has an appropriate `as` value and it is preloaded intentionally. @ http://localhost:3000/:0
[45200965ms] [WARNING] The resource https://i.ytimg.com/vi/haisvt45Kdc/maxresdefault.jpg was preloaded using link preload but not used within a few seconds from the window's load event. Please make sure it has an appropriate `as` value and it is preloaded intentionally. @ http://localhost:3000/:0
[45200965ms] [WARNING] The resource https://i.ytimg.com/vi/VKeF820DlGU/maxresdefault.jpg was preloaded using link preload but not used within a few seconds from the window's load event. Please make sure it has an appropriate `as` value and it is preloaded intentionally. @ http://localhost:3000/:0
[45214896ms] [WARNING] The resource https://i.ytimg.com/vi/732dkRJZOLE/maxresdefault.jpg was preloaded using link preload but not used within a few seconds from the window's load event. Please make sure it has an appropriate `as` value and it is preloaded intentionally. @ http://localhost:3000/:0
[45214896ms] [WARNING] The resource https://i.ytimg.com/vi/-KnzDx8UV5M/maxresdefault.jpg was preloaded using link preload but not used within a few seconds from the window's load event. Please make sure it has an appropriate `as` value and it is preloaded intentionally. @ http://localhost:3000/:0
[45214896ms] [WARNING] The resource https://i.ytimg.com/vi/cXFQuxZF61Q/maxresdefault.jpg was preloaded using link preload but not used within a few seconds from the window's load event. Please make sure it has an appropriate `as` value and it is preloaded intentionally. @ http://localhost:3000/:0
[45214896ms] [WARNING] The resource https://i.ytimg.com/vi/haisvt45Kdc/maxresdefault.jpg was preloaded using link preload but not used within a few seconds from the window's load event. Please make sure it has an appropriate `as` value and it is preloaded intentionally. @ http://localhost:3000/:0
[45214896ms] [WARNING] The resource https://i.ytimg.com/vi/VKeF820DlGU/maxresdefault.jpg was preloaded using link preload but not used within a few seconds from the window's load event. Please make sure it has an appropriate `as` value and it is preloaded intentionally. @ http://localhost:3000/:0
[45236329ms] [WARNING] The resource https://i.ytimg.com/vi/732dkRJZOLE/maxresdefault.jpg was preloaded using link preload but not used within a few seconds from the window's load event. Please make sure it has an appropriate `as` value and it is preloaded intentionally. @ http://localhost:3000/:0
[45236330ms] [WARNING] The resource https://i.ytimg.com/vi/-KnzDx8UV5M/maxresdefault.jpg was preloaded using link preload but not used within a few seconds from the window's load event. Please make sure it has an appropriate `as` value and it is preloaded intentionally. @ http://localhost:3000/:0
[45236330ms] [WARNING] The resource https://i.ytimg.com/vi/cXFQuxZF61Q/maxresdefault.jpg was preloaded using link preload but not used within a few seconds from the window's load event. Please make sure it has an appropriate `as` value and it is preloaded intentionally. @ http://localhost:3000/:0
[45236330ms] [WARNING] The resource https://i.ytimg.com/vi/haisvt45Kdc/maxresdefault.jpg was preloaded using link preload but not used within a few seconds from the window's load event. Please make sure it has an appropriate `as` value and it is preloaded intentionally. @ http://localhost:3000/:0
[45236330ms] [WARNING] The resource https://i.ytimg.com/vi/VKeF820DlGU/maxresdefault.jpg was preloaded using link preload but not used within a few seconds from the window's load event. Please make sure it has an appropriate `as` value and it is preloaded intentionally. @ http://localhost:3000/:0
[45248276ms] [WARNING] The resource https://i.ytimg.com/vi/732dkRJZOLE/maxresdefault.jpg was preloaded using link preload but not used within a few seconds from the window's load event. Please make sure it has an appropriate `as` value and it is preloaded intentionally. @ http://localhost:3000/:0
[45248276ms] [WARNING] The resource https://i.ytimg.com/vi/-KnzDx8UV5M/maxresdefault.jpg was preloaded using link preload but not used within a few seconds from the window's load event. Please make sure it has an appropriate `as` value and it is preloaded intentionally. @ http://localhost:3000/:0
[45248276ms] [WARNING] The resource https://i.ytimg.com/vi/cXFQuxZF61Q/maxresdefault.jpg was preloaded using link preload but not used within a few seconds from the window's load event. Please make sure it has an appropriate `as` value and it is preloaded intentionally. @ http://localhost:3000/:0
[45248276ms] [WARNING] The resource https://i.ytimg.com/vi/haisvt45Kdc/maxresdefault.jpg was preloaded using link preload but not used within a few seconds from the window's load event. Please make sure it has an appropriate `as` value and it is preloaded intentionally. @ http://localhost:3000/:0
[45248276ms] [WARNING] The resource https://i.ytimg.com/vi/VKeF820DlGU/maxresdefault.jpg was preloaded using link preload but not used within a few seconds from the window's load event. Please make sure it has an appropriate `as` value and it is preloaded intentionally. @ http://localhost:3000/:0
[45271763ms] [WARNING] The resource https://i.ytimg.com/vi/732dkRJZOLE/maxresdefault.jpg was preloaded using link preload but not used within a few seconds from the window's load event. Please make sure it has an appropriate `as` value and it is preloaded intentionally. @ http://localhost:3000/:0
[45271763ms] [WARNING] The resource https://i.ytimg.com/vi/-KnzDx8UV5M/maxresdefault.jpg was preloaded using link preload but not used within a few seconds from the window's load event. Please make sure it has an appropriate `as` value and it is preloaded intentionally. @ http://localhost:3000/:0
[45271763ms] [WARNING] The resource https://i.ytimg.com/vi/cXFQuxZF61Q/maxresdefault.jpg was preloaded using link preload but not used within a few seconds from the window's load event. Please make sure it has an appropriate `as` value and it is preloaded intentionally. @ http://localhost:3000/:0
[45271763ms] [WARNING] The resource https://i.ytimg.com/vi/haisvt45Kdc/maxresdefault.jpg was preloaded using link preload but not used within a few seconds from the window's load event. Please make sure it has an appropriate `as` value and it is preloaded intentionally. @ http://localhost:3000/:0
[45271763ms] [WARNING] The resource https://i.ytimg.com/vi/VKeF820DlGU/maxresdefault.jpg was preloaded using link preload but not used within a few seconds from the window's load event. Please make sure it has an appropriate `as` value and it is preloaded intentionally. @ http://localhost:3000/:0
[45283704ms] [WARNING] The resource https://i.ytimg.com/vi/732dkRJZOLE/maxresdefault.jpg was preloaded using link preload but not used within a few seconds from the window's load event. Please make sure it has an appropriate `as` value and it is preloaded intentionally. @ http://localhost:3000/:0
[45283704ms] [WARNING] The resource https://i.ytimg.com/vi/-KnzDx8UV5M/maxresdefault.jpg was preloaded using link preload but not used within a few seconds from the window's load event. Please make sure it has an appropriate `as` value and it is preloaded intentionally. @ http://localhost:3000/:0
[45283704ms] [WARNING] The resource https://i.ytimg.com/vi/cXFQuxZF61Q/maxresdefault.jpg was preloaded using link preload but not used within a few seconds from the window's load event. Please make sure it has an appropriate `as` value and it is preloaded intentionally. @ http://localhost:3000/:0
[45283704ms] [WARNING] The resource https://i.ytimg.com/vi/haisvt45Kdc/maxresdefault.jpg was preloaded using link preload but not used within a few seconds from the window's load event. Please make sure it has an appropriate `as` value and it is preloaded intentionally. @ http://localhost:3000/:0
[45283704ms] [WARNING] The resource https://i.ytimg.com/vi/VKeF820DlGU/maxresdefault.jpg was preloaded using link preload but not used within a few seconds from the window's load event. Please make sure it has an appropriate `as` value and it is preloaded intentionally. @ http://localhost:3000/:0
[45307198ms] [WARNING] The resource https://i.ytimg.com/vi/732dkRJZOLE/maxresdefault.jpg was preloaded using link preload but not used within a few seconds from the window's load event. Please make sure it has an appropriate `as` value and it is preloaded intentionally. @ http://localhost:3000/:0
[45307198ms] [WARNING] The resource https://i.ytimg.com/vi/-KnzDx8UV5M/maxresdefault.jpg was preloaded using link preload but not used within a few seconds from the window's load event. Please make sure it has an appropriate `as` value and it is preloaded intentionally. @ http://localhost:3000/:0
[45307198ms] [WARNING] The resource https://i.ytimg.com/vi/cXFQuxZF61Q/maxresdefault.jpg was preloaded using link preload but not used within a few seconds from the window's load event. Please make sure it has an appropriate `as` value and it is preloaded intentionally. @ http://localhost:3000/:0
[45307198ms] [WARNING] The resource https://i.ytimg.com/vi/haisvt45Kdc/maxresdefault.jpg was preloaded using link preload but not used within a few seconds from the window's load event. Please make sure it has an appropriate `as` value and it is preloaded intentionally. @ http://localhost:3000/:0
[45307198ms] [WARNING] The resource https://i.ytimg.com/vi/VKeF820DlGU/maxresdefault.jpg was preloaded using link preload but not used within a few seconds from the window's load event. Please make sure it has an appropriate `as` value and it is preloaded intentionally. @ http://localhost:3000/:0
[45319135ms] [WARNING] The resource https://i.ytimg.com/vi/732dkRJZOLE/maxresdefault.jpg was preloaded using link preload but not used within a few seconds from the window's load event. Please make sure it has an appropriate `as` value and it is preloaded intentionally. @ http://localhost:3000/:0
[45319135ms] [WARNING] The resource https://i.ytimg.com/vi/-KnzDx8UV5M/maxresdefault.jpg was preloaded using link preload but not used within a few seconds from the window's load event. Please make sure it has an appropriate `as` value and it is preloaded intentionally. @ http://localhost:3000/:0
[45319135ms] [WARNING] The resource https://i.ytimg.com/vi/cXFQuxZF61Q/maxresdefault.jpg was preloaded using link preload but not used within a few seconds from the window's load event. Please make sure it has an appropriate `as` value and it is preloaded intentionally. @ http://localhost:3000/:0
[45319135ms] [WARNING] The resource https://i.ytimg.com/vi/haisvt45Kdc/maxresdefault.jpg was preloaded using link preload but not used within a few seconds from the window's load event. Please make sure it has an appropriate `as` value and it is preloaded intentionally. @ http://localhost:3000/:0
[45319135ms] [WARNING] The resource https://i.ytimg.com/vi/VKeF820DlGU/maxresdefault.jpg was preloaded using link preload but not used within a few seconds from the window's load event. Please make sure it has an appropriate `as` value and it is preloaded intentionally. @ http://localhost:3000/:0
[45342637ms] [WARNING] The resource https://i.ytimg.com/vi/732dkRJZOLE/maxresdefault.jpg was preloaded using link preload but not used within a few seconds from the window's load event. Please make sure it has an appropriate `as` value and it is preloaded intentionally. @ http://localhost:3000/:0
[45342637ms] [WARNING] The resource https://i.ytimg.com/vi/-KnzDx8UV5M/maxresdefault.jpg was preloaded using link preload but not used within a few seconds from the window's load event. Please make sure it has an appropriate `as` value and it is preloaded intentionally. @ http://localhost:3000/:0
[45342637ms] [WARNING] The resource https://i.ytimg.com/vi/cXFQuxZF61Q/maxresdefault.jpg was preloaded using link preload but not used within a few seconds from the window's load event. Please make sure it has an appropriate `as` value and it is preloaded intentionally. @ http://localhost:3000/:0
[45342637ms] [WARNING] The resource https://i.ytimg.com/vi/haisvt45Kdc/maxresdefault.jpg was preloaded using link preload but not used within a few seconds from the window's load event. Please make sure it has an appropriate `as` value and it is preloaded intentionally. @ http://localhost:3000/:0
[45342637ms] [WARNING] The resource https://i.ytimg.com/vi/VKeF820DlGU/maxresdefault.jpg was preloaded using link preload but not used within a few seconds from the window's load event. Please make sure it has an appropriate `as` value and it is preloaded intentionally. @ http://localhost:3000/:0
[45354575ms] [WARNING] The resource https://i.ytimg.com/vi/732dkRJZOLE/maxresdefault.jpg was preloaded using link preload but not used within a few seconds from the window's load event. Please make sure it has an appropriate `as` value and it is preloaded intentionally. @ http://localhost:3000/:0
[45354576ms] [WARNING] The resource https://i.ytimg.com/vi/-KnzDx8UV5M/maxresdefault.jpg was preloaded using link preload but not used within a few seconds from the window's load event. Please make sure it has an appropriate `as` value and it is preloaded intentionally. @ http://localhost:3000/:0
[45354576ms] [WARNING] The resource https://i.ytimg.com/vi/cXFQuxZF61Q/maxresdefault.jpg was preloaded using link preload but not used within a few seconds from the window's load event. Please make sure it has an appropriate `as` value and it is preloaded intentionally. @ http://localhost:3000/:0
[45354576ms] [WARNING] The resource https://i.ytimg.com/vi/haisvt45Kdc/maxresdefault.jpg was preloaded using link preload but not used within a few seconds from the window's load event. Please make sure it has an appropriate `as` value and it is preloaded intentionally. @ http://localhost:3000/:0
[45354576ms] [WARNING] The resource https://i.ytimg.com/vi/VKeF820DlGU/maxresdefault.jpg was preloaded using link preload but not used within a few seconds from the window's load event. Please make sure it has an appropriate `as` value and it is preloaded intentionally. @ http://localhost:3000/:0
[45378063ms] [WARNING] The resource https://i.ytimg.com/vi/732dkRJZOLE/maxresdefault.jpg was preloaded using link preload but not used within a few seconds from the window's load event. Please make sure it has an appropriate `as` value and it is preloaded intentionally. @ http://localhost:3000/:0
[45378063ms] [WARNING] The resource https://i.ytimg.com/vi/-KnzDx8UV5M/maxresdefault.jpg was preloaded using link preload but not used within a few seconds from the window's load event. Please make sure it has an appropriate `as` value and it is preloaded intentionally. @ http://localhost:3000/:0
[45378063ms] [WARNING] The resource https://i.ytimg.com/vi/cXFQuxZF61Q/maxresdefault.jpg was preloaded using link preload but not used within a few seconds from the window's load event. Please make sure it has an appropriate `as` value and it is preloaded intentionally. @ http://localhost:3000/:0
[45378063ms] [WARNING] The resource https://i.ytimg.com/vi/haisvt45Kdc/maxresdefault.jpg was preloaded using link preload but not used within a few seconds from the window's load event. Please make sure it has an appropriate `as` value and it is preloaded intentionally. @ http://localhost:3000/:0
[45378063ms] [WARNING] The resource https://i.ytimg.com/vi/VKeF820DlGU/maxresdefault.jpg was preloaded using link preload but not used within a few seconds from the window's load event. Please make sure it has an appropriate `as` value and it is preloaded intentionally. @ http://localhost:3000/:0
[45390001ms] [WARNING] The resource https://i.ytimg.com/vi/732dkRJZOLE/maxresdefault.jpg was preloaded using link preload but not used within a few seconds from the window's load event. Please make sure it has an appropriate `as` value and it is preloaded intentionally. @ http://localhost:3000/:0
[45390001ms] [WARNING] The resource https://i.ytimg.com/vi/-KnzDx8UV5M/maxresdefault.jpg was preloaded using link preload but not used within a few seconds from the window's load event. Please make sure it has an appropriate `as` value and it is preloaded intentionally. @ http://localhost:3000/:0
[45390001ms] [WARNING] The resource https://i.ytimg.com/vi/cXFQuxZF61Q/maxresdefault.jpg was preloaded using link preload but not used within a few seconds from the window's load event. Please make sure it has an appropriate `as` value and it is preloaded intentionally. @ http://localhost:3000/:0
[45390001ms] [WARNING] The resource https://i.ytimg.com/vi/haisvt45Kdc/maxresdefault.jpg was preloaded using link preload but not used within a few seconds from the window's load event. Please make sure it has an appropriate `as` value and it is preloaded intentionally. @ http://localhost:3000/:0
[45390001ms] [WARNING] The resource https://i.ytimg.com/vi/VKeF820DlGU/maxresdefault.jpg was preloaded using link preload but not used within a few seconds from the window's load event. Please make sure it has an appropriate `as` value and it is preloaded intentionally. @ http://localhost:3000/:0
[45413497ms] [WARNING] The resource https://i.ytimg.com/vi/732dkRJZOLE/maxresdefault.jpg was preloaded using link preload but not used within a few seconds from the window's load event. Please make sure it has an appropriate `as` value and it is preloaded intentionally. @ http://localhost:3000/:0
[45413497ms] [WARNING] The resource https://i.ytimg.com/vi/-KnzDx8UV5M/maxresdefault.jpg was preloaded using link preload but not used within a few seconds from the window's load event. Please make sure it has an appropriate `as` value and it is preloaded intentionally. @ http://localhost:3000/:0
[45413497ms] [WARNING] The resource https://i.ytimg.com/vi/cXFQuxZF61Q/maxresdefault.jpg was preloaded using link preload but not used within a few seconds from the window's load event. Please make sure it has an appropriate `as` value and it is preloaded intentionally. @ http://localhost:3000/:0
[45413497ms] [WARNING] The resource https://i.ytimg.com/vi/haisvt45Kdc/maxresdefault.jpg was preloaded using link preload but not used within a few seconds from the window's load event. Please make sure it has an appropriate `as` value and it is preloaded intentionally. @ http://localhost:3000/:0
[45413497ms] [WARNING] The resource https://i.ytimg.com/vi/VKeF820DlGU/maxresdefault.jpg was preloaded using link preload but not used within a few seconds from the window's load event. Please make sure it has an appropriate `as` value and it is preloaded intentionally. @ http://localhost:3000/:0
[45425439ms] [WARNING] The resource https://i.ytimg.com/vi/732dkRJZOLE/maxresdefault.jpg was preloaded using link preload but not used within a few seconds from the window's load event. Please make sure it has an appropriate `as` value and it is preloaded intentionally. @ http://localhost:3000/:0
[45425439ms] [WARNING] The resource https://i.ytimg.com/vi/-KnzDx8UV5M/maxresdefault.jpg was preloaded using link preload but not used within a few seconds from the window's load event. Please make sure it has an appropriate `as` value and it is preloaded intentionally. @ http://localhost:3000/:0
[45425439ms] [WARNING] The resource https://i.ytimg.com/vi/cXFQuxZF61Q/maxresdefault.jpg was preloaded using link preload but not used within a few seconds from the window's load event. Please make sure it has an appropriate `as` value and it is preloaded intentionally. @ http://localhost:3000/:0
[45425439ms] [WARNING] The resource https://i.ytimg.com/vi/haisvt45Kdc/maxresdefault.jpg was preloaded using link preload but not used within a few seconds from the window's load event. Please make sure it has an appropriate `as` value and it is preloaded intentionally. @ http://localhost:3000/:0
[45425439ms] [WARNING] The resource https://i.ytimg.com/vi/VKeF820DlGU/maxresdefault.jpg was preloaded using link preload but not used within a few seconds from the window's load event. Please make sure it has an appropriate `as` value and it is preloaded intentionally. @ http://localhost:3000/:0
[45448932ms] [WARNING] The resource https://i.ytimg.com/vi/732dkRJZOLE/maxresdefault.jpg was preloaded using link preload but not used within a few seconds from the window's load event. Please make sure it has an appropriate `as` value and it is preloaded intentionally. @ http://localhost:3000/:0
[45448932ms] [WARNING] The resource https://i.ytimg.com/vi/-KnzDx8UV5M/maxresdefault.jpg was preloaded using link preload but not used within a few seconds from the window's load event. Please make sure it has an appropriate `as` value and it is preloaded intentionally. @ http://localhost:3000/:0
[45448932ms] [WARNING] The resource https://i.ytimg.com/vi/cXFQuxZF61Q/maxresdefault.jpg was preloaded using link preload but not used within a few seconds from the window's load event. Please make sure it has an appropriate `as` value and it is preloaded intentionally. @ http://localhost:3000/:0
[45448932ms] [WARNING] The resource https://i.ytimg.com/vi/haisvt45Kdc/maxresdefault.jpg was preloaded using link preload but not used within a few seconds from the window's load event. Please make sure it has an appropriate `as` value and it is preloaded intentionally. @ http://localhost:3000/:0
[45448932ms] [WARNING] The resource https://i.ytimg.com/vi/VKeF820DlGU/maxresdefault.jpg was preloaded using link preload but not used within a few seconds from the window's load event. Please make sure it has an appropriate `as` value and it is preloaded intentionally. @ http://localhost:3000/:0
[45460875ms] [WARNING] The resource https://i.ytimg.com/vi/732dkRJZOLE/maxresdefault.jpg was preloaded using link preload but not used within a few seconds from the window's load event. Please make sure it has an appropriate `as` value and it is preloaded intentionally. @ http://localhost:3000/:0
[45460875ms] [WARNING] The resource https://i.ytimg.com/vi/-KnzDx8UV5M/maxresdefault.jpg was preloaded using link preload but not used within a few seconds from the window's load event. Please make sure it has an appropriate `as` value and it is preloaded intentionally. @ http://localhost:3000/:0
[45460875ms] [WARNING] The resource https://i.ytimg.com/vi/cXFQuxZF61Q/maxresdefault.jpg was preloaded using link preload but not used within a few seconds from the window's load event. Please make sure it has an appropriate `as` value and it is preloaded intentionally. @ http://localhost:3000/:0
[45460875ms] [WARNING] The resource https://i.ytimg.com/vi/haisvt45Kdc/maxresdefault.jpg was preloaded using link preload but not used within a few seconds from the window's load event. Please make sure it has an appropriate `as` value and it is preloaded intentionally. @ http://localhost:3000/:0
[45460875ms] [WARNING] The resource https://i.ytimg.com/vi/VKeF820DlGU/maxresdefault.jpg was preloaded using link preload but not used within a few seconds from the window's load event. Please make sure it has an appropriate `as` value and it is preloaded intentionally. @ http://localhost:3000/:0
[45484368ms] [WARNING] The resource https://i.ytimg.com/vi/732dkRJZOLE/maxresdefault.jpg was preloaded using link preload but not used within a few seconds from the window's load event. Please make sure it has an appropriate `as` value and it is preloaded intentionally. @ http://localhost:3000/:0
[45484368ms] [WARNING] The resource https://i.ytimg.com/vi/-KnzDx8UV5M/maxresdefault.jpg was preloaded using link preload but not used within a few seconds from the window's load event. Please make sure it has an appropriate `as` value and it is preloaded intentionally. @ http://localhost:3000/:0
[45484368ms] [WARNING] The resource https://i.ytimg.com/vi/cXFQuxZF61Q/maxresdefault.jpg was preloaded using link preload but not used within a few seconds from the window's load event. Please make sure it has an appropriate `as` value and it is preloaded intentionally. @ http://localhost:3000/:0
[45484368ms] [WARNING] The resource https://i.ytimg.com/vi/haisvt45Kdc/maxresdefault.jpg was preloaded using link preload but not used within a few seconds from the window's load event. Please make sure it has an appropriate `as` value and it is preloaded intentionally. @ http://localhost:3000/:0
[45484368ms] [WARNING] The resource https://i.ytimg.com/vi/VKeF820DlGU/maxresdefault.jpg was preloaded using link preload but not used within a few seconds from the window's load event. Please make sure it has an appropriate `as` value and it is preloaded intentionally. @ http://localhost:3000/:0
[45496307ms] [WARNING] The resource https://i.ytimg.com/vi/732dkRJZOLE/maxresdefault.jpg was preloaded using link preload but not used within a few seconds from the window's load event. Please make sure it has an appropriate `as` value and it is preloaded intentionally. @ http://localhost:3000/:0
[45496307ms] [WARNING] The resource https://i.ytimg.com/vi/-KnzDx8UV5M/maxresdefault.jpg was preloaded using link preload but not used within a few seconds from the window's load event. Please make sure it has an appropriate `as` value and it is preloaded intentionally. @ http://localhost:3000/:0
[45496307ms] [WARNING] The resource https://i.ytimg.com/vi/cXFQuxZF61Q/maxresdefault.jpg was preloaded using link preload but not used within a few seconds from the window's load event. Please make sure it has an appropriate `as` value and it is preloaded intentionally. @ http://localhost:3000/:0
[45496307ms] [WARNING] The resource https://i.ytimg.com/vi/haisvt45Kdc/maxresdefault.jpg was preloaded using link preload but not used within a few seconds from the window's load event. Please make sure it has an appropriate `as` value and it is preloaded intentionally. @ http://localhost:3000/:0
[45496308ms] [WARNING] The resource https://i.ytimg.com/vi/VKeF820DlGU/maxresdefault.jpg was preloaded using link preload but not used within a few seconds from the window's load event. Please make sure it has an appropriate `as` value and it is preloaded intentionally. @ http://localhost:3000/:0
[45519797ms] [WARNING] The resource https://i.ytimg.com/vi/732dkRJZOLE/maxresdefault.jpg was preloaded using link preload but not used within a few seconds from the window's load event. Please make sure it has an appropriate `as` value and it is preloaded intentionally. @ http://localhost:3000/:0
[45519797ms] [WARNING] The resource https://i.ytimg.com/vi/-KnzDx8UV5M/maxresdefault.jpg was preloaded using link preload but not used within a few seconds from the window's load event. Please make sure it has an appropriate `as` value and it is preloaded intentionally. @ http://localhost:3000/:0
[45519797ms] [WARNING] The resource https://i.ytimg.com/vi/cXFQuxZF61Q/maxresdefault.jpg was preloaded using link preload but not used within a few seconds from the window's load event. Please make sure it has an appropriate `as` value and it is preloaded intentionally. @ http://localhost:3000/:0
[45519797ms] [WARNING] The resource https://i.ytimg.com/vi/haisvt45Kdc/maxresdefault.jpg was preloaded using link preload but not used within a few seconds from the window's load event. Please make sure it has an appropriate `as` value and it is preloaded intentionally. @ http://localhost:3000/:0
[45519797ms] [WARNING] The resource https://i.ytimg.com/vi/VKeF820DlGU/maxresdefault.jpg was preloaded using link preload but not used within a few seconds from the window's load event. Please make sure it has an appropriate `as` value and it is preloaded intentionally. @ http://localhost:3000/:0
[45531741ms] [WARNING] The resource https://i.ytimg.com/vi/732dkRJZOLE/maxresdefault.jpg was preloaded using link preload but not used within a few seconds from the window's load event. Please make sure it has an appropriate `as` value and it is preloaded intentionally. @ http://localhost:3000/:0
[45531741ms] [WARNING] The resource https://i.ytimg.com/vi/-KnzDx8UV5M/maxresdefault.jpg was preloaded using link preload but not used within a few seconds from the window's load event. Please make sure it has an appropriate `as` value and it is preloaded intentionally. @ http://localhost:3000/:0
[45531741ms] [WARNING] The resource https://i.ytimg.com/vi/cXFQuxZF61Q/maxresdefault.jpg was preloaded using link preload but not used within a few seconds from the window's load event. Please make sure it has an appropriate `as` value and it is preloaded intentionally. @ http://localhost:3000/:0
[45531741ms] [WARNING] The resource https://i.ytimg.com/vi/haisvt45Kdc/maxresdefault.jpg was preloaded using link preload but not used within a few seconds from the window's load event. Please make sure it has an appropriate `as` value and it is preloaded intentionally. @ http://localhost:3000/:0
[45531741ms] [WARNING] The resource https://i.ytimg.com/vi/VKeF820DlGU/maxresdefault.jpg was preloaded using link preload but not used within a few seconds from the window's load event. Please make sure it has an appropriate `as` value and it is preloaded intentionally. @ http://localhost:3000/:0
[45555238ms] [WARNING] The resource https://i.ytimg.com/vi/732dkRJZOLE/maxresdefault.jpg was preloaded using link preload but not used within a few seconds from the window's load event. Please make sure it has an appropriate `as` value and it is preloaded intentionally. @ http://localhost:3000/:0
[45555238ms] [WARNING] The resource https://i.ytimg.com/vi/-KnzDx8UV5M/maxresdefault.jpg was preloaded using link preload but not used within a few seconds from the window's load event. Please make sure it has an appropriate `as` value and it is preloaded intentionally. @ http://localhost:3000/:0
[45555238ms] [WARNING] The resource https://i.ytimg.com/vi/cXFQuxZF61Q/maxresdefault.jpg was preloaded using link preload but not used within a few seconds from the window's load event. Please make sure it has an appropriate `as` value and it is preloaded intentionally. @ http://localhost:3000/:0
[45555238ms] [WARNING] The resource https://i.ytimg.com/vi/haisvt45Kdc/maxresdefault.jpg was preloaded using link preload but not used within a few seconds from the window's load event. Please make sure it has an appropriate `as` value and it is preloaded intentionally. @ http://localhost:3000/:0
[45555238ms] [WARNING] The resource https://i.ytimg.com/vi/VKeF820DlGU/maxresdefault.jpg was preloaded using link preload but not used within a few seconds from the window's load event. Please make sure it has an appropriate `as` value and it is preloaded intentionally. @ http://localhost:3000/:0
[45567180ms] [WARNING] The resource https://i.ytimg.com/vi/732dkRJZOLE/maxresdefault.jpg was preloaded using link preload but not used within a few seconds from the window's load event. Please make sure it has an appropriate `as` value and it is preloaded intentionally. @ http://localhost:3000/:0
[45567180ms] [WARNING] The resource https://i.ytimg.com/vi/-KnzDx8UV5M/maxresdefault.jpg was preloaded using link preload but not used within a few seconds from the window's load event. Please make sure it has an appropriate `as` value and it is preloaded intentionally. @ http://localhost:3000/:0
[45567180ms] [WARNING] The resource https://i.ytimg.com/vi/cXFQuxZF61Q/maxresdefault.jpg was preloaded using link preload but not used within a few seconds from the window's load event. Please make sure it has an appropriate `as` value and it is preloaded intentionally. @ http://localhost:3000/:0
[45567180ms] [WARNING] The resource https://i.ytimg.com/vi/haisvt45Kdc/maxresdefault.jpg was preloaded using link preload but not used within a few seconds from the window's load event. Please make sure it has an appropriate `as` value and it is preloaded intentionally. @ http://localhost:3000/:0
[45567180ms] [WARNING] The resource https://i.ytimg.com/vi/VKeF820DlGU/maxresdefault.jpg was preloaded using link preload but not used within a few seconds from the window's load event. Please make sure it has an appropriate `as` value and it is preloaded intentionally. @ http://localhost:3000/:0
[45590677ms] [WARNING] The resource https://i.ytimg.com/vi/732dkRJZOLE/maxresdefault.jpg was preloaded using link preload but not used within a few seconds from the window's load event. Please make sure it has an appropriate `as` value and it is preloaded intentionally. @ http://localhost:3000/:0
[45590677ms] [WARNING] The resource https://i.ytimg.com/vi/-KnzDx8UV5M/maxresdefault.jpg was preloaded using link preload but not used within a few seconds from the window's load event. Please make sure it has an appropriate `as` value and it is preloaded intentionally. @ http://localhost:3000/:0
[45590677ms] [WARNING] The resource https://i.ytimg.com/vi/cXFQuxZF61Q/maxresdefault.jpg was preloaded using link preload but not used within a few seconds from the window's load event. Please make sure it has an appropriate `as` value and it is preloaded intentionally. @ http://localhost:3000/:0
[45590677ms] [WARNING] The resource https://i.ytimg.com/vi/haisvt45Kdc/maxresdefault.jpg was preloaded using link preload but not used within a few seconds from the window's load event. Please make sure it has an appropriate `as` value and it is preloaded intentionally. @ http://localhost:3000/:0
[45590677ms] [WARNING] The resource https://i.ytimg.com/vi/VKeF820DlGU/maxresdefault.jpg was preloaded using link preload but not used within a few seconds from the window's load event. Please make sure it has an appropriate `as` value and it is preloaded intentionally. @ http://localhost:3000/:0
[45602615ms] [WARNING] The resource https://i.ytimg.com/vi/732dkRJZOLE/maxresdefault.jpg was preloaded using link preload but not used within a few seconds from the window's load event. Please make sure it has an appropriate `as` value and it is preloaded intentionally. @ http://localhost:3000/:0
[45602615ms] [WARNING] The resource https://i.ytimg.com/vi/-KnzDx8UV5M/maxresdefault.jpg was preloaded using link preload but not used within a few seconds from the window's load event. Please make sure it has an appropriate `as` value and it is preloaded intentionally. @ http://localhost:3000/:0
[45602615ms] [WARNING] The resource https://i.ytimg.com/vi/cXFQuxZF61Q/maxresdefault.jpg was preloaded using link preload but not used within a few seconds from the window's load event. Please make sure it has an appropriate `as` value and it is preloaded intentionally. @ http://localhost:3000/:0
[45602615ms] [WARNING] The resource https://i.ytimg.com/vi/haisvt45Kdc/maxresdefault.jpg was preloaded using link preload but not used within a few seconds from the window's load event. Please make sure it has an appropriate `as` value and it is preloaded intentionally. @ http://localhost:3000/:0
[45602615ms] [WARNING] The resource https://i.ytimg.com/vi/VKeF820DlGU/maxresdefault.jpg was preloaded using link preload but not used within a few seconds from the window's load event. Please make sure it has an appropriate `as` value and it is preloaded intentionally. @ http://localhost:3000/:0
[45626118ms] [WARNING] The resource https://i.ytimg.com/vi/732dkRJZOLE/maxresdefault.jpg was preloaded using link preload but not used within a few seconds from the window's load event. Please make sure it has an appropriate `as` value and it is preloaded intentionally. @ http://localhost:3000/:0
[45626118ms] [WARNING] The resource https://i.ytimg.com/vi/-KnzDx8UV5M/maxresdefault.jpg was preloaded using link preload but not used within a few seconds from the window's load event. Please make sure it has an appropriate `as` value and it is preloaded intentionally. @ http://localhost:3000/:0
[45626118ms] [WARNING] The resource https://i.ytimg.com/vi/cXFQuxZF61Q/maxresdefault.jpg was preloaded using link preload but not used within a few seconds from the window's load event. Please make sure it has an appropriate `as` value and it is preloaded intentionally. @ http://localhost:3000/:0
[45626118ms] [WARNING] The resource https://i.ytimg.com/vi/haisvt45Kdc/maxresdefault.jpg was preloaded using link preload but not used within a few seconds from the window's load event. Please make sure it has an appropriate `as` value and it is preloaded intentionally. @ http://localhost:3000/:0
[45626118ms] [WARNING] The resource https://i.ytimg.com/vi/VKeF820DlGU/maxresdefault.jpg was preloaded using link preload but not used within a few seconds from the window's load event. Please make sure it has an appropriate `as` value and it is preloaded intentionally. @ http://localhost:3000/:0
[45638047ms] [WARNING] The resource https://i.ytimg.com/vi/732dkRJZOLE/maxresdefault.jpg was preloaded using link preload but not used within a few seconds from the window's load event. Please make sure it has an appropriate `as` value and it is preloaded intentionally. @ http://localhost:3000/:0
[45638048ms] [WARNING] The resource https://i.ytimg.com/vi/-KnzDx8UV5M/maxresdefault.jpg was preloaded using link preload but not used within a few seconds from the window's load event. Please make sure it has an appropriate `as` value and it is preloaded intentionally. @ http://localhost:3000/:0
[45638048ms] [WARNING] The resource https://i.ytimg.com/vi/cXFQuxZF61Q/maxresdefault.jpg was preloaded using link preload but not used within a few seconds from the window's load event. Please make sure it has an appropriate `as` value and it is preloaded intentionally. @ http://localhost:3000/:0
[45638048ms] [WARNING] The resource https://i.ytimg.com/vi/haisvt45Kdc/maxresdefault.jpg was preloaded using link preload but not used within a few seconds from the window's load event. Please make sure it has an appropriate `as` value and it is preloaded intentionally. @ http://localhost:3000/:0
[45638048ms] [WARNING] The resource https://i.ytimg.com/vi/VKeF820DlGU/maxresdefault.jpg was preloaded using link preload but not used within a few seconds from the window's load event. Please make sure it has an appropriate `as` value and it is preloaded intentionally. @ http://localhost:3000/:0
[45661538ms] [WARNING] The resource https://i.ytimg.com/vi/732dkRJZOLE/maxresdefault.jpg was preloaded using link preload but not used within a few seconds from the window's load event. Please make sure it has an appropriate `as` value and it is preloaded intentionally. @ http://localhost:3000/:0
[45661538ms] [WARNING] The resource https://i.ytimg.com/vi/-KnzDx8UV5M/maxresdefault.jpg was preloaded using link preload but not used within a few seconds from the window's load event. Please make sure it has an appropriate `as` value and it is preloaded intentionally. @ http://localhost:3000/:0
[45661538ms] [WARNING] The resource https://i.ytimg.com/vi/cXFQuxZF61Q/maxresdefault.jpg was preloaded using link preload but not used within a few seconds from the window's load event. Please make sure it has an appropriate `as` value and it is preloaded intentionally. @ http://localhost:3000/:0
[45661538ms] [WARNING] The resource https://i.ytimg.com/vi/haisvt45Kdc/maxresdefault.jpg was preloaded using link preload but not used within a few seconds from the window's load event. Please make sure it has an appropriate `as` value and it is preloaded intentionally. @ http://localhost:3000/:0
[45661538ms] [WARNING] The resource https://i.ytimg.com/vi/VKeF820DlGU/maxresdefault.jpg was preloaded using link preload but not used within a few seconds from the window's load event. Please make sure it has an appropriate `as` value and it is preloaded intentionally. @ http://localhost:3000/:0
[45673483ms] [WARNING] The resource https://i.ytimg.com/vi/732dkRJZOLE/maxresdefault.jpg was preloaded using link preload but not used within a few seconds from the window's load event. Please make sure it has an appropriate `as` value and it is preloaded intentionally. @ http://localhost:3000/:0
[45673483ms] [WARNING] The resource https://i.ytimg.com/vi/-KnzDx8UV5M/maxresdefault.jpg was preloaded using link preload but not used within a few seconds from the window's load event. Please make sure it has an appropriate `as` value and it is preloaded intentionally. @ http://localhost:3000/:0
[45673483ms] [WARNING] The resource https://i.ytimg.com/vi/cXFQuxZF61Q/maxresdefault.jpg was preloaded using link preload but not used within a few seconds from the window's load event. Please make sure it has an appropriate `as` value and it is preloaded intentionally. @ http://localhost:3000/:0
[45673483ms] [WARNING] The resource https://i.ytimg.com/vi/haisvt45Kdc/maxresdefault.jpg was preloaded using link preload but not used within a few seconds from the window's load event. Please make sure it has an appropriate `as` value and it is preloaded intentionally. @ http://localhost:3000/:0
[45673483ms] [WARNING] The resource https://i.ytimg.com/vi/VKeF820DlGU/maxresdefault.jpg was preloaded using link preload but not used within a few seconds from the window's load event. Please make sure it has an appropriate `as` value and it is preloaded intentionally. @ http://localhost:3000/:0
[45696974ms] [WARNING] The resource https://i.ytimg.com/vi/732dkRJZOLE/maxresdefault.jpg was preloaded using link preload but not used within a few seconds from the window's load event. Please make sure it has an appropriate `as` value and it is preloaded intentionally. @ http://localhost:3000/:0
[45696974ms] [WARNING] The resource https://i.ytimg.com/vi/-KnzDx8UV5M/maxresdefault.jpg was preloaded using link preload but not used within a few seconds from the window's load event. Please make sure it has an appropriate `as` value and it is preloaded intentionally. @ http://localhost:3000/:0
[45696974ms] [WARNING] The resource https://i.ytimg.com/vi/cXFQuxZF61Q/maxresdefault.jpg was preloaded using link preload but not used within a few seconds from the window's load event. Please make sure it has an appropriate `as` value and it is preloaded intentionally. @ http://localhost:3000/:0
[45696974ms] [WARNING] The resource https://i.ytimg.com/vi/haisvt45Kdc/maxresdefault.jpg was preloaded using link preload but not used within a few seconds from the window's load event. Please make sure it has an appropriate `as` value and it is preloaded intentionally. @ http://localhost:3000/:0
[45696974ms] [WARNING] The resource https://i.ytimg.com/vi/VKeF820DlGU/maxresdefault.jpg was preloaded using link preload but not used within a few seconds from the window's load event. Please make sure it has an appropriate `as` value and it is preloaded intentionally. @ http://localhost:3000/:0
[45708924ms] [WARNING] The resource https://i.ytimg.com/vi/732dkRJZOLE/maxresdefault.jpg was preloaded using link preload but not used within a few seconds from the window's load event. Please make sure it has an appropriate `as` value and it is preloaded intentionally. @ http://localhost:3000/:0
[45708924ms] [WARNING] The resource https://i.ytimg.com/vi/-KnzDx8UV5M/maxresdefault.jpg was preloaded using link preload but not used within a few seconds from the window's load event. Please make sure it has an appropriate `as` value and it is preloaded intentionally. @ http://localhost:3000/:0
[45708924ms] [WARNING] The resource https://i.ytimg.com/vi/cXFQuxZF61Q/maxresdefault.jpg was preloaded using link preload but not used within a few seconds from the window's load event. Please make sure it has an appropriate `as` value and it is preloaded intentionally. @ http://localhost:3000/:0
[45708924ms] [WARNING] The resource https://i.ytimg.com/vi/haisvt45Kdc/maxresdefault.jpg was preloaded using link preload but not used within a few seconds from the window's load event. Please make sure it has an appropriate `as` value and it is preloaded intentionally. @ http://localhost:3000/:0
[45708924ms] [WARNING] The resource https://i.ytimg.com/vi/VKeF820DlGU/maxresdefault.jpg was preloaded using link preload but not used within a few seconds from the window's load event. Please make sure it has an appropriate `as` value and it is preloaded intentionally. @ http://localhost:3000/:0
[45729610ms] [LOG] [Fast Refresh] rebuilding @ http://localhost:3000/_next/static/chunks/node_modules_next_dist_f3530cac._.js:2297
[45730047ms] [LOG] [Fast Refresh] done in 538ms @ http://localhost:3000/_next/static/chunks/node_modules_next_dist_f3530cac._.js:2297
[45732962ms] [WARNING] The resource https://i.ytimg.com/vi/732dkRJZOLE/maxresdefault.jpg was preloaded using link preload but not used within a few seconds from the window's load event. Please make sure it has an appropriate `as` value and it is preloaded intentionally. @ http://localhost:3000/:0
[45732962ms] [WARNING] The resource https://i.ytimg.com/vi/-KnzDx8UV5M/maxresdefault.jpg was preloaded using link preload but not used within a few seconds from the window's load event. Please make sure it has an appropriate `as` value and it is preloaded intentionally. @ http://localhost:3000/:0
[45732962ms] [WARNING] The resource https://i.ytimg.com/vi/cXFQuxZF61Q/maxresdefault.jpg was preloaded using link preload but not used within a few seconds from the window's load event. Please make sure it has an appropriate `as` value and it is preloaded intentionally. @ http://localhost:3000/:0
[45732962ms] [WARNING] The resource https://i.ytimg.com/vi/haisvt45Kdc/maxresdefault.jpg was preloaded using link preload but not used within a few seconds from the window's load event. Please make sure it has an appropriate `as` value and it is preloaded intentionally. @ http://localhost:3000/:0
[45732962ms] [WARNING] The resource https://i.ytimg.com/vi/VKeF820DlGU/maxresdefault.jpg was preloaded using link preload but not used within a few seconds from the window's load event. Please make sure it has an appropriate `as` value and it is preloaded intentionally. @ http://localhost:3000/:0
[45744335ms] [WARNING] The resource https://i.ytimg.com/vi/732dkRJZOLE/maxresdefault.jpg was preloaded using link preload but not used within a few seconds from the window's load event. Please make sure it has an appropriate `as` value and it is preloaded intentionally. @ http://localhost:3000/:0
[45744335ms] [WARNING] The resource https://i.ytimg.com/vi/-KnzDx8UV5M/maxresdefault.jpg was preloaded using link preload but not used within a few seconds from the window's load event. Please make sure it has an appropriate `as` value and it is preloaded intentionally. @ http://localhost:3000/:0
[45744335ms] [WARNING] The resource https://i.ytimg.com/vi/cXFQuxZF61Q/maxresdefault.jpg was preloaded using link preload but not used within a few seconds from the window's load event. Please make sure it has an appropriate `as` value and it is preloaded intentionally. @ http://localhost:3000/:0
[45744335ms] [WARNING] The resource https://i.ytimg.com/vi/haisvt45Kdc/maxresdefault.jpg was preloaded using link preload but not used within a few seconds from the window's load event. Please make sure it has an appropriate `as` value and it is preloaded intentionally. @ http://localhost:3000/:0
[45744335ms] [WARNING] The resource https://i.ytimg.com/vi/VKeF820DlGU/maxresdefault.jpg was preloaded using link preload but not used within a few seconds from the window's load event. Please make sure it has an appropriate `as` value and it is preloaded intentionally. @ http://localhost:3000/:0
[45745889ms] [LOG] [Fast Refresh] rebuilding @ http://localhost:3000/_next/static/chunks/node_modules_next_dist_f3530cac._.js:2297
[45745969ms] [LOG] [Fast Refresh] done in 183ms @ http://localhost:3000/_next/static/chunks/node_modules_next_dist_f3530cac._.js:2297
[45767842ms] [WARNING] The resource https://i.ytimg.com/vi/732dkRJZOLE/maxresdefault.jpg was preloaded using link preload but not used within a few seconds from the window's load event. Please make sure it has an appropriate `as` value and it is preloaded intentionally. @ http://localhost:3000/:0
[45767842ms] [WARNING] The resource https://i.ytimg.com/vi/-KnzDx8UV5M/maxresdefault.jpg was preloaded using link preload but not used within a few seconds from the window's load event. Please make sure it has an appropriate `as` value and it is preloaded intentionally. @ http://localhost:3000/:0
[45767842ms] [WARNING] The resource https://i.ytimg.com/vi/cXFQuxZF61Q/maxresdefault.jpg was preloaded using link preload but not used within a few seconds from the window's load event. Please make sure it has an appropriate `as` value and it is preloaded intentionally. @ http://localhost:3000/:0
[45767842ms] [WARNING] The resource https://i.ytimg.com/vi/haisvt45Kdc/maxresdefault.jpg was preloaded using link preload but not used within a few seconds from the window's load event. Please make sure it has an appropriate `as` value and it is preloaded intentionally. @ http://localhost:3000/:0
[45767842ms] [WARNING] The resource https://i.ytimg.com/vi/VKeF820DlGU/maxresdefault.jpg was preloaded using link preload but not used within a few seconds from the window's load event. Please make sure it has an appropriate `as` value and it is preloaded intentionally. @ http://localhost:3000/:0
[45770466ms] [LOG] [Fast Refresh] rebuilding @ http://localhost:3000/_next/static/chunks/node_modules_next_dist_f3530cac._.js:2297
[45770477ms] [LOG] [Fast Refresh] done in 112ms @ http://localhost:3000/_next/static/chunks/node_modules_next_dist_f3530cac._.js:2297
[45771113ms] [LOG] [Fast Refresh] rebuilding @ http://localhost:3000/_next/static/chunks/node_modules_next_dist_f3530cac._.js:2297
[45771114ms] [LOG] [Fast Refresh] done in 102ms @ http://localhost:3000/_next/static/chunks/node_modules_next_dist_f3530cac._.js:2297
[45779782ms] [WARNING] The resource https://i.ytimg.com/vi/732dkRJZOLE/maxresdefault.jpg was preloaded using link preload but not used within a few seconds from the window's load event. Please make sure it has an appropriate `as` value and it is preloaded intentionally. @ http://localhost:3000/:0
[45779782ms] [WARNING] The resource https://i.ytimg.com/vi/-KnzDx8UV5M/maxresdefault.jpg was preloaded using link preload but not used within a few seconds from the window's load event. Please make sure it has an appropriate `as` value and it is preloaded intentionally. @ http://localhost:3000/:0
[45779782ms] [WARNING] The resource https://i.ytimg.com/vi/cXFQuxZF61Q/maxresdefault.jpg was preloaded using link preload but not used within a few seconds from the window's load event. Please make sure it has an appropriate `as` value and it is preloaded intentionally. @ http://localhost:3000/:0
[45779782ms] [WARNING] The resource https://i.ytimg.com/vi/haisvt45Kdc/maxresdefault.jpg was preloaded using link preload but not used within a few seconds from the window's load event. Please make sure it has an appropriate `as` value and it is preloaded intentionally. @ http://localhost:3000/:0
[45779782ms] [WARNING] The resource https://i.ytimg.com/vi/VKeF820DlGU/maxresdefault.jpg was preloaded using link preload but not used within a few seconds from the window's load event. Please make sure it has an appropriate `as` value and it is preloaded intentionally. @ http://localhost:3000/:0
[45803280ms] [WARNING] The resource https://i.ytimg.com/vi/732dkRJZOLE/maxresdefault.jpg was preloaded using link preload but not used within a few seconds from the window's load event. Please make sure it has an appropriate `as` value and it is preloaded intentionally. @ http://localhost:3000/:0
[45803280ms] [WARNING] The resource https://i.ytimg.com/vi/-KnzDx8UV5M/maxresdefault.jpg was preloaded using link preload but not used within a few seconds from the window's load event. Please make sure it has an appropriate `as` value and it is preloaded intentionally. @ http://localhost:3000/:0
[45803280ms] [WARNING] The resource https://i.ytimg.com/vi/cXFQuxZF61Q/maxresdefault.jpg was preloaded using link preload but not used within a few seconds from the window's load event. Please make sure it has an appropriate `as` value and it is preloaded intentionally. @ http://localhost:3000/:0
[45803280ms] [WARNING] The resource https://i.ytimg.com/vi/haisvt45Kdc/maxresdefault.jpg was preloaded using link preload but not used within a few seconds from the window's load event. Please make sure it has an appropriate `as` value and it is preloaded intentionally. @ http://localhost:3000/:0
[45803280ms] [WARNING] The resource https://i.ytimg.com/vi/VKeF820DlGU/maxresdefault.jpg was preloaded using link preload but not used within a few seconds from the window's load event. Please make sure it has an appropriate `as` value and it is preloaded intentionally. @ http://localhost:3000/:0
[45804158ms] [LOG] [Fast Refresh] rebuilding @ http://localhost:3000/_next/static/chunks/node_modules_next_dist_f3530cac._.js:2297
[45804187ms] [LOG] [Fast Refresh] done in 130ms @ http://localhost:3000/_next/static/chunks/node_modules_next_dist_f3530cac._.js:2297
[45815219ms] [WARNING] The resource https://i.ytimg.com/vi/732dkRJZOLE/maxresdefault.jpg was preloaded using link preload but not used within a few seconds from the window's load event. Please make sure it has an appropriate `as` value and it is preloaded intentionally. @ http://localhost:3000/:0
[45815219ms] [WARNING] The resource https://i.ytimg.com/vi/-KnzDx8UV5M/maxresdefault.jpg was preloaded using link preload but not used within a few seconds from the window's load event. Please make sure it has an appropriate `as` value and it is preloaded intentionally. @ http://localhost:3000/:0
[45815219ms] [WARNING] The resource https://i.ytimg.com/vi/cXFQuxZF61Q/maxresdefault.jpg was preloaded using link preload but not used within a few seconds from the window's load event. Please make sure it has an appropriate `as` value and it is preloaded intentionally. @ http://localhost:3000/:0
[45815219ms] [WARNING] The resource https://i.ytimg.com/vi/haisvt45Kdc/maxresdefault.jpg was preloaded using link preload but not used within a few seconds from the window's load event. Please make sure it has an appropriate `as` value and it is preloaded intentionally. @ http://localhost:3000/:0
[45815219ms] [WARNING] The resource https://i.ytimg.com/vi/VKeF820DlGU/maxresdefault.jpg was preloaded using link preload but not used within a few seconds from the window's load event. Please make sure it has an appropriate `as` value and it is preloaded intentionally. @ http://localhost:3000/:0
[45832787ms] [LOG] [HMR] connected @ http://localhost:3000/_next/static/chunks/node_modules_next_dist_f3530cac._.js:2297
[45835795ms] [INFO] %cDownload the React DevTools for a better development experience: https://react.dev/link/react-devtools font-weight:bold @ http://localhost:3000/_next/static/chunks/node_modules_next_dist_f3530cac._.js:2297
[45835871ms] [LOG] [HMR] connected @ http://localhost:3000/_next/static/chunks/node_modules_next_dist_f3530cac._.js:2297
[45836381ms] [LOG] [Fast Refresh] rebuilding @ http://localhost:3000/_next/static/chunks/node_modules_next_dist_f3530cac._.js:2297
[45836382ms] [LOG] [Fast Refresh] done in 389ms @ http://localhost:3000/_next/static/chunks/node_modules_next_dist_f3530cac._.js:2297
[45839605ms] [WARNING] The resource https://i.ytimg.com/vi/732dkRJZOLE/maxresdefault.jpg was preloaded using link preload but not used within a few seconds from the window's load event. Please make sure it has an appropriate `as` value and it is preloaded intentionally. @ http://localhost:3000/:0
[45839605ms] [WARNING] The resource https://i.ytimg.com/vi/-KnzDx8UV5M/maxresdefault.jpg was preloaded using link preload but not used within a few seconds from the window's load event. Please make sure it has an appropriate `as` value and it is preloaded intentionally. @ http://localhost:3000/:0
[45839605ms] [WARNING] The resource https://i.ytimg.com/vi/cXFQuxZF61Q/maxresdefault.jpg was preloaded using link preload but not used within a few seconds from the window's load event. Please make sure it has an appropriate `as` value and it is preloaded intentionally. @ http://localhost:3000/:0
[45839605ms] [WARNING] The resource https://i.ytimg.com/vi/haisvt45Kdc/maxresdefault.jpg was preloaded using link preload but not used within a few seconds from the window's load event. Please make sure it has an appropriate `as` value and it is preloaded intentionally. @ http://localhost:3000/:0
[45839605ms] [WARNING] The resource https://i.ytimg.com/vi/VKeF820DlGU/maxresdefault.jpg was preloaded using link preload but not used within a few seconds from the window's load event. Please make sure it has an appropriate `as` value and it is preloaded intentionally. @ http://localhost:3000/:0
[45860307ms] [WARNING] The resource https://i.ytimg.com/vi/732dkRJZOLE/maxresdefault.jpg was preloaded using link preload but not used within a few seconds from the window's load event. Please make sure it has an appropriate `as` value and it is preloaded intentionally. @ http://localhost:3000/:0
[45860307ms] [WARNING] The resource https://i.ytimg.com/vi/-KnzDx8UV5M/maxresdefault.jpg was preloaded using link preload but not used within a few seconds from the window's load event. Please make sure it has an appropriate `as` value and it is preloaded intentionally. @ http://localhost:3000/:0
[45860307ms] [WARNING] The resource https://i.ytimg.com/vi/cXFQuxZF61Q/maxresdefault.jpg was preloaded using link preload but not used within a few seconds from the window's load event. Please make sure it has an appropriate `as` value and it is preloaded intentionally. @ http://localhost:3000/:0
[45860307ms] [WARNING] The resource https://i.ytimg.com/vi/haisvt45Kdc/maxresdefault.jpg was preloaded using link preload but not used within a few seconds from the window's load event. Please make sure it has an appropriate `as` value and it is preloaded intentionally. @ http://localhost:3000/:0
[45860307ms] [WARNING] The resource https://i.ytimg.com/vi/VKeF820DlGU/maxresdefault.jpg was preloaded using link preload but not used within a few seconds from the window's load event. Please make sure it has an appropriate `as` value and it is preloaded intentionally. @ http://localhost:3000/:0
[45891981ms] [WARNING] The resource https://i.ytimg.com/vi/732dkRJZOLE/maxresdefault.jpg was preloaded using link preload but not used within a few seconds from the window's load event. Please make sure it has an appropriate `as` value and it is preloaded intentionally. @ http://localhost:3000/:0
[45891981ms] [WARNING] The resource https://i.ytimg.com/vi/-KnzDx8UV5M/maxresdefault.jpg was preloaded using link preload but not used within a few seconds from the window's load event. Please make sure it has an appropriate `as` value and it is preloaded intentionally. @ http://localhost:3000/:0
[45891981ms] [WARNING] The resource https://i.ytimg.com/vi/cXFQuxZF61Q/maxresdefault.jpg was preloaded using link preload but not used within a few seconds from the window's load event. Please make sure it has an appropriate `as` value and it is preloaded intentionally. @ http://localhost:3000/:0
[45891981ms] [WARNING] The resource https://i.ytimg.com/vi/haisvt45Kdc/maxresdefault.jpg was preloaded using link preload but not used within a few seconds from the window's load event. Please make sure it has an appropriate `as` value and it is preloaded intentionally. @ http://localhost:3000/:0
[45891981ms] [WARNING] The resource https://i.ytimg.com/vi/VKeF820DlGU/maxresdefault.jpg was preloaded using link preload but not used within a few seconds from the window's load event. Please make sure it has an appropriate `as` value and it is preloaded intentionally. @ http://localhost:3000/:0
[45910550ms] [WARNING] The resource https://i.ytimg.com/vi/732dkRJZOLE/maxresdefault.jpg was preloaded using link preload but not used within a few seconds from the window's load event. Please make sure it has an appropriate `as` value and it is preloaded intentionally. @ http://localhost:3000/:0
[45910550ms] [WARNING] The resource https://i.ytimg.com/vi/-KnzDx8UV5M/maxresdefault.jpg was preloaded using link preload but not used within a few seconds from the window's load event. Please make sure it has an appropriate `as` value and it is preloaded intentionally. @ http://localhost:3000/:0
[45910550ms] [WARNING] The resource https://i.ytimg.com/vi/cXFQuxZF61Q/maxresdefault.jpg was preloaded using link preload but not used within a few seconds from the window's load event. Please make sure it has an appropriate `as` value and it is preloaded intentionally. @ http://localhost:3000/:0
[45910550ms] [WARNING] The resource https://i.ytimg.com/vi/haisvt45Kdc/maxresdefault.jpg was preloaded using link preload but not used within a few seconds from the window's load event. Please make sure it has an appropriate `as` value and it is preloaded intentionally. @ http://localhost:3000/:0
[45910551ms] [WARNING] The resource https://i.ytimg.com/vi/VKeF820DlGU/maxresdefault.jpg was preloaded using link preload but not used within a few seconds from the window's load event. Please make sure it has an appropriate `as` value and it is preloaded intentionally. @ http://localhost:3000/:0
[45924522ms] [WARNING] The resource https://i.ytimg.com/vi/732dkRJZOLE/maxresdefault.jpg was preloaded using link preload but not used within a few seconds from the window's load event. Please make sure it has an appropriate `as` value and it is preloaded intentionally. @ http://localhost:3000/:0
[45924523ms] [WARNING] The resource https://i.ytimg.com/vi/-KnzDx8UV5M/maxresdefault.jpg was preloaded using link preload but not used within a few seconds from the window's load event. Please make sure it has an appropriate `as` value and it is preloaded intentionally. @ http://localhost:3000/:0
[45924523ms] [WARNING] The resource https://i.ytimg.com/vi/cXFQuxZF61Q/maxresdefault.jpg was preloaded using link preload but not used within a few seconds from the window's load event. Please make sure it has an appropriate `as` value and it is preloaded intentionally. @ http://localhost:3000/:0
[45924523ms] [WARNING] The resource https://i.ytimg.com/vi/haisvt45Kdc/maxresdefault.jpg was preloaded using link preload but not used within a few seconds from the window's load event. Please make sure it has an appropriate `as` value and it is preloaded intentionally. @ http://localhost:3000/:0
[45924523ms] [WARNING] The resource https://i.ytimg.com/vi/VKeF820DlGU/maxresdefault.jpg was preloaded using link preload but not used within a few seconds from the window's load event. Please make sure it has an appropriate `as` value and it is preloaded intentionally. @ http://localhost:3000/:0
[45945925ms] [WARNING] The resource https://i.ytimg.com/vi/732dkRJZOLE/maxresdefault.jpg was preloaded using link preload but not used within a few seconds from the window's load event. Please make sure it has an appropriate `as` value and it is preloaded intentionally. @ http://localhost:3000/:0
[45945925ms] [WARNING] The resource https://i.ytimg.com/vi/-KnzDx8UV5M/maxresdefault.jpg was preloaded using link preload but not used within a few seconds from the window's load event. Please make sure it has an appropriate `as` value and it is preloaded intentionally. @ http://localhost:3000/:0
[45945925ms] [WARNING] The resource https://i.ytimg.com/vi/cXFQuxZF61Q/maxresdefault.jpg was preloaded using link preload but not used within a few seconds from the window's load event. Please make sure it has an appropriate `as` value and it is preloaded intentionally. @ http://localhost:3000/:0
[45945925ms] [WARNING] The resource https://i.ytimg.com/vi/haisvt45Kdc/maxresdefault.jpg was preloaded using link preload but not used within a few seconds from the window's load event. Please make sure it has an appropriate `as` value and it is preloaded intentionally. @ http://localhost:3000/:0
[45945925ms] [WARNING] The resource https://i.ytimg.com/vi/VKeF820DlGU/maxresdefault.jpg was preloaded using link preload but not used within a few seconds from the window's load event. Please make sure it has an appropriate `as` value and it is preloaded intentionally. @ http://localhost:3000/:0
[45957870ms] [WARNING] The resource https://i.ytimg.com/vi/732dkRJZOLE/maxresdefault.jpg was preloaded using link preload but not used within a few seconds from the window's load event. Please make sure it has an appropriate `as` value and it is preloaded intentionally. @ http://localhost:3000/:0
[45957870ms] [WARNING] The resource https://i.ytimg.com/vi/-KnzDx8UV5M/maxresdefault.jpg was preloaded using link preload but not used within a few seconds from the window's load event. Please make sure it has an appropriate `as` value and it is preloaded intentionally. @ http://localhost:3000/:0
[45957870ms] [WARNING] The resource https://i.ytimg.com/vi/cXFQuxZF61Q/maxresdefault.jpg was preloaded using link preload but not used within a few seconds from the window's load event. Please make sure it has an appropriate `as` value and it is preloaded intentionally. @ http://localhost:3000/:0
[45957870ms] [WARNING] The resource https://i.ytimg.com/vi/haisvt45Kdc/maxresdefault.jpg was preloaded using link preload but not used within a few seconds from the window's load event. Please make sure it has an appropriate `as` value and it is preloaded intentionally. @ http://localhost:3000/:0
[45957870ms] [WARNING] The resource https://i.ytimg.com/vi/VKeF820DlGU/maxresdefault.jpg was preloaded using link preload but not used within a few seconds from the window's load event. Please make sure it has an appropriate `as` value and it is preloaded intentionally. @ http://localhost:3000/:0
[45981373ms] [WARNING] The resource https://i.ytimg.com/vi/732dkRJZOLE/maxresdefault.jpg was preloaded using link preload but not used within a few seconds from the window's load event. Please make sure it has an appropriate `as` value and it is preloaded intentionally. @ http://localhost:3000/:0
[45981373ms] [WARNING] The resource https://i.ytimg.com/vi/-KnzDx8UV5M/maxresdefault.jpg was preloaded using link preload but not used within a few seconds from the window's load event. Please make sure it has an appropriate `as` value and it is preloaded intentionally. @ http://localhost:3000/:0
[45981373ms] [WARNING] The resource https://i.ytimg.com/vi/cXFQuxZF61Q/maxresdefault.jpg was preloaded using link preload but not used within a few seconds from the window's load event. Please make sure it has an appropriate `as` value and it is preloaded intentionally. @ http://localhost:3000/:0
[45981373ms] [WARNING] The resource https://i.ytimg.com/vi/haisvt45Kdc/maxresdefault.jpg was preloaded using link preload but not used within a few seconds from the window's load event. Please make sure it has an appropriate `as` value and it is preloaded intentionally. @ http://localhost:3000/:0
[45981373ms] [WARNING] The resource https://i.ytimg.com/vi/VKeF820DlGU/maxresdefault.jpg was preloaded using link preload but not used within a few seconds from the window's load event. Please make sure it has an appropriate `as` value and it is preloaded intentionally. @ http://localhost:3000/:0
[45994008ms] [WARNING] The resource https://i.ytimg.com/vi/732dkRJZOLE/maxresdefault.jpg was preloaded using link preload but not used within a few seconds from the window's load event. Please make sure it has an appropriate `as` value and it is preloaded intentionally. @ http://localhost:3000/:0
[45994008ms] [WARNING] The resource https://i.ytimg.com/vi/-KnzDx8UV5M/maxresdefault.jpg was preloaded using link preload but not used within a few seconds from the window's load event. Please make sure it has an appropriate `as` value and it is preloaded intentionally. @ http://localhost:3000/:0
[45994008ms] [WARNING] The resource https://i.ytimg.com/vi/cXFQuxZF61Q/maxresdefault.jpg was preloaded using link preload but not used within a few seconds from the window's load event. Please make sure it has an appropriate `as` value and it is preloaded intentionally. @ http://localhost:3000/:0
[45994008ms] [WARNING] The resource https://i.ytimg.com/vi/haisvt45Kdc/maxresdefault.jpg was preloaded using link preload but not used within a few seconds from the window's load event. Please make sure it has an appropriate `as` value and it is preloaded intentionally. @ http://localhost:3000/:0
[45994008ms] [WARNING] The resource https://i.ytimg.com/vi/VKeF820DlGU/maxresdefault.jpg was preloaded using link preload but not used within a few seconds from the window's load event. Please make sure it has an appropriate `as` value and it is preloaded intentionally. @ http://localhost:3000/:0
[46016803ms] [WARNING] The resource https://i.ytimg.com/vi/732dkRJZOLE/maxresdefault.jpg was preloaded using link preload but not used within a few seconds from the window's load event. Please make sure it has an appropriate `as` value and it is preloaded intentionally. @ http://localhost:3000/:0
[46016803ms] [WARNING] The resource https://i.ytimg.com/vi/-KnzDx8UV5M/maxresdefault.jpg was preloaded using link preload but not used within a few seconds from the window's load event. Please make sure it has an appropriate `as` value and it is preloaded intentionally. @ http://localhost:3000/:0
[46016804ms] [WARNING] The resource https://i.ytimg.com/vi/cXFQuxZF61Q/maxresdefault.jpg was preloaded using link preload but not used within a few seconds from the window's load event. Please make sure it has an appropriate `as` value and it is preloaded intentionally. @ http://localhost:3000/:0
[46016804ms] [WARNING] The resource https://i.ytimg.com/vi/haisvt45Kdc/maxresdefault.jpg was preloaded using link preload but not used within a few seconds from the window's load event. Please make sure it has an appropriate `as` value and it is preloaded intentionally. @ http://localhost:3000/:0
[46016804ms] [WARNING] The resource https://i.ytimg.com/vi/VKeF820DlGU/maxresdefault.jpg was preloaded using link preload but not used within a few seconds from the window's load event. Please make sure it has an appropriate `as` value and it is preloaded intentionally. @ http://localhost:3000/:0
[46028727ms] [WARNING] The resource https://i.ytimg.com/vi/732dkRJZOLE/maxresdefault.jpg was preloaded using link preload but not used within a few seconds from the window's load event. Please make sure it has an appropriate `as` value and it is preloaded intentionally. @ http://localhost:3000/:0
[46028727ms] [WARNING] The resource https://i.ytimg.com/vi/-KnzDx8UV5M/maxresdefault.jpg was preloaded using link preload but not used within a few seconds from the window's load event. Please make sure it has an appropriate `as` value and it is preloaded intentionally. @ http://localhost:3000/:0
[46028727ms] [WARNING] The resource https://i.ytimg.com/vi/cXFQuxZF61Q/maxresdefault.jpg was preloaded using link preload but not used within a few seconds from the window's load event. Please make sure it has an appropriate `as` value and it is preloaded intentionally. @ http://localhost:3000/:0
[46028727ms] [WARNING] The resource https://i.ytimg.com/vi/haisvt45Kdc/maxresdefault.jpg was preloaded using link preload but not used within a few seconds from the window's load event. Please make sure it has an appropriate `as` value and it is preloaded intentionally. @ http://localhost:3000/:0
[46028727ms] [WARNING] The resource https://i.ytimg.com/vi/VKeF820DlGU/maxresdefault.jpg was preloaded using link preload but not used within a few seconds from the window's load event. Please make sure it has an appropriate `as` value and it is preloaded intentionally. @ http://localhost:3000/:0
[46052217ms] [WARNING] The resource https://i.ytimg.com/vi/732dkRJZOLE/maxresdefault.jpg was preloaded using link preload but not used within a few seconds from the window's load event. Please make sure it has an appropriate `as` value and it is preloaded intentionally. @ http://localhost:3000/:0
[46052217ms] [WARNING] The resource https://i.ytimg.com/vi/-KnzDx8UV5M/maxresdefault.jpg was preloaded using link preload but not used within a few seconds from the window's load event. Please make sure it has an appropriate `as` value and it is preloaded intentionally. @ http://localhost:3000/:0
[46052217ms] [WARNING] The resource https://i.ytimg.com/vi/cXFQuxZF61Q/maxresdefault.jpg was preloaded using link preload but not used within a few seconds from the window's load event. Please make sure it has an appropriate `as` value and it is preloaded intentionally. @ http://localhost:3000/:0
[46052217ms] [WARNING] The resource https://i.ytimg.com/vi/haisvt45Kdc/maxresdefault.jpg was preloaded using link preload but not used within a few seconds from the window's load event. Please make sure it has an appropriate `as` value and it is preloaded intentionally. @ http://localhost:3000/:0
[46052217ms] [WARNING] The resource https://i.ytimg.com/vi/VKeF820DlGU/maxresdefault.jpg was preloaded using link preload but not used within a few seconds from the window's load event. Please make sure it has an appropriate `as` value and it is preloaded intentionally. @ http://localhost:3000/:0
[46064157ms] [WARNING] The resource https://i.ytimg.com/vi/732dkRJZOLE/maxresdefault.jpg was preloaded using link preload but not used within a few seconds from the window's load event. Please make sure it has an appropriate `as` value and it is preloaded intentionally. @ http://localhost:3000/:0
[46064157ms] [WARNING] The resource https://i.ytimg.com/vi/-KnzDx8UV5M/maxresdefault.jpg was preloaded using link preload but not used within a few seconds from the window's load event. Please make sure it has an appropriate `as` value and it is preloaded intentionally. @ http://localhost:3000/:0
[46064157ms] [WARNING] The resource https://i.ytimg.com/vi/cXFQuxZF61Q/maxresdefault.jpg was preloaded using link preload but not used within a few seconds from the window's load event. Please make sure it has an appropriate `as` value and it is preloaded intentionally. @ http://localhost:3000/:0
[46064157ms] [WARNING] The resource https://i.ytimg.com/vi/haisvt45Kdc/maxresdefault.jpg was preloaded using link preload but not used within a few seconds from the window's load event. Please make sure it has an appropriate `as` value and it is preloaded intentionally. @ http://localhost:3000/:0
[46064157ms] [WARNING] The resource https://i.ytimg.com/vi/VKeF820DlGU/maxresdefault.jpg was preloaded using link preload but not used within a few seconds from the window's load event. Please make sure it has an appropriate `as` value and it is preloaded intentionally. @ http://localhost:3000/:0
[46087674ms] [WARNING] The resource https://i.ytimg.com/vi/732dkRJZOLE/maxresdefault.jpg was preloaded using link preload but not used within a few seconds from the window's load event. Please make sure it has an appropriate `as` value and it is preloaded intentionally. @ http://localhost:3000/:0
[46087674ms] [WARNING] The resource https://i.ytimg.com/vi/-KnzDx8UV5M/maxresdefault.jpg was preloaded using link preload but not used within a few seconds from the window's load event. Please make sure it has an appropriate `as` value and it is preloaded intentionally. @ http://localhost:3000/:0
[46087674ms] [WARNING] The resource https://i.ytimg.com/vi/cXFQuxZF61Q/maxresdefault.jpg was preloaded using link preload but not used within a few seconds from the window's load event. Please make sure it has an appropriate `as` value and it is preloaded intentionally. @ http://localhost:3000/:0
[46087674ms] [WARNING] The resource https://i.ytimg.com/vi/haisvt45Kdc/maxresdefault.jpg was preloaded using link preload but not used within a few seconds from the window's load event. Please make sure it has an appropriate `as` value and it is preloaded intentionally. @ http://localhost:3000/:0
[46087674ms] [WARNING] The resource https://i.ytimg.com/vi/VKeF820DlGU/maxresdefault.jpg was preloaded using link preload but not used within a few seconds from the window's load event. Please make sure it has an appropriate `as` value and it is preloaded intentionally. @ http://localhost:3000/:0
[46099597ms] [WARNING] The resource https://i.ytimg.com/vi/732dkRJZOLE/maxresdefault.jpg was preloaded using link preload but not used within a few seconds from the window's load event. Please make sure it has an appropriate `as` value and it is preloaded intentionally. @ http://localhost:3000/:0
[46099597ms] [WARNING] The resource https://i.ytimg.com/vi/-KnzDx8UV5M/maxresdefault.jpg was preloaded using link preload but not used within a few seconds from the window's load event. Please make sure it has an appropriate `as` value and it is preloaded intentionally. @ http://localhost:3000/:0
[46099597ms] [WARNING] The resource https://i.ytimg.com/vi/cXFQuxZF61Q/maxresdefault.jpg was preloaded using link preload but not used within a few seconds from the window's load event. Please make sure it has an appropriate `as` value and it is preloaded intentionally. @ http://localhost:3000/:0
[46099597ms] [WARNING] The resource https://i.ytimg.com/vi/haisvt45Kdc/maxresdefault.jpg was preloaded using link preload but not used within a few seconds from the window's load event. Please make sure it has an appropriate `as` value and it is preloaded intentionally. @ http://localhost:3000/:0
[46099597ms] [WARNING] The resource https://i.ytimg.com/vi/VKeF820DlGU/maxresdefault.jpg was preloaded using link preload but not used within a few seconds from the window's load event. Please make sure it has an appropriate `as` value and it is preloaded intentionally. @ http://localhost:3000/:0
[46123096ms] [WARNING] The resource https://i.ytimg.com/vi/732dkRJZOLE/maxresdefault.jpg was preloaded using link preload but not used within a few seconds from the window's load event. Please make sure it has an appropriate `as` value and it is preloaded intentionally. @ http://localhost:3000/:0
[46123096ms] [WARNING] The resource https://i.ytimg.com/vi/-KnzDx8UV5M/maxresdefault.jpg was preloaded using link preload but not used within a few seconds from the window's load event. Please make sure it has an appropriate `as` value and it is preloaded intentionally. @ http://localhost:3000/:0
[46123096ms] [WARNING] The resource https://i.ytimg.com/vi/cXFQuxZF61Q/maxresdefault.jpg was preloaded using link preload but not used within a few seconds from the window's load event. Please make sure it has an appropriate `as` value and it is preloaded intentionally. @ http://localhost:3000/:0
[46123096ms] [WARNING] The resource https://i.ytimg.com/vi/haisvt45Kdc/maxresdefault.jpg was preloaded using link preload but not used within a few seconds from the window's load event. Please make sure it has an appropriate `as` value and it is preloaded intentionally. @ http://localhost:3000/:0
[46123096ms] [WARNING] The resource https://i.ytimg.com/vi/VKeF820DlGU/maxresdefault.jpg was preloaded using link preload but not used within a few seconds from the window's load event. Please make sure it has an appropriate `as` value and it is preloaded intentionally. @ http://localhost:3000/:0
[46135033ms] [WARNING] The resource https://i.ytimg.com/vi/732dkRJZOLE/maxresdefault.jpg was preloaded using link preload but not used within a few seconds from the window's load event. Please make sure it has an appropriate `as` value and it is preloaded intentionally. @ http://localhost:3000/:0
[46135033ms] [WARNING] The resource https://i.ytimg.com/vi/-KnzDx8UV5M/maxresdefault.jpg was preloaded using link preload but not used within a few seconds from the window's load event. Please make sure it has an appropriate `as` value and it is preloaded intentionally. @ http://localhost:3000/:0
[46135033ms] [WARNING] The resource https://i.ytimg.com/vi/cXFQuxZF61Q/maxresdefault.jpg was preloaded using link preload but not used within a few seconds from the window's load event. Please make sure it has an appropriate `as` value and it is preloaded intentionally. @ http://localhost:3000/:0
[46135033ms] [WARNING] The resource https://i.ytimg.com/vi/haisvt45Kdc/maxresdefault.jpg was preloaded using link preload but not used within a few seconds from the window's load event. Please make sure it has an appropriate `as` value and it is preloaded intentionally. @ http://localhost:3000/:0
[46135033ms] [WARNING] The resource https://i.ytimg.com/vi/VKeF820DlGU/maxresdefault.jpg was preloaded using link preload but not used within a few seconds from the window's load event. Please make sure it has an appropriate `as` value and it is preloaded intentionally. @ http://localhost:3000/:0
[46158541ms] [WARNING] The resource https://i.ytimg.com/vi/732dkRJZOLE/maxresdefault.jpg was preloaded using link preload but not used within a few seconds from the window's load event. Please make sure it has an appropriate `as` value and it is preloaded intentionally. @ http://localhost:3000/:0
[46158541ms] [WARNING] The resource https://i.ytimg.com/vi/-KnzDx8UV5M/maxresdefault.jpg was preloaded using link preload but not used within a few seconds from the window's load event. Please make sure it has an appropriate `as` value and it is preloaded intentionally. @ http://localhost:3000/:0
[46158541ms] [WARNING] The resource https://i.ytimg.com/vi/cXFQuxZF61Q/maxresdefault.jpg was preloaded using link preload but not used within a few seconds from the window's load event. Please make sure it has an appropriate `as` value and it is preloaded intentionally. @ http://localhost:3000/:0
[46158541ms] [WARNING] The resource https://i.ytimg.com/vi/haisvt45Kdc/maxresdefault.jpg was preloaded using link preload but not used within a few seconds from the window's load event. Please make sure it has an appropriate `as` value and it is preloaded intentionally. @ http://localhost:3000/:0
[46158541ms] [WARNING] The resource https://i.ytimg.com/vi/VKeF820DlGU/maxresdefault.jpg was preloaded using link preload but not used within a few seconds from the window's load event. Please make sure it has an appropriate `as` value and it is preloaded intentionally. @ http://localhost:3000/:0
[46170470ms] [WARNING] The resource https://i.ytimg.com/vi/732dkRJZOLE/maxresdefault.jpg was preloaded using link preload but not used within a few seconds from the window's load event. Please make sure it has an appropriate `as` value and it is preloaded intentionally. @ http://localhost:3000/:0
[46170470ms] [WARNING] The resource https://i.ytimg.com/vi/-KnzDx8UV5M/maxresdefault.jpg was preloaded using link preload but not used within a few seconds from the window's load event. Please make sure it has an appropriate `as` value and it is preloaded intentionally. @ http://localhost:3000/:0
[46170470ms] [WARNING] The resource https://i.ytimg.com/vi/cXFQuxZF61Q/maxresdefault.jpg was preloaded using link preload but not used within a few seconds from the window's load event. Please make sure it has an appropriate `as` value and it is preloaded intentionally. @ http://localhost:3000/:0
[46170470ms] [WARNING] The resource https://i.ytimg.com/vi/haisvt45Kdc/maxresdefault.jpg was preloaded using link preload but not used within a few seconds from the window's load event. Please make sure it has an appropriate `as` value and it is preloaded intentionally. @ http://localhost:3000/:0
[46170470ms] [WARNING] The resource https://i.ytimg.com/vi/VKeF820DlGU/maxresdefault.jpg was preloaded using link preload but not used within a few seconds from the window's load event. Please make sure it has an appropriate `as` value and it is preloaded intentionally. @ http://localhost:3000/:0
[46193960ms] [WARNING] The resource https://i.ytimg.com/vi/732dkRJZOLE/maxresdefault.jpg was preloaded using link preload but not used within a few seconds from the window's load event. Please make sure it has an appropriate `as` value and it is preloaded intentionally. @ http://localhost:3000/:0
[46193960ms] [WARNING] The resource https://i.ytimg.com/vi/-KnzDx8UV5M/maxresdefault.jpg was preloaded using link preload but not used within a few seconds from the window's load event. Please make sure it has an appropriate `as` value and it is preloaded intentionally. @ http://localhost:3000/:0
[46193960ms] [WARNING] The resource https://i.ytimg.com/vi/cXFQuxZF61Q/maxresdefault.jpg was preloaded using link preload but not used within a few seconds from the window's load event. Please make sure it has an appropriate `as` value and it is preloaded intentionally. @ http://localhost:3000/:0
[46193960ms] [WARNING] The resource https://i.ytimg.com/vi/haisvt45Kdc/maxresdefault.jpg was preloaded using link preload but not used within a few seconds from the window's load event. Please make sure it has an appropriate `as` value and it is preloaded intentionally. @ http://localhost:3000/:0
[46193960ms] [WARNING] The resource https://i.ytimg.com/vi/VKeF820DlGU/maxresdefault.jpg was preloaded using link preload but not used within a few seconds from the window's load event. Please make sure it has an appropriate `as` value and it is preloaded intentionally. @ http://localhost:3000/:0
[46205902ms] [WARNING] The resource https://i.ytimg.com/vi/732dkRJZOLE/maxresdefault.jpg was preloaded using link preload but not used within a few seconds from the window's load event. Please make sure it has an appropriate `as` value and it is preloaded intentionally. @ http://localhost:3000/:0
[46205902ms] [WARNING] The resource https://i.ytimg.com/vi/-KnzDx8UV5M/maxresdefault.jpg was preloaded using link preload but not used within a few seconds from the window's load event. Please make sure it has an appropriate `as` value and it is preloaded intentionally. @ http://localhost:3000/:0
[46205902ms] [WARNING] The resource https://i.ytimg.com/vi/cXFQuxZF61Q/maxresdefault.jpg was preloaded using link preload but not used within a few seconds from the window's load event. Please make sure it has an appropriate `as` value and it is preloaded intentionally. @ http://localhost:3000/:0
[46205902ms] [WARNING] The resource https://i.ytimg.com/vi/haisvt45Kdc/maxresdefault.jpg was preloaded using link preload but not used within a few seconds from the window's load event. Please make sure it has an appropriate `as` value and it is preloaded intentionally. @ http://localhost:3000/:0
[46205902ms] [WARNING] The resource https://i.ytimg.com/vi/VKeF820DlGU/maxresdefault.jpg was preloaded using link preload but not used within a few seconds from the window's load event. Please make sure it has an appropriate `as` value and it is preloaded intentionally. @ http://localhost:3000/:0
[46228344ms] [LOG] [Fast Refresh] rebuilding @ http://localhost:3000/_next/static/chunks/node_modules_next_dist_f3530cac._.js:2297
[46228999ms] [LOG] [Fast Refresh] done in 726ms @ http://localhost:3000/_next/static/chunks/node_modules_next_dist_f3530cac._.js:2297
[46231998ms] [WARNING] The resource https://i.ytimg.com/vi/732dkRJZOLE/maxresdefault.jpg was preloaded using link preload but not used within a few seconds from the window's load event. Please make sure it has an appropriate `as` value and it is preloaded intentionally. @ http://localhost:3000/:0
[46231998ms] [WARNING] The resource https://i.ytimg.com/vi/-KnzDx8UV5M/maxresdefault.jpg was preloaded using link preload but not used within a few seconds from the window's load event. Please make sure it has an appropriate `as` value and it is preloaded intentionally. @ http://localhost:3000/:0
[46231998ms] [WARNING] The resource https://i.ytimg.com/vi/cXFQuxZF61Q/maxresdefault.jpg was preloaded using link preload but not used within a few seconds from the window's load event. Please make sure it has an appropriate `as` value and it is preloaded intentionally. @ http://localhost:3000/:0
[46231998ms] [WARNING] The resource https://i.ytimg.com/vi/haisvt45Kdc/maxresdefault.jpg was preloaded using link preload but not used within a few seconds from the window's load event. Please make sure it has an appropriate `as` value and it is preloaded intentionally. @ http://localhost:3000/:0
[46231998ms] [WARNING] The resource https://i.ytimg.com/vi/VKeF820DlGU/maxresdefault.jpg was preloaded using link preload but not used within a few seconds from the window's load event. Please make sure it has an appropriate `as` value and it is preloaded intentionally. @ http://localhost:3000/:0
[46237289ms] [LOG] [Fast Refresh] rebuilding @ http://localhost:3000/_next/static/chunks/node_modules_next_dist_f3530cac._.js:2297
[46237498ms] [LOG] [Fast Refresh] done in 309ms @ http://localhost:3000/_next/static/chunks/node_modules_next_dist_f3530cac._.js:2297
[46241340ms] [WARNING] The resource https://i.ytimg.com/vi/732dkRJZOLE/maxresdefault.jpg was preloaded using link preload but not used within a few seconds from the window's load event. Please make sure it has an appropriate `as` value and it is preloaded intentionally. @ http://localhost:3000/:0
[46241340ms] [WARNING] The resource https://i.ytimg.com/vi/-KnzDx8UV5M/maxresdefault.jpg was preloaded using link preload but not used within a few seconds from the window's load event. Please make sure it has an appropriate `as` value and it is preloaded intentionally. @ http://localhost:3000/:0
[46241340ms] [WARNING] The resource https://i.ytimg.com/vi/cXFQuxZF61Q/maxresdefault.jpg was preloaded using link preload but not used within a few seconds from the window's load event. Please make sure it has an appropriate `as` value and it is preloaded intentionally. @ http://localhost:3000/:0
[46241340ms] [WARNING] The resource https://i.ytimg.com/vi/haisvt45Kdc/maxresdefault.jpg was preloaded using link preload but not used within a few seconds from the window's load event. Please make sure it has an appropriate `as` value and it is preloaded intentionally. @ http://localhost:3000/:0
[46241340ms] [WARNING] The resource https://i.ytimg.com/vi/VKeF820DlGU/maxresdefault.jpg was preloaded using link preload but not used within a few seconds from the window's load event. Please make sure it has an appropriate `as` value and it is preloaded intentionally. @ http://localhost:3000/:0
[46264844ms] [WARNING] The resource https://i.ytimg.com/vi/732dkRJZOLE/maxresdefault.jpg was preloaded using link preload but not used within a few seconds from the window's load event. Please make sure it has an appropriate `as` value and it is preloaded intentionally. @ http://localhost:3000/:0
[46264844ms] [WARNING] The resource https://i.ytimg.com/vi/-KnzDx8UV5M/maxresdefault.jpg was preloaded using link preload but not used within a few seconds from the window's load event. Please make sure it has an appropriate `as` value and it is preloaded intentionally. @ http://localhost:3000/:0
[46264844ms] [WARNING] The resource https://i.ytimg.com/vi/cXFQuxZF61Q/maxresdefault.jpg was preloaded using link preload but not used within a few seconds from the window's load event. Please make sure it has an appropriate `as` value and it is preloaded intentionally. @ http://localhost:3000/:0
[46264844ms] [WARNING] The resource https://i.ytimg.com/vi/haisvt45Kdc/maxresdefault.jpg was preloaded using link preload but not used within a few seconds from the window's load event. Please make sure it has an appropriate `as` value and it is preloaded intentionally. @ http://localhost:3000/:0
[46264844ms] [WARNING] The resource https://i.ytimg.com/vi/VKeF820DlGU/maxresdefault.jpg was preloaded using link preload but not used within a few seconds from the window's load event. Please make sure it has an appropriate `as` value and it is preloaded intentionally. @ http://localhost:3000/:0
[46269161ms] [LOG] [Fast Refresh] rebuilding @ http://localhost:3000/_next/static/chunks/node_modules_next_dist_f3530cac._.js:2297
[46269284ms] [LOG] [Fast Refresh] done in 224ms @ http://localhost:3000/_next/static/chunks/node_modules_next_dist_f3530cac._.js:2297
[46276780ms] [WARNING] The resource https://i.ytimg.com/vi/732dkRJZOLE/maxresdefault.jpg was preloaded using link preload but not used within a few seconds from the window's load event. Please make sure it has an appropriate `as` value and it is preloaded intentionally. @ http://localhost:3000/:0
[46276781ms] [WARNING] The resource https://i.ytimg.com/vi/-KnzDx8UV5M/maxresdefault.jpg was preloaded using link preload but not used within a few seconds from the window's load event. Please make sure it has an appropriate `as` value and it is preloaded intentionally. @ http://localhost:3000/:0
[46276781ms] [WARNING] The resource https://i.ytimg.com/vi/cXFQuxZF61Q/maxresdefault.jpg was preloaded using link preload but not used within a few seconds from the window's load event. Please make sure it has an appropriate `as` value and it is preloaded intentionally. @ http://localhost:3000/:0
[46276781ms] [WARNING] The resource https://i.ytimg.com/vi/haisvt45Kdc/maxresdefault.jpg was preloaded using link preload but not used within a few seconds from the window's load event. Please make sure it has an appropriate `as` value and it is preloaded intentionally. @ http://localhost:3000/:0
[46276781ms] [WARNING] The resource https://i.ytimg.com/vi/VKeF820DlGU/maxresdefault.jpg was preloaded using link preload but not used within a few seconds from the window's load event. Please make sure it has an appropriate `as` value and it is preloaded intentionally. @ http://localhost:3000/:0
[46300277ms] [WARNING] The resource https://i.ytimg.com/vi/732dkRJZOLE/maxresdefault.jpg was preloaded using link preload but not used within a few seconds from the window's load event. Please make sure it has an appropriate `as` value and it is preloaded intentionally. @ http://localhost:3000/:0
[46300277ms] [WARNING] The resource https://i.ytimg.com/vi/-KnzDx8UV5M/maxresdefault.jpg was preloaded using link preload but not used within a few seconds from the window's load event. Please make sure it has an appropriate `as` value and it is preloaded intentionally. @ http://localhost:3000/:0
[46300277ms] [WARNING] The resource https://i.ytimg.com/vi/cXFQuxZF61Q/maxresdefault.jpg was preloaded using link preload but not used within a few seconds from the window's load event. Please make sure it has an appropriate `as` value and it is preloaded intentionally. @ http://localhost:3000/:0
[46300277ms] [WARNING] The resource https://i.ytimg.com/vi/haisvt45Kdc/maxresdefault.jpg was preloaded using link preload but not used within a few seconds from the window's load event. Please make sure it has an appropriate `as` value and it is preloaded intentionally. @ http://localhost:3000/:0
[46300277ms] [WARNING] The resource https://i.ytimg.com/vi/VKeF820DlGU/maxresdefault.jpg was preloaded using link preload but not used within a few seconds from the window's load event. Please make sure it has an appropriate `as` value and it is preloaded intentionally. @ http://localhost:3000/:0
[46305673ms] [LOG] [Fast Refresh] rebuilding @ http://localhost:3000/_next/static/chunks/node_modules_next_dist_f3530cac._.js:2297
[46305922ms] [LOG] [Fast Refresh] done in 306ms @ http://localhost:3000/_next/static/chunks/node_modules_next_dist_f3530cac._.js:2297
[46308899ms] [WARNING] The resource https://i.ytimg.com/vi/732dkRJZOLE/maxresdefault.jpg was preloaded using link preload but not used within a few seconds from the window's load event. Please make sure it has an appropriate `as` value and it is preloaded intentionally. @ http://localhost:3000/:0
[46308899ms] [WARNING] The resource https://i.ytimg.com/vi/-KnzDx8UV5M/maxresdefault.jpg was preloaded using link preload but not used within a few seconds from the window's load event. Please make sure it has an appropriate `as` value and it is preloaded intentionally. @ http://localhost:3000/:0
[46308899ms] [WARNING] The resource https://i.ytimg.com/vi/cXFQuxZF61Q/maxresdefault.jpg was preloaded using link preload but not used within a few seconds from the window's load event. Please make sure it has an appropriate `as` value and it is preloaded intentionally. @ http://localhost:3000/:0
[46308899ms] [WARNING] The resource https://i.ytimg.com/vi/haisvt45Kdc/maxresdefault.jpg was preloaded using link preload but not used within a few seconds from the window's load event. Please make sure it has an appropriate `as` value and it is preloaded intentionally. @ http://localhost:3000/:0
[46308899ms] [WARNING] The resource https://i.ytimg.com/vi/VKeF820DlGU/maxresdefault.jpg was preloaded using link preload but not used within a few seconds from the window's load event. Please make sure it has an appropriate `as` value and it is preloaded intentionally. @ http://localhost:3000/:0
[46312223ms] [WARNING] The resource https://i.ytimg.com/vi/732dkRJZOLE/maxresdefault.jpg was preloaded using link preload but not used within a few seconds from the window's load event. Please make sure it has an appropriate `as` value and it is preloaded intentionally. @ http://localhost:3000/:0
[46312223ms] [WARNING] The resource https://i.ytimg.com/vi/-KnzDx8UV5M/maxresdefault.jpg was preloaded using link preload but not used within a few seconds from the window's load event. Please make sure it has an appropriate `as` value and it is preloaded intentionally. @ http://localhost:3000/:0
[46312223ms] [WARNING] The resource https://i.ytimg.com/vi/cXFQuxZF61Q/maxresdefault.jpg was preloaded using link preload but not used within a few seconds from the window's load event. Please make sure it has an appropriate `as` value and it is preloaded intentionally. @ http://localhost:3000/:0
[46312223ms] [WARNING] The resource https://i.ytimg.com/vi/haisvt45Kdc/maxresdefault.jpg was preloaded using link preload but not used within a few seconds from the window's load event. Please make sure it has an appropriate `as` value and it is preloaded intentionally. @ http://localhost:3000/:0
[46312223ms] [WARNING] The resource https://i.ytimg.com/vi/VKeF820DlGU/maxresdefault.jpg was preloaded using link preload but not used within a few seconds from the window's load event. Please make sure it has an appropriate `as` value and it is preloaded intentionally. @ http://localhost:3000/:0
[46335723ms] [WARNING] The resource https://i.ytimg.com/vi/732dkRJZOLE/maxresdefault.jpg was preloaded using link preload but not used within a few seconds from the window's load event. Please make sure it has an appropriate `as` value and it is preloaded intentionally. @ http://localhost:3000/:0
[46335724ms] [WARNING] The resource https://i.ytimg.com/vi/-KnzDx8UV5M/maxresdefault.jpg was preloaded using link preload but not used within a few seconds from the window's load event. Please make sure it has an appropriate `as` value and it is preloaded intentionally. @ http://localhost:3000/:0
[46335724ms] [WARNING] The resource https://i.ytimg.com/vi/cXFQuxZF61Q/maxresdefault.jpg was preloaded using link preload but not used within a few seconds from the window's load event. Please make sure it has an appropriate `as` value and it is preloaded intentionally. @ http://localhost:3000/:0
[46335724ms] [WARNING] The resource https://i.ytimg.com/vi/haisvt45Kdc/maxresdefault.jpg was preloaded using link preload but not used within a few seconds from the window's load event. Please make sure it has an appropriate `as` value and it is preloaded intentionally. @ http://localhost:3000/:0
[46335724ms] [WARNING] The resource https://i.ytimg.com/vi/VKeF820DlGU/maxresdefault.jpg was preloaded using link preload but not used within a few seconds from the window's load event. Please make sure it has an appropriate `as` value and it is preloaded intentionally. @ http://localhost:3000/:0
[46347662ms] [WARNING] The resource https://i.ytimg.com/vi/732dkRJZOLE/maxresdefault.jpg was preloaded using link preload but not used within a few seconds from the window's load event. Please make sure it has an appropriate `as` value and it is preloaded intentionally. @ http://localhost:3000/:0
[46347662ms] [WARNING] The resource https://i.ytimg.com/vi/-KnzDx8UV5M/maxresdefault.jpg was preloaded using link preload but not used within a few seconds from the window's load event. Please make sure it has an appropriate `as` value and it is preloaded intentionally. @ http://localhost:3000/:0
[46347662ms] [WARNING] The resource https://i.ytimg.com/vi/cXFQuxZF61Q/maxresdefault.jpg was preloaded using link preload but not used within a few seconds from the window's load event. Please make sure it has an appropriate `as` value and it is preloaded intentionally. @ http://localhost:3000/:0
[46347662ms] [WARNING] The resource https://i.ytimg.com/vi/haisvt45Kdc/maxresdefault.jpg was preloaded using link preload but not used within a few seconds from the window's load event. Please make sure it has an appropriate `as` value and it is preloaded intentionally. @ http://localhost:3000/:0
[46347662ms] [WARNING] The resource https://i.ytimg.com/vi/VKeF820DlGU/maxresdefault.jpg was preloaded using link preload but not used within a few seconds from the window's load event. Please make sure it has an appropriate `as` value and it is preloaded intentionally. @ http://localhost:3000/:0
[46371157ms] [WARNING] The resource https://i.ytimg.com/vi/732dkRJZOLE/maxresdefault.jpg was preloaded using link preload but not used within a few seconds from the window's load event. Please make sure it has an appropriate `as` value and it is preloaded intentionally. @ http://localhost:3000/:0
[46371157ms] [WARNING] The resource https://i.ytimg.com/vi/-KnzDx8UV5M/maxresdefault.jpg was preloaded using link preload but not used within a few seconds from the window's load event. Please make sure it has an appropriate `as` value and it is preloaded intentionally. @ http://localhost:3000/:0
[46371157ms] [WARNING] The resource https://i.ytimg.com/vi/cXFQuxZF61Q/maxresdefault.jpg was preloaded using link preload but not used within a few seconds from the window's load event. Please make sure it has an appropriate `as` value and it is preloaded intentionally. @ http://localhost:3000/:0
[46371157ms] [WARNING] The resource https://i.ytimg.com/vi/haisvt45Kdc/maxresdefault.jpg was preloaded using link preload but not used within a few seconds from the window's load event. Please make sure it has an appropriate `as` value and it is preloaded intentionally. @ http://localhost:3000/:0
[46371157ms] [WARNING] The resource https://i.ytimg.com/vi/VKeF820DlGU/maxresdefault.jpg was preloaded using link preload but not used within a few seconds from the window's load event. Please make sure it has an appropriate `as` value and it is preloaded intentionally. @ http://localhost:3000/:0
[46383100ms] [WARNING] The resource https://i.ytimg.com/vi/732dkRJZOLE/maxresdefault.jpg was preloaded using link preload but not used within a few seconds from the window's load event. Please make sure it has an appropriate `as` value and it is preloaded intentionally. @ http://localhost:3000/:0
[46383100ms] [WARNING] The resource https://i.ytimg.com/vi/-KnzDx8UV5M/maxresdefault.jpg was preloaded using link preload but not used within a few seconds from the window's load event. Please make sure it has an appropriate `as` value and it is preloaded intentionally. @ http://localhost:3000/:0
[46383100ms] [WARNING] The resource https://i.ytimg.com/vi/cXFQuxZF61Q/maxresdefault.jpg was preloaded using link preload but not used within a few seconds from the window's load event. Please make sure it has an appropriate `as` value and it is preloaded intentionally. @ http://localhost:3000/:0
[46383100ms] [WARNING] The resource https://i.ytimg.com/vi/haisvt45Kdc/maxresdefault.jpg was preloaded using link preload but not used within a few seconds from the window's load event. Please make sure it has an appropriate `as` value and it is preloaded intentionally. @ http://localhost:3000/:0
[46383100ms] [WARNING] The resource https://i.ytimg.com/vi/VKeF820DlGU/maxresdefault.jpg was preloaded using link preload but not used within a few seconds from the window's load event. Please make sure it has an appropriate `as` value and it is preloaded intentionally. @ http://localhost:3000/:0
[46406602ms] [WARNING] The resource https://i.ytimg.com/vi/732dkRJZOLE/maxresdefault.jpg was preloaded using link preload but not used within a few seconds from the window's load event. Please make sure it has an appropriate `as` value and it is preloaded intentionally. @ http://localhost:3000/:0
[46406602ms] [WARNING] The resource https://i.ytimg.com/vi/-KnzDx8UV5M/maxresdefault.jpg was preloaded using link preload but not used within a few seconds from the window's load event. Please make sure it has an appropriate `as` value and it is preloaded intentionally. @ http://localhost:3000/:0
[46406602ms] [WARNING] The resource https://i.ytimg.com/vi/cXFQuxZF61Q/maxresdefault.jpg was preloaded using link preload but not used within a few seconds from the window's load event. Please make sure it has an appropriate `as` value and it is preloaded intentionally. @ http://localhost:3000/:0
[46406602ms] [WARNING] The resource https://i.ytimg.com/vi/haisvt45Kdc/maxresdefault.jpg was preloaded using link preload but not used within a few seconds from the window's load event. Please make sure it has an appropriate `as` value and it is preloaded intentionally. @ http://localhost:3000/:0
[46406602ms] [WARNING] The resource https://i.ytimg.com/vi/VKeF820DlGU/maxresdefault.jpg was preloaded using link preload but not used within a few seconds from the window's load event. Please make sure it has an appropriate `as` value and it is preloaded intentionally. @ http://localhost:3000/:0
[46418538ms] [WARNING] The resource https://i.ytimg.com/vi/732dkRJZOLE/maxresdefault.jpg was preloaded using link preload but not used within a few seconds from the window's load event. Please make sure it has an appropriate `as` value and it is preloaded intentionally. @ http://localhost:3000/:0
[46418538ms] [WARNING] The resource https://i.ytimg.com/vi/-KnzDx8UV5M/maxresdefault.jpg was preloaded using link preload but not used within a few seconds from the window's load event. Please make sure it has an appropriate `as` value and it is preloaded intentionally. @ http://localhost:3000/:0
[46418538ms] [WARNING] The resource https://i.ytimg.com/vi/cXFQuxZF61Q/maxresdefault.jpg was preloaded using link preload but not used within a few seconds from the window's load event. Please make sure it has an appropriate `as` value and it is preloaded intentionally. @ http://localhost:3000/:0
[46418538ms] [WARNING] The resource https://i.ytimg.com/vi/haisvt45Kdc/maxresdefault.jpg was preloaded using link preload but not used within a few seconds from the window's load event. Please make sure it has an appropriate `as` value and it is preloaded intentionally. @ http://localhost:3000/:0
[46418538ms] [WARNING] The resource https://i.ytimg.com/vi/VKeF820DlGU/maxresdefault.jpg was preloaded using link preload but not used within a few seconds from the window's load event. Please make sure it has an appropriate `as` value and it is preloaded intentionally. @ http://localhost:3000/:0
[46442027ms] [WARNING] The resource https://i.ytimg.com/vi/732dkRJZOLE/maxresdefault.jpg was preloaded using link preload but not used within a few seconds from the window's load event. Please make sure it has an appropriate `as` value and it is preloaded intentionally. @ http://localhost:3000/:0
[46442027ms] [WARNING] The resource https://i.ytimg.com/vi/-KnzDx8UV5M/maxresdefault.jpg was preloaded using link preload but not used within a few seconds from the window's load event. Please make sure it has an appropriate `as` value and it is preloaded intentionally. @ http://localhost:3000/:0
[46442027ms] [WARNING] The resource https://i.ytimg.com/vi/cXFQuxZF61Q/maxresdefault.jpg was preloaded using link preload but not used within a few seconds from the window's load event. Please make sure it has an appropriate `as` value and it is preloaded intentionally. @ http://localhost:3000/:0
[46442027ms] [WARNING] The resource https://i.ytimg.com/vi/haisvt45Kdc/maxresdefault.jpg was preloaded using link preload but not used within a few seconds from the window's load event. Please make sure it has an appropriate `as` value and it is preloaded intentionally. @ http://localhost:3000/:0
[46442028ms] [WARNING] The resource https://i.ytimg.com/vi/VKeF820DlGU/maxresdefault.jpg was preloaded using link preload but not used within a few seconds from the window's load event. Please make sure it has an appropriate `as` value and it is preloaded intentionally. @ http://localhost:3000/:0
[46453978ms] [WARNING] The resource https://i.ytimg.com/vi/732dkRJZOLE/maxresdefault.jpg was preloaded using link preload but not used within a few seconds from the window's load event. Please make sure it has an appropriate `as` value and it is preloaded intentionally. @ http://localhost:3000/:0
[46453978ms] [WARNING] The resource https://i.ytimg.com/vi/-KnzDx8UV5M/maxresdefault.jpg was preloaded using link preload but not used within a few seconds from the window's load event. Please make sure it has an appropriate `as` value and it is preloaded intentionally. @ http://localhost:3000/:0
[46453978ms] [WARNING] The resource https://i.ytimg.com/vi/cXFQuxZF61Q/maxresdefault.jpg was preloaded using link preload but not used within a few seconds from the window's load event. Please make sure it has an appropriate `as` value and it is preloaded intentionally. @ http://localhost:3000/:0
[46453978ms] [WARNING] The resource https://i.ytimg.com/vi/haisvt45Kdc/maxresdefault.jpg was preloaded using link preload but not used within a few seconds from the window's load event. Please make sure it has an appropriate `as` value and it is preloaded intentionally. @ http://localhost:3000/:0
[46453978ms] [WARNING] The resource https://i.ytimg.com/vi/VKeF820DlGU/maxresdefault.jpg was preloaded using link preload but not used within a few seconds from the window's load event. Please make sure it has an appropriate `as` value and it is preloaded intentionally. @ http://localhost:3000/:0
[46477470ms] [WARNING] The resource https://i.ytimg.com/vi/732dkRJZOLE/maxresdefault.jpg was preloaded using link preload but not used within a few seconds from the window's load event. Please make sure it has an appropriate `as` value and it is preloaded intentionally. @ http://localhost:3000/:0
[46477470ms] [WARNING] The resource https://i.ytimg.com/vi/-KnzDx8UV5M/maxresdefault.jpg was preloaded using link preload but not used within a few seconds from the window's load event. Please make sure it has an appropriate `as` value and it is preloaded intentionally. @ http://localhost:3000/:0
[46477470ms] [WARNING] The resource https://i.ytimg.com/vi/cXFQuxZF61Q/maxresdefault.jpg was preloaded using link preload but not used within a few seconds from the window's load event. Please make sure it has an appropriate `as` value and it is preloaded intentionally. @ http://localhost:3000/:0
[46477470ms] [WARNING] The resource https://i.ytimg.com/vi/haisvt45Kdc/maxresdefault.jpg was preloaded using link preload but not used within a few seconds from the window's load event. Please make sure it has an appropriate `as` value and it is preloaded intentionally. @ http://localhost:3000/:0
[46477470ms] [WARNING] The resource https://i.ytimg.com/vi/VKeF820DlGU/maxresdefault.jpg was preloaded using link preload but not used within a few seconds from the window's load event. Please make sure it has an appropriate `as` value and it is preloaded intentionally. @ http://localhost:3000/:0
[46489409ms] [WARNING] The resource https://i.ytimg.com/vi/732dkRJZOLE/maxresdefault.jpg was preloaded using link preload but not used within a few seconds from the window's load event. Please make sure it has an appropriate `as` value and it is preloaded intentionally. @ http://localhost:3000/:0
[46489409ms] [WARNING] The resource https://i.ytimg.com/vi/-KnzDx8UV5M/maxresdefault.jpg was preloaded using link preload but not used within a few seconds from the window's load event. Please make sure it has an appropriate `as` value and it is preloaded intentionally. @ http://localhost:3000/:0
[46489409ms] [WARNING] The resource https://i.ytimg.com/vi/cXFQuxZF61Q/maxresdefault.jpg was preloaded using link preload but not used within a few seconds from the window's load event. Please make sure it has an appropriate `as` value and it is preloaded intentionally. @ http://localhost:3000/:0
[46489409ms] [WARNING] The resource https://i.ytimg.com/vi/haisvt45Kdc/maxresdefault.jpg was preloaded using link preload but not used within a few seconds from the window's load event. Please make sure it has an appropriate `as` value and it is preloaded intentionally. @ http://localhost:3000/:0
[46489409ms] [WARNING] The resource https://i.ytimg.com/vi/VKeF820DlGU/maxresdefault.jpg was preloaded using link preload but not used within a few seconds from the window's load event. Please make sure it has an appropriate `as` value and it is preloaded intentionally. @ http://localhost:3000/:0
[46512902ms] [WARNING] The resource https://i.ytimg.com/vi/732dkRJZOLE/maxresdefault.jpg was preloaded using link preload but not used within a few seconds from the window's load event. Please make sure it has an appropriate `as` value and it is preloaded intentionally. @ http://localhost:3000/:0
[46512902ms] [WARNING] The resource https://i.ytimg.com/vi/-KnzDx8UV5M/maxresdefault.jpg was preloaded using link preload but not used within a few seconds from the window's load event. Please make sure it has an appropriate `as` value and it is preloaded intentionally. @ http://localhost:3000/:0
[46512902ms] [WARNING] The resource https://i.ytimg.com/vi/cXFQuxZF61Q/maxresdefault.jpg was preloaded using link preload but not used within a few seconds from the window's load event. Please make sure it has an appropriate `as` value and it is preloaded intentionally. @ http://localhost:3000/:0
[46512902ms] [WARNING] The resource https://i.ytimg.com/vi/haisvt45Kdc/maxresdefault.jpg was preloaded using link preload but not used within a few seconds from the window's load event. Please make sure it has an appropriate `as` value and it is preloaded intentionally. @ http://localhost:3000/:0
[46512902ms] [WARNING] The resource https://i.ytimg.com/vi/VKeF820DlGU/maxresdefault.jpg was preloaded using link preload but not used within a few seconds from the window's load event. Please make sure it has an appropriate `as` value and it is preloaded intentionally. @ http://localhost:3000/:0
[46524841ms] [WARNING] The resource https://i.ytimg.com/vi/732dkRJZOLE/maxresdefault.jpg was preloaded using link preload but not used within a few seconds from the window's load event. Please make sure it has an appropriate `as` value and it is preloaded intentionally. @ http://localhost:3000/:0
[46524842ms] [WARNING] The resource https://i.ytimg.com/vi/-KnzDx8UV5M/maxresdefault.jpg was preloaded using link preload but not used within a few seconds from the window's load event. Please make sure it has an appropriate `as` value and it is preloaded intentionally. @ http://localhost:3000/:0
[46524842ms] [WARNING] The resource https://i.ytimg.com/vi/cXFQuxZF61Q/maxresdefault.jpg was preloaded using link preload but not used within a few seconds from the window's load event. Please make sure it has an appropriate `as` value and it is preloaded intentionally. @ http://localhost:3000/:0
[46524842ms] [WARNING] The resource https://i.ytimg.com/vi/haisvt45Kdc/maxresdefault.jpg was preloaded using link preload but not used within a few seconds from the window's load event. Please make sure it has an appropriate `as` value and it is preloaded intentionally. @ http://localhost:3000/:0
[46524842ms] [WARNING] The resource https://i.ytimg.com/vi/VKeF820DlGU/maxresdefault.jpg was preloaded using link preload but not used within a few seconds from the window's load event. Please make sure it has an appropriate `as` value and it is preloaded intentionally. @ http://localhost:3000/:0
[46548350ms] [WARNING] The resource https://i.ytimg.com/vi/732dkRJZOLE/maxresdefault.jpg was preloaded using link preload but not used within a few seconds from the window's load event. Please make sure it has an appropriate `as` value and it is preloaded intentionally. @ http://localhost:3000/:0
[46548350ms] [WARNING] The resource https://i.ytimg.com/vi/-KnzDx8UV5M/maxresdefault.jpg was preloaded using link preload but not used within a few seconds from the window's load event. Please make sure it has an appropriate `as` value and it is preloaded intentionally. @ http://localhost:3000/:0
[46548350ms] [WARNING] The resource https://i.ytimg.com/vi/cXFQuxZF61Q/maxresdefault.jpg was preloaded using link preload but not used within a few seconds from the window's load event. Please make sure it has an appropriate `as` value and it is preloaded intentionally. @ http://localhost:3000/:0
[46548350ms] [WARNING] The resource https://i.ytimg.com/vi/haisvt45Kdc/maxresdefault.jpg was preloaded using link preload but not used within a few seconds from the window's load event. Please make sure it has an appropriate `as` value and it is preloaded intentionally. @ http://localhost:3000/:0
[46548350ms] [WARNING] The resource https://i.ytimg.com/vi/VKeF820DlGU/maxresdefault.jpg was preloaded using link preload but not used within a few seconds from the window's load event. Please make sure it has an appropriate `as` value and it is preloaded intentionally. @ http://localhost:3000/:0
[46560279ms] [WARNING] The resource https://i.ytimg.com/vi/732dkRJZOLE/maxresdefault.jpg was preloaded using link preload but not used within a few seconds from the window's load event. Please make sure it has an appropriate `as` value and it is preloaded intentionally. @ http://localhost:3000/:0
[46560280ms] [WARNING] The resource https://i.ytimg.com/vi/-KnzDx8UV5M/maxresdefault.jpg was preloaded using link preload but not used within a few seconds from the window's load event. Please make sure it has an appropriate `as` value and it is preloaded intentionally. @ http://localhost:3000/:0
[46560280ms] [WARNING] The resource https://i.ytimg.com/vi/cXFQuxZF61Q/maxresdefault.jpg was preloaded using link preload but not used within a few seconds from the window's load event. Please make sure it has an appropriate `as` value and it is preloaded intentionally. @ http://localhost:3000/:0
[46560280ms] [WARNING] The resource https://i.ytimg.com/vi/haisvt45Kdc/maxresdefault.jpg was preloaded using link preload but not used within a few seconds from the window's load event. Please make sure it has an appropriate `as` value and it is preloaded intentionally. @ http://localhost:3000/:0
[46560280ms] [WARNING] The resource https://i.ytimg.com/vi/VKeF820DlGU/maxresdefault.jpg was preloaded using link preload but not used within a few seconds from the window's load event. Please make sure it has an appropriate `as` value and it is preloaded intentionally. @ http://localhost:3000/:0
[46583768ms] [WARNING] The resource https://i.ytimg.com/vi/732dkRJZOLE/maxresdefault.jpg was preloaded using link preload but not used within a few seconds from the window's load event. Please make sure it has an appropriate `as` value and it is preloaded intentionally. @ http://localhost:3000/:0
[46583768ms] [WARNING] The resource https://i.ytimg.com/vi/-KnzDx8UV5M/maxresdefault.jpg was preloaded using link preload but not used within a few seconds from the window's load event. Please make sure it has an appropriate `as` value and it is preloaded intentionally. @ http://localhost:3000/:0
[46583768ms] [WARNING] The resource https://i.ytimg.com/vi/cXFQuxZF61Q/maxresdefault.jpg was preloaded using link preload but not used within a few seconds from the window's load event. Please make sure it has an appropriate `as` value and it is preloaded intentionally. @ http://localhost:3000/:0
[46583768ms] [WARNING] The resource https://i.ytimg.com/vi/haisvt45Kdc/maxresdefault.jpg was preloaded using link preload but not used within a few seconds from the window's load event. Please make sure it has an appropriate `as` value and it is preloaded intentionally. @ http://localhost:3000/:0
[46583768ms] [WARNING] The resource https://i.ytimg.com/vi/VKeF820DlGU/maxresdefault.jpg was preloaded using link preload but not used within a few seconds from the window's load event. Please make sure it has an appropriate `as` value and it is preloaded intentionally. @ http://localhost:3000/:0
[46595084ms] [LOG] [Fast Refresh] rebuilding @ http://localhost:3000/_next/static/chunks/node_modules_next_dist_f3530cac._.js:2297
[46595533ms] [LOG] [Fast Refresh] done in 550ms @ http://localhost:3000/_next/static/chunks/node_modules_next_dist_f3530cac._.js:2297
[46598387ms] [WARNING] The resource https://i.ytimg.com/vi/732dkRJZOLE/maxresdefault.jpg was preloaded using link preload but not used within a few seconds from the window's load event. Please make sure it has an appropriate `as` value and it is preloaded intentionally. @ http://localhost:3000/:0
[46598387ms] [WARNING] The resource https://i.ytimg.com/vi/-KnzDx8UV5M/maxresdefault.jpg was preloaded using link preload but not used within a few seconds from the window's load event. Please make sure it has an appropriate `as` value and it is preloaded intentionally. @ http://localhost:3000/:0
[46598388ms] [WARNING] The resource https://i.ytimg.com/vi/cXFQuxZF61Q/maxresdefault.jpg was preloaded using link preload but not used within a few seconds from the window's load event. Please make sure it has an appropriate `as` value and it is preloaded intentionally. @ http://localhost:3000/:0
[46598388ms] [WARNING] The resource https://i.ytimg.com/vi/haisvt45Kdc/maxresdefault.jpg was preloaded using link preload but not used within a few seconds from the window's load event. Please make sure it has an appropriate `as` value and it is preloaded intentionally. @ http://localhost:3000/:0
[46598388ms] [WARNING] The resource https://i.ytimg.com/vi/VKeF820DlGU/maxresdefault.jpg was preloaded using link preload but not used within a few seconds from the window's load event. Please make sure it has an appropriate `as` value and it is preloaded intentionally. @ http://localhost:3000/:0
[46619203ms] [WARNING] The resource https://i.ytimg.com/vi/732dkRJZOLE/maxresdefault.jpg was preloaded using link preload but not used within a few seconds from the window's load event. Please make sure it has an appropriate `as` value and it is preloaded intentionally. @ http://localhost:3000/:0
[46619203ms] [WARNING] The resource https://i.ytimg.com/vi/-KnzDx8UV5M/maxresdefault.jpg was preloaded using link preload but not used within a few seconds from the window's load event. Please make sure it has an appropriate `as` value and it is preloaded intentionally. @ http://localhost:3000/:0
[46619203ms] [WARNING] The resource https://i.ytimg.com/vi/cXFQuxZF61Q/maxresdefault.jpg was preloaded using link preload but not used within a few seconds from the window's load event. Please make sure it has an appropriate `as` value and it is preloaded intentionally. @ http://localhost:3000/:0
[46619203ms] [WARNING] The resource https://i.ytimg.com/vi/haisvt45Kdc/maxresdefault.jpg was preloaded using link preload but not used within a few seconds from the window's load event. Please make sure it has an appropriate `as` value and it is preloaded intentionally. @ http://localhost:3000/:0
[46619203ms] [WARNING] The resource https://i.ytimg.com/vi/VKeF820DlGU/maxresdefault.jpg was preloaded using link preload but not used within a few seconds from the window's load event. Please make sure it has an appropriate `as` value and it is preloaded intentionally. @ http://localhost:3000/:0
[46631143ms] [WARNING] The resource https://i.ytimg.com/vi/732dkRJZOLE/maxresdefault.jpg was preloaded using link preload but not used within a few seconds from the window's load event. Please make sure it has an appropriate `as` value and it is preloaded intentionally. @ http://localhost:3000/:0
[46631143ms] [WARNING] The resource https://i.ytimg.com/vi/-KnzDx8UV5M/maxresdefault.jpg was preloaded using link preload but not used within a few seconds from the window's load event. Please make sure it has an appropriate `as` value and it is preloaded intentionally. @ http://localhost:3000/:0
[46631143ms] [WARNING] The resource https://i.ytimg.com/vi/cXFQuxZF61Q/maxresdefault.jpg was preloaded using link preload but not used within a few seconds from the window's load event. Please make sure it has an appropriate `as` value and it is preloaded intentionally. @ http://localhost:3000/:0
[46631143ms] [WARNING] The resource https://i.ytimg.com/vi/haisvt45Kdc/maxresdefault.jpg was preloaded using link preload but not used within a few seconds from the window's load event. Please make sure it has an appropriate `as` value and it is preloaded intentionally. @ http://localhost:3000/:0
[46631143ms] [WARNING] The resource https://i.ytimg.com/vi/VKeF820DlGU/maxresdefault.jpg was preloaded using link preload but not used within a few seconds from the window's load event. Please make sure it has an appropriate `as` value and it is preloaded intentionally. @ http://localhost:3000/:0
[46654629ms] [WARNING] The resource https://i.ytimg.com/vi/732dkRJZOLE/maxresdefault.jpg was preloaded using link preload but not used within a few seconds from the window's load event. Please make sure it has an appropriate `as` value and it is preloaded intentionally. @ http://localhost:3000/:0
[46654629ms] [WARNING] The resource https://i.ytimg.com/vi/-KnzDx8UV5M/maxresdefault.jpg was preloaded using link preload but not used within a few seconds from the window's load event. Please make sure it has an appropriate `as` value and it is preloaded intentionally. @ http://localhost:3000/:0
[46654629ms] [WARNING] The resource https://i.ytimg.com/vi/cXFQuxZF61Q/maxresdefault.jpg was preloaded using link preload but not used within a few seconds from the window's load event. Please make sure it has an appropriate `as` value and it is preloaded intentionally. @ http://localhost:3000/:0
[46654629ms] [WARNING] The resource https://i.ytimg.com/vi/haisvt45Kdc/maxresdefault.jpg was preloaded using link preload but not used within a few seconds from the window's load event. Please make sure it has an appropriate `as` value and it is preloaded intentionally. @ http://localhost:3000/:0
[46654629ms] [WARNING] The resource https://i.ytimg.com/vi/VKeF820DlGU/maxresdefault.jpg was preloaded using link preload but not used within a few seconds from the window's load event. Please make sure it has an appropriate `as` value and it is preloaded intentionally. @ http://localhost:3000/:0
[46666572ms] [WARNING] The resource https://i.ytimg.com/vi/732dkRJZOLE/maxresdefault.jpg was preloaded using link preload but not used within a few seconds from the window's load event. Please make sure it has an appropriate `as` value and it is preloaded intentionally. @ http://localhost:3000/:0
[46666572ms] [WARNING] The resource https://i.ytimg.com/vi/-KnzDx8UV5M/maxresdefault.jpg was preloaded using link preload but not used within a few seconds from the window's load event. Please make sure it has an appropriate `as` value and it is preloaded intentionally. @ http://localhost:3000/:0
[46666572ms] [WARNING] The resource https://i.ytimg.com/vi/cXFQuxZF61Q/maxresdefault.jpg was preloaded using link preload but not used within a few seconds from the window's load event. Please make sure it has an appropriate `as` value and it is preloaded intentionally. @ http://localhost:3000/:0
[46666572ms] [WARNING] The resource https://i.ytimg.com/vi/haisvt45Kdc/maxresdefault.jpg was preloaded using link preload but not used within a few seconds from the window's load event. Please make sure it has an appropriate `as` value and it is preloaded intentionally. @ http://localhost:3000/:0
[46666572ms] [WARNING] The resource https://i.ytimg.com/vi/VKeF820DlGU/maxresdefault.jpg was preloaded using link preload but not used within a few seconds from the window's load event. Please make sure it has an appropriate `as` value and it is preloaded intentionally. @ http://localhost:3000/:0
[46690062ms] [WARNING] The resource https://i.ytimg.com/vi/732dkRJZOLE/maxresdefault.jpg was preloaded using link preload but not used within a few seconds from the window's load event. Please make sure it has an appropriate `as` value and it is preloaded intentionally. @ http://localhost:3000/:0
[46690062ms] [WARNING] The resource https://i.ytimg.com/vi/-KnzDx8UV5M/maxresdefault.jpg was preloaded using link preload but not used within a few seconds from the window's load event. Please make sure it has an appropriate `as` value and it is preloaded intentionally. @ http://localhost:3000/:0
[46690062ms] [WARNING] The resource https://i.ytimg.com/vi/cXFQuxZF61Q/maxresdefault.jpg was preloaded using link preload but not used within a few seconds from the window's load event. Please make sure it has an appropriate `as` value and it is preloaded intentionally. @ http://localhost:3000/:0
[46690062ms] [WARNING] The resource https://i.ytimg.com/vi/haisvt45Kdc/maxresdefault.jpg was preloaded using link preload but not used within a few seconds from the window's load event. Please make sure it has an appropriate `as` value and it is preloaded intentionally. @ http://localhost:3000/:0
[46690062ms] [WARNING] The resource https://i.ytimg.com/vi/VKeF820DlGU/maxresdefault.jpg was preloaded using link preload but not used within a few seconds from the window's load event. Please make sure it has an appropriate `as` value and it is preloaded intentionally. @ http://localhost:3000/:0
[46702008ms] [WARNING] The resource https://i.ytimg.com/vi/732dkRJZOLE/maxresdefault.jpg was preloaded using link preload but not used within a few seconds from the window's load event. Please make sure it has an appropriate `as` value and it is preloaded intentionally. @ http://localhost:3000/:0
[46702008ms] [WARNING] The resource https://i.ytimg.com/vi/-KnzDx8UV5M/maxresdefault.jpg was preloaded using link preload but not used within a few seconds from the window's load event. Please make sure it has an appropriate `as` value and it is preloaded intentionally. @ http://localhost:3000/:0
[46702008ms] [WARNING] The resource https://i.ytimg.com/vi/cXFQuxZF61Q/maxresdefault.jpg was preloaded using link preload but not used within a few seconds from the window's load event. Please make sure it has an appropriate `as` value and it is preloaded intentionally. @ http://localhost:3000/:0
[46702008ms] [WARNING] The resource https://i.ytimg.com/vi/haisvt45Kdc/maxresdefault.jpg was preloaded using link preload but not used within a few seconds from the window's load event. Please make sure it has an appropriate `as` value and it is preloaded intentionally. @ http://localhost:3000/:0
[46702008ms] [WARNING] The resource https://i.ytimg.com/vi/VKeF820DlGU/maxresdefault.jpg was preloaded using link preload but not used within a few seconds from the window's load event. Please make sure it has an appropriate `as` value and it is preloaded intentionally. @ http://localhost:3000/:0
[46725504ms] [WARNING] The resource https://i.ytimg.com/vi/732dkRJZOLE/maxresdefault.jpg was preloaded using link preload but not used within a few seconds from the window's load event. Please make sure it has an appropriate `as` value and it is preloaded intentionally. @ http://localhost:3000/:0
[46725504ms] [WARNING] The resource https://i.ytimg.com/vi/-KnzDx8UV5M/maxresdefault.jpg was preloaded using link preload but not used within a few seconds from the window's load event. Please make sure it has an appropriate `as` value and it is preloaded intentionally. @ http://localhost:3000/:0
[46725504ms] [WARNING] The resource https://i.ytimg.com/vi/cXFQuxZF61Q/maxresdefault.jpg was preloaded using link preload but not used within a few seconds from the window's load event. Please make sure it has an appropriate `as` value and it is preloaded intentionally. @ http://localhost:3000/:0
[46725504ms] [WARNING] The resource https://i.ytimg.com/vi/haisvt45Kdc/maxresdefault.jpg was preloaded using link preload but not used within a few seconds from the window's load event. Please make sure it has an appropriate `as` value and it is preloaded intentionally. @ http://localhost:3000/:0
[46725504ms] [WARNING] The resource https://i.ytimg.com/vi/VKeF820DlGU/maxresdefault.jpg was preloaded using link preload but not used within a few seconds from the window's load event. Please make sure it has an appropriate `as` value and it is preloaded intentionally. @ http://localhost:3000/:0
[46737449ms] [WARNING] The resource https://i.ytimg.com/vi/732dkRJZOLE/maxresdefault.jpg was preloaded using link preload but not used within a few seconds from the window's load event. Please make sure it has an appropriate `as` value and it is preloaded intentionally. @ http://localhost:3000/:0
[46737449ms] [WARNING] The resource https://i.ytimg.com/vi/-KnzDx8UV5M/maxresdefault.jpg was preloaded using link preload but not used within a few seconds from the window's load event. Please make sure it has an appropriate `as` value and it is preloaded intentionally. @ http://localhost:3000/:0
[46737449ms] [WARNING] The resource https://i.ytimg.com/vi/cXFQuxZF61Q/maxresdefault.jpg was preloaded using link preload but not used within a few seconds from the window's load event. Please make sure it has an appropriate `as` value and it is preloaded intentionally. @ http://localhost:3000/:0
[46737449ms] [WARNING] The resource https://i.ytimg.com/vi/haisvt45Kdc/maxresdefault.jpg was preloaded using link preload but not used within a few seconds from the window's load event. Please make sure it has an appropriate `as` value and it is preloaded intentionally. @ http://localhost:3000/:0
[46737450ms] [WARNING] The resource https://i.ytimg.com/vi/VKeF820DlGU/maxresdefault.jpg was preloaded using link preload but not used within a few seconds from the window's load event. Please make sure it has an appropriate `as` value and it is preloaded intentionally. @ http://localhost:3000/:0
[46760939ms] [WARNING] The resource https://i.ytimg.com/vi/732dkRJZOLE/maxresdefault.jpg was preloaded using link preload but not used within a few seconds from the window's load event. Please make sure it has an appropriate `as` value and it is preloaded intentionally. @ http://localhost:3000/:0
[46760939ms] [WARNING] The resource https://i.ytimg.com/vi/-KnzDx8UV5M/maxresdefault.jpg was preloaded using link preload but not used within a few seconds from the window's load event. Please make sure it has an appropriate `as` value and it is preloaded intentionally. @ http://localhost:3000/:0
[46760939ms] [WARNING] The resource https://i.ytimg.com/vi/cXFQuxZF61Q/maxresdefault.jpg was preloaded using link preload but not used within a few seconds from the window's load event. Please make sure it has an appropriate `as` value and it is preloaded intentionally. @ http://localhost:3000/:0
[46760939ms] [WARNING] The resource https://i.ytimg.com/vi/haisvt45Kdc/maxresdefault.jpg was preloaded using link preload but not used within a few seconds from the window's load event. Please make sure it has an appropriate `as` value and it is preloaded intentionally. @ http://localhost:3000/:0
[46760939ms] [WARNING] The resource https://i.ytimg.com/vi/VKeF820DlGU/maxresdefault.jpg was preloaded using link preload but not used within a few seconds from the window's load event. Please make sure it has an appropriate `as` value and it is preloaded intentionally. @ http://localhost:3000/:0
[46772887ms] [WARNING] The resource https://i.ytimg.com/vi/732dkRJZOLE/maxresdefault.jpg was preloaded using link preload but not used within a few seconds from the window's load event. Please make sure it has an appropriate `as` value and it is preloaded intentionally. @ http://localhost:3000/:0
[46772887ms] [WARNING] The resource https://i.ytimg.com/vi/-KnzDx8UV5M/maxresdefault.jpg was preloaded using link preload but not used within a few seconds from the window's load event. Please make sure it has an appropriate `as` value and it is preloaded intentionally. @ http://localhost:3000/:0
[46772887ms] [WARNING] The resource https://i.ytimg.com/vi/cXFQuxZF61Q/maxresdefault.jpg was preloaded using link preload but not used within a few seconds from the window's load event. Please make sure it has an appropriate `as` value and it is preloaded intentionally. @ http://localhost:3000/:0
[46772887ms] [WARNING] The resource https://i.ytimg.com/vi/haisvt45Kdc/maxresdefault.jpg was preloaded using link preload but not used within a few seconds from the window's load event. Please make sure it has an appropriate `as` value and it is preloaded intentionally. @ http://localhost:3000/:0
[46772887ms] [WARNING] The resource https://i.ytimg.com/vi/VKeF820DlGU/maxresdefault.jpg was preloaded using link preload but not used within a few seconds from the window's load event. Please make sure it has an appropriate `as` value and it is preloaded intentionally. @ http://localhost:3000/:0
[46796376ms] [WARNING] The resource https://i.ytimg.com/vi/732dkRJZOLE/maxresdefault.jpg was preloaded using link preload but not used within a few seconds from the window's load event. Please make sure it has an appropriate `as` value and it is preloaded intentionally. @ http://localhost:3000/:0
[46796376ms] [WARNING] The resource https://i.ytimg.com/vi/-KnzDx8UV5M/maxresdefault.jpg was preloaded using link preload but not used within a few seconds from the window's load event. Please make sure it has an appropriate `as` value and it is preloaded intentionally. @ http://localhost:3000/:0
[46796376ms] [WARNING] The resource https://i.ytimg.com/vi/cXFQuxZF61Q/maxresdefault.jpg was preloaded using link preload but not used within a few seconds from the window's load event. Please make sure it has an appropriate `as` value and it is preloaded intentionally. @ http://localhost:3000/:0
[46796376ms] [WARNING] The resource https://i.ytimg.com/vi/haisvt45Kdc/maxresdefault.jpg was preloaded using link preload but not used within a few seconds from the window's load event. Please make sure it has an appropriate `as` value and it is preloaded intentionally. @ http://localhost:3000/:0
[46796376ms] [WARNING] The resource https://i.ytimg.com/vi/VKeF820DlGU/maxresdefault.jpg was preloaded using link preload but not used within a few seconds from the window's load event. Please make sure it has an appropriate `as` value and it is preloaded intentionally. @ http://localhost:3000/:0
[46808316ms] [WARNING] The resource https://i.ytimg.com/vi/732dkRJZOLE/maxresdefault.jpg was preloaded using link preload but not used within a few seconds from the window's load event. Please make sure it has an appropriate `as` value and it is preloaded intentionally. @ http://localhost:3000/:0
[46808316ms] [WARNING] The resource https://i.ytimg.com/vi/-KnzDx8UV5M/maxresdefault.jpg was preloaded using link preload but not used within a few seconds from the window's load event. Please make sure it has an appropriate `as` value and it is preloaded intentionally. @ http://localhost:3000/:0
[46808316ms] [WARNING] The resource https://i.ytimg.com/vi/cXFQuxZF61Q/maxresdefault.jpg was preloaded using link preload but not used within a few seconds from the window's load event. Please make sure it has an appropriate `as` value and it is preloaded intentionally. @ http://localhost:3000/:0
[46808316ms] [WARNING] The resource https://i.ytimg.com/vi/haisvt45Kdc/maxresdefault.jpg was preloaded using link preload but not used within a few seconds from the window's load event. Please make sure it has an appropriate `as` value and it is preloaded intentionally. @ http://localhost:3000/:0
[46808316ms] [WARNING] The resource https://i.ytimg.com/vi/VKeF820DlGU/maxresdefault.jpg was preloaded using link preload but not used within a few seconds from the window's load event. Please make sure it has an appropriate `as` value and it is preloaded intentionally. @ http://localhost:3000/:0
[46831810ms] [WARNING] The resource https://i.ytimg.com/vi/732dkRJZOLE/maxresdefault.jpg was preloaded using link preload but not used within a few seconds from the window's load event. Please make sure it has an appropriate `as` value and it is preloaded intentionally. @ http://localhost:3000/:0
[46831810ms] [WARNING] The resource https://i.ytimg.com/vi/-KnzDx8UV5M/maxresdefault.jpg was preloaded using link preload but not used within a few seconds from the window's load event. Please make sure it has an appropriate `as` value and it is preloaded intentionally. @ http://localhost:3000/:0
[46831810ms] [WARNING] The resource https://i.ytimg.com/vi/cXFQuxZF61Q/maxresdefault.jpg was preloaded using link preload but not used within a few seconds from the window's load event. Please make sure it has an appropriate `as` value and it is preloaded intentionally. @ http://localhost:3000/:0
[46831810ms] [WARNING] The resource https://i.ytimg.com/vi/haisvt45Kdc/maxresdefault.jpg was preloaded using link preload but not used within a few seconds from the window's load event. Please make sure it has an appropriate `as` value and it is preloaded intentionally. @ http://localhost:3000/:0
[46831810ms] [WARNING] The resource https://i.ytimg.com/vi/VKeF820DlGU/maxresdefault.jpg was preloaded using link preload but not used within a few seconds from the window's load event. Please make sure it has an appropriate `as` value and it is preloaded intentionally. @ http://localhost:3000/:0
[46843745ms] [WARNING] The resource https://i.ytimg.com/vi/732dkRJZOLE/maxresdefault.jpg was preloaded using link preload but not used within a few seconds from the window's load event. Please make sure it has an appropriate `as` value and it is preloaded intentionally. @ http://localhost:3000/:0
[46843746ms] [WARNING] The resource https://i.ytimg.com/vi/-KnzDx8UV5M/maxresdefault.jpg was preloaded using link preload but not used within a few seconds from the window's load event. Please make sure it has an appropriate `as` value and it is preloaded intentionally. @ http://localhost:3000/:0
[46843746ms] [WARNING] The resource https://i.ytimg.com/vi/cXFQuxZF61Q/maxresdefault.jpg was preloaded using link preload but not used within a few seconds from the window's load event. Please make sure it has an appropriate `as` value and it is preloaded intentionally. @ http://localhost:3000/:0
[46843746ms] [WARNING] The resource https://i.ytimg.com/vi/haisvt45Kdc/maxresdefault.jpg was preloaded using link preload but not used within a few seconds from the window's load event. Please make sure it has an appropriate `as` value and it is preloaded intentionally. @ http://localhost:3000/:0
[46843746ms] [WARNING] The resource https://i.ytimg.com/vi/VKeF820DlGU/maxresdefault.jpg was preloaded using link preload but not used within a few seconds from the window's load event. Please make sure it has an appropriate `as` value and it is preloaded intentionally. @ http://localhost:3000/:0
[46867239ms] [WARNING] The resource https://i.ytimg.com/vi/732dkRJZOLE/maxresdefault.jpg was preloaded using link preload but not used within a few seconds from the window's load event. Please make sure it has an appropriate `as` value and it is preloaded intentionally. @ http://localhost:3000/:0
[46867240ms] [WARNING] The resource https://i.ytimg.com/vi/-KnzDx8UV5M/maxresdefault.jpg was preloaded using link preload but not used within a few seconds from the window's load event. Please make sure it has an appropriate `as` value and it is preloaded intentionally. @ http://localhost:3000/:0
[46867240ms] [WARNING] The resource https://i.ytimg.com/vi/cXFQuxZF61Q/maxresdefault.jpg was preloaded using link preload but not used within a few seconds from the window's load event. Please make sure it has an appropriate `as` value and it is preloaded intentionally. @ http://localhost:3000/:0
[46867240ms] [WARNING] The resource https://i.ytimg.com/vi/haisvt45Kdc/maxresdefault.jpg was preloaded using link preload but not used within a few seconds from the window's load event. Please make sure it has an appropriate `as` value and it is preloaded intentionally. @ http://localhost:3000/:0
[46867240ms] [WARNING] The resource https://i.ytimg.com/vi/VKeF820DlGU/maxresdefault.jpg was preloaded using link preload but not used within a few seconds from the window's load event. Please make sure it has an appropriate `as` value and it is preloaded intentionally. @ http://localhost:3000/:0
[46879178ms] [WARNING] The resource https://i.ytimg.com/vi/732dkRJZOLE/maxresdefault.jpg was preloaded using link preload but not used within a few seconds from the window's load event. Please make sure it has an appropriate `as` value and it is preloaded intentionally. @ http://localhost:3000/:0
[46879178ms] [WARNING] The resource https://i.ytimg.com/vi/-KnzDx8UV5M/maxresdefault.jpg was preloaded using link preload but not used within a few seconds from the window's load event. Please make sure it has an appropriate `as` value and it is preloaded intentionally. @ http://localhost:3000/:0
[46879178ms] [WARNING] The resource https://i.ytimg.com/vi/cXFQuxZF61Q/maxresdefault.jpg was preloaded using link preload but not used within a few seconds from the window's load event. Please make sure it has an appropriate `as` value and it is preloaded intentionally. @ http://localhost:3000/:0
[46879178ms] [WARNING] The resource https://i.ytimg.com/vi/haisvt45Kdc/maxresdefault.jpg was preloaded using link preload but not used within a few seconds from the window's load event. Please make sure it has an appropriate `as` value and it is preloaded intentionally. @ http://localhost:3000/:0
[46879178ms] [WARNING] The resource https://i.ytimg.com/vi/VKeF820DlGU/maxresdefault.jpg was preloaded using link preload but not used within a few seconds from the window's load event. Please make sure it has an appropriate `as` value and it is preloaded intentionally. @ http://localhost:3000/:0
[46902672ms] [WARNING] The resource https://i.ytimg.com/vi/732dkRJZOLE/maxresdefault.jpg was preloaded using link preload but not used within a few seconds from the window's load event. Please make sure it has an appropriate `as` value and it is preloaded intentionally. @ http://localhost:3000/:0
[46902672ms] [WARNING] The resource https://i.ytimg.com/vi/-KnzDx8UV5M/maxresdefault.jpg was preloaded using link preload but not used within a few seconds from the window's load event. Please make sure it has an appropriate `as` value and it is preloaded intentionally. @ http://localhost:3000/:0
[46902672ms] [WARNING] The resource https://i.ytimg.com/vi/cXFQuxZF61Q/maxresdefault.jpg was preloaded using link preload but not used within a few seconds from the window's load event. Please make sure it has an appropriate `as` value and it is preloaded intentionally. @ http://localhost:3000/:0
[46902672ms] [WARNING] The resource https://i.ytimg.com/vi/haisvt45Kdc/maxresdefault.jpg was preloaded using link preload but not used within a few seconds from the window's load event. Please make sure it has an appropriate `as` value and it is preloaded intentionally. @ http://localhost:3000/:0
[46902672ms] [WARNING] The resource https://i.ytimg.com/vi/VKeF820DlGU/maxresdefault.jpg was preloaded using link preload but not used within a few seconds from the window's load event. Please make sure it has an appropriate `as` value and it is preloaded intentionally. @ http://localhost:3000/:0
[46914612ms] [WARNING] The resource https://i.ytimg.com/vi/732dkRJZOLE/maxresdefault.jpg was preloaded using link preload but not used within a few seconds from the window's load event. Please make sure it has an appropriate `as` value and it is preloaded intentionally. @ http://localhost:3000/:0
[46914612ms] [WARNING] The resource https://i.ytimg.com/vi/-KnzDx8UV5M/maxresdefault.jpg was preloaded using link preload but not used within a few seconds from the window's load event. Please make sure it has an appropriate `as` value and it is preloaded intentionally. @ http://localhost:3000/:0
[46914612ms] [WARNING] The resource https://i.ytimg.com/vi/cXFQuxZF61Q/maxresdefault.jpg was preloaded using link preload but not used within a few seconds from the window's load event. Please make sure it has an appropriate `as` value and it is preloaded intentionally. @ http://localhost:3000/:0
[46914612ms] [WARNING] The resource https://i.ytimg.com/vi/haisvt45Kdc/maxresdefault.jpg was preloaded using link preload but not used within a few seconds from the window's load event. Please make sure it has an appropriate `as` value and it is preloaded intentionally. @ http://localhost:3000/:0
[46914612ms] [WARNING] The resource https://i.ytimg.com/vi/VKeF820DlGU/maxresdefault.jpg was preloaded using link preload but not used within a few seconds from the window's load event. Please make sure it has an appropriate `as` value and it is preloaded intentionally. @ http://localhost:3000/:0
[46938105ms] [WARNING] The resource https://i.ytimg.com/vi/732dkRJZOLE/maxresdefault.jpg was preloaded using link preload but not used within a few seconds from the window's load event. Please make sure it has an appropriate `as` value and it is preloaded intentionally. @ http://localhost:3000/:0
[46938105ms] [WARNING] The resource https://i.ytimg.com/vi/-KnzDx8UV5M/maxresdefault.jpg was preloaded using link preload but not used within a few seconds from the window's load event. Please make sure it has an appropriate `as` value and it is preloaded intentionally. @ http://localhost:3000/:0
[46938105ms] [WARNING] The resource https://i.ytimg.com/vi/cXFQuxZF61Q/maxresdefault.jpg was preloaded using link preload but not used within a few seconds from the window's load event. Please make sure it has an appropriate `as` value and it is preloaded intentionally. @ http://localhost:3000/:0
[46938105ms] [WARNING] The resource https://i.ytimg.com/vi/haisvt45Kdc/maxresdefault.jpg was preloaded using link preload but not used within a few seconds from the window's load event. Please make sure it has an appropriate `as` value and it is preloaded intentionally. @ http://localhost:3000/:0
[46938105ms] [WARNING] The resource https://i.ytimg.com/vi/VKeF820DlGU/maxresdefault.jpg was preloaded using link preload but not used within a few seconds from the window's load event. Please make sure it has an appropriate `as` value and it is preloaded intentionally. @ http://localhost:3000/:0
[46950040ms] [WARNING] The resource https://i.ytimg.com/vi/732dkRJZOLE/maxresdefault.jpg was preloaded using link preload but not used within a few seconds from the window's load event. Please make sure it has an appropriate `as` value and it is preloaded intentionally. @ http://localhost:3000/:0
[46950040ms] [WARNING] The resource https://i.ytimg.com/vi/-KnzDx8UV5M/maxresdefault.jpg was preloaded using link preload but not used within a few seconds from the window's load event. Please make sure it has an appropriate `as` value and it is preloaded intentionally. @ http://localhost:3000/:0
[46950040ms] [WARNING] The resource https://i.ytimg.com/vi/cXFQuxZF61Q/maxresdefault.jpg was preloaded using link preload but not used within a few seconds from the window's load event. Please make sure it has an appropriate `as` value and it is preloaded intentionally. @ http://localhost:3000/:0
[46950040ms] [WARNING] The resource https://i.ytimg.com/vi/haisvt45Kdc/maxresdefault.jpg was preloaded using link preload but not used within a few seconds from the window's load event. Please make sure it has an appropriate `as` value and it is preloaded intentionally. @ http://localhost:3000/:0
[46950040ms] [WARNING] The resource https://i.ytimg.com/vi/VKeF820DlGU/maxresdefault.jpg was preloaded using link preload but not used within a few seconds from the window's load event. Please make sure it has an appropriate `as` value and it is preloaded intentionally. @ http://localhost:3000/:0
[46973539ms] [WARNING] The resource https://i.ytimg.com/vi/732dkRJZOLE/maxresdefault.jpg was preloaded using link preload but not used within a few seconds from the window's load event. Please make sure it has an appropriate `as` value and it is preloaded intentionally. @ http://localhost:3000/:0
[46973539ms] [WARNING] The resource https://i.ytimg.com/vi/-KnzDx8UV5M/maxresdefault.jpg was preloaded using link preload but not used within a few seconds from the window's load event. Please make sure it has an appropriate `as` value and it is preloaded intentionally. @ http://localhost:3000/:0
[46973539ms] [WARNING] The resource https://i.ytimg.com/vi/cXFQuxZF61Q/maxresdefault.jpg was preloaded using link preload but not used within a few seconds from the window's load event. Please make sure it has an appropriate `as` value and it is preloaded intentionally. @ http://localhost:3000/:0
[46973539ms] [WARNING] The resource https://i.ytimg.com/vi/haisvt45Kdc/maxresdefault.jpg was preloaded using link preload but not used within a few seconds from the window's load event. Please make sure it has an appropriate `as` value and it is preloaded intentionally. @ http://localhost:3000/:0
[46973539ms] [WARNING] The resource https://i.ytimg.com/vi/VKeF820DlGU/maxresdefault.jpg was preloaded using link preload but not used within a few seconds from the window's load event. Please make sure it has an appropriate `as` value and it is preloaded intentionally. @ http://localhost:3000/:0
[46978769ms] [LOG] [Fast Refresh] rebuilding @ http://localhost:3000/_next/static/chunks/node_modules_next_dist_f3530cac._.js:2297
[46979036ms] [LOG] [Fast Refresh] done in 368ms @ http://localhost:3000/_next/static/chunks/node_modules_next_dist_f3530cac._.js:2297
[46985480ms] [WARNING] The resource https://i.ytimg.com/vi/732dkRJZOLE/maxresdefault.jpg was preloaded using link preload but not used within a few seconds from the window's load event. Please make sure it has an appropriate `as` value and it is preloaded intentionally. @ http://localhost:3000/:0
[46985480ms] [WARNING] The resource https://i.ytimg.com/vi/-KnzDx8UV5M/maxresdefault.jpg was preloaded using link preload but not used within a few seconds from the window's load event. Please make sure it has an appropriate `as` value and it is preloaded intentionally. @ http://localhost:3000/:0
[46985480ms] [WARNING] The resource https://i.ytimg.com/vi/cXFQuxZF61Q/maxresdefault.jpg was preloaded using link preload but not used within a few seconds from the window's load event. Please make sure it has an appropriate `as` value and it is preloaded intentionally. @ http://localhost:3000/:0
[46985480ms] [WARNING] The resource https://i.ytimg.com/vi/haisvt45Kdc/maxresdefault.jpg was preloaded using link preload but not used within a few seconds from the window's load event. Please make sure it has an appropriate `as` value and it is preloaded intentionally. @ http://localhost:3000/:0
[46985480ms] [WARNING] The resource https://i.ytimg.com/vi/VKeF820DlGU/maxresdefault.jpg was preloaded using link preload but not used within a few seconds from the window's load event. Please make sure it has an appropriate `as` value and it is preloaded intentionally. @ http://localhost:3000/:0
[47008970ms] [WARNING] The resource https://i.ytimg.com/vi/732dkRJZOLE/maxresdefault.jpg was preloaded using link preload but not used within a few seconds from the window's load event. Please make sure it has an appropriate `as` value and it is preloaded intentionally. @ http://localhost:3000/:0
[47008970ms] [WARNING] The resource https://i.ytimg.com/vi/-KnzDx8UV5M/maxresdefault.jpg was preloaded using link preload but not used within a few seconds from the window's load event. Please make sure it has an appropriate `as` value and it is preloaded intentionally. @ http://localhost:3000/:0
[47008970ms] [WARNING] The resource https://i.ytimg.com/vi/cXFQuxZF61Q/maxresdefault.jpg was preloaded using link preload but not used within a few seconds from the window's load event. Please make sure it has an appropriate `as` value and it is preloaded intentionally. @ http://localhost:3000/:0
[47008970ms] [WARNING] The resource https://i.ytimg.com/vi/haisvt45Kdc/maxresdefault.jpg was preloaded using link preload but not used within a few seconds from the window's load event. Please make sure it has an appropriate `as` value and it is preloaded intentionally. @ http://localhost:3000/:0
[47008970ms] [WARNING] The resource https://i.ytimg.com/vi/VKeF820DlGU/maxresdefault.jpg was preloaded using link preload but not used within a few seconds from the window's load event. Please make sure it has an appropriate `as` value and it is preloaded intentionally. @ http://localhost:3000/:0
[47020911ms] [WARNING] The resource https://i.ytimg.com/vi/732dkRJZOLE/maxresdefault.jpg was preloaded using link preload but not used within a few seconds from the window's load event. Please make sure it has an appropriate `as` value and it is preloaded intentionally. @ http://localhost:3000/:0
[47020911ms] [WARNING] The resource https://i.ytimg.com/vi/-KnzDx8UV5M/maxresdefault.jpg was preloaded using link preload but not used within a few seconds from the window's load event. Please make sure it has an appropriate `as` value and it is preloaded intentionally. @ http://localhost:3000/:0
[47020911ms] [WARNING] The resource https://i.ytimg.com/vi/cXFQuxZF61Q/maxresdefault.jpg was preloaded using link preload but not used within a few seconds from the window's load event. Please make sure it has an appropriate `as` value and it is preloaded intentionally. @ http://localhost:3000/:0
[47020911ms] [WARNING] The resource https://i.ytimg.com/vi/haisvt45Kdc/maxresdefault.jpg was preloaded using link preload but not used within a few seconds from the window's load event. Please make sure it has an appropriate `as` value and it is preloaded intentionally. @ http://localhost:3000/:0
[47020911ms] [WARNING] The resource https://i.ytimg.com/vi/VKeF820DlGU/maxresdefault.jpg was preloaded using link preload but not used within a few seconds from the window's load event. Please make sure it has an appropriate `as` value and it is preloaded intentionally. @ http://localhost:3000/:0
[47030774ms] [LOG] [Fast Refresh] rebuilding @ http://localhost:3000/_next/static/chunks/node_modules_next_dist_f3530cac._.js:2297
[47031101ms] [LOG] [Fast Refresh] done in 388ms @ http://localhost:3000/_next/static/chunks/node_modules_next_dist_f3530cac._.js:2297
[47034078ms] [WARNING] The resource https://i.ytimg.com/vi/732dkRJZOLE/maxresdefault.jpg was preloaded using link preload but not used within a few seconds from the window's load event. Please make sure it has an appropriate `as` value and it is preloaded intentionally. @ http://localhost:3000/:0
[47034078ms] [WARNING] The resource https://i.ytimg.com/vi/-KnzDx8UV5M/maxresdefault.jpg was preloaded using link preload but not used within a few seconds from the window's load event. Please make sure it has an appropriate `as` value and it is preloaded intentionally. @ http://localhost:3000/:0
[47034078ms] [WARNING] The resource https://i.ytimg.com/vi/cXFQuxZF61Q/maxresdefault.jpg was preloaded using link preload but not used within a few seconds from the window's load event. Please make sure it has an appropriate `as` value and it is preloaded intentionally. @ http://localhost:3000/:0
[47034078ms] [WARNING] The resource https://i.ytimg.com/vi/haisvt45Kdc/maxresdefault.jpg was preloaded using link preload but not used within a few seconds from the window's load event. Please make sure it has an appropriate `as` value and it is preloaded intentionally. @ http://localhost:3000/:0
[47034078ms] [WARNING] The resource https://i.ytimg.com/vi/VKeF820DlGU/maxresdefault.jpg was preloaded using link preload but not used within a few seconds from the window's load event. Please make sure it has an appropriate `as` value and it is preloaded intentionally. @ http://localhost:3000/:0
[47044408ms] [WARNING] The resource https://i.ytimg.com/vi/732dkRJZOLE/maxresdefault.jpg was preloaded using link preload but not used within a few seconds from the window's load event. Please make sure it has an appropriate `as` value and it is preloaded intentionally. @ http://localhost:3000/:0
[47044409ms] [WARNING] The resource https://i.ytimg.com/vi/-KnzDx8UV5M/maxresdefault.jpg was preloaded using link preload but not used within a few seconds from the window's load event. Please make sure it has an appropriate `as` value and it is preloaded intentionally. @ http://localhost:3000/:0
[47044409ms] [WARNING] The resource https://i.ytimg.com/vi/cXFQuxZF61Q/maxresdefault.jpg was preloaded using link preload but not used within a few seconds from the window's load event. Please make sure it has an appropriate `as` value and it is preloaded intentionally. @ http://localhost:3000/:0
[47044409ms] [WARNING] The resource https://i.ytimg.com/vi/haisvt45Kdc/maxresdefault.jpg was preloaded using link preload but not used within a few seconds from the window's load event. Please make sure it has an appropriate `as` value and it is preloaded intentionally. @ http://localhost:3000/:0
[47044409ms] [WARNING] The resource https://i.ytimg.com/vi/VKeF820DlGU/maxresdefault.jpg was preloaded using link preload but not used within a few seconds from the window's load event. Please make sure it has an appropriate `as` value and it is preloaded intentionally. @ http://localhost:3000/:0
[47056311ms] [LOG] [Fast Refresh] rebuilding @ http://localhost:3000/_next/static/chunks/node_modules_next_dist_f3530cac._.js:2297
[47056316ms] [LOG] [Fast Refresh] done in 107ms @ http://localhost:3000/_next/static/chunks/node_modules_next_dist_f3530cac._.js:2297
[47056353ms] [WARNING] The resource https://i.ytimg.com/vi/732dkRJZOLE/maxresdefault.jpg was preloaded using link preload but not used within a few seconds from the window's load event. Please make sure it has an appropriate `as` value and it is preloaded intentionally. @ http://localhost:3000/:0
[47056353ms] [WARNING] The resource https://i.ytimg.com/vi/-KnzDx8UV5M/maxresdefault.jpg was preloaded using link preload but not used within a few seconds from the window's load event. Please make sure it has an appropriate `as` value and it is preloaded intentionally. @ http://localhost:3000/:0
[47056353ms] [WARNING] The resource https://i.ytimg.com/vi/cXFQuxZF61Q/maxresdefault.jpg was preloaded using link preload but not used within a few seconds from the window's load event. Please make sure it has an appropriate `as` value and it is preloaded intentionally. @ http://localhost:3000/:0
[47056353ms] [WARNING] The resource https://i.ytimg.com/vi/haisvt45Kdc/maxresdefault.jpg was preloaded using link preload but not used within a few seconds from the window's load event. Please make sure it has an appropriate `as` value and it is preloaded intentionally. @ http://localhost:3000/:0
[47056353ms] [WARNING] The resource https://i.ytimg.com/vi/VKeF820DlGU/maxresdefault.jpg was preloaded using link preload but not used within a few seconds from the window's load event. Please make sure it has an appropriate `as` value and it is preloaded intentionally. @ http://localhost:3000/:0
[47079841ms] [WARNING] The resource https://i.ytimg.com/vi/732dkRJZOLE/maxresdefault.jpg was preloaded using link preload but not used within a few seconds from the window's load event. Please make sure it has an appropriate `as` value and it is preloaded intentionally. @ http://localhost:3000/:0
[47079841ms] [WARNING] The resource https://i.ytimg.com/vi/-KnzDx8UV5M/maxresdefault.jpg was preloaded using link preload but not used within a few seconds from the window's load event. Please make sure it has an appropriate `as` value and it is preloaded intentionally. @ http://localhost:3000/:0
[47079841ms] [WARNING] The resource https://i.ytimg.com/vi/cXFQuxZF61Q/maxresdefault.jpg was preloaded using link preload but not used within a few seconds from the window's load event. Please make sure it has an appropriate `as` value and it is preloaded intentionally. @ http://localhost:3000/:0
[47079841ms] [WARNING] The resource https://i.ytimg.com/vi/haisvt45Kdc/maxresdefault.jpg was preloaded using link preload but not used within a few seconds from the window's load event. Please make sure it has an appropriate `as` value and it is preloaded intentionally. @ http://localhost:3000/:0
[47079841ms] [WARNING] The resource https://i.ytimg.com/vi/VKeF820DlGU/maxresdefault.jpg was preloaded using link preload but not used within a few seconds from the window's load event. Please make sure it has an appropriate `as` value and it is preloaded intentionally. @ http://localhost:3000/:0
[47091783ms] [WARNING] The resource https://i.ytimg.com/vi/732dkRJZOLE/maxresdefault.jpg was preloaded using link preload but not used within a few seconds from the window's load event. Please make sure it has an appropriate `as` value and it is preloaded intentionally. @ http://localhost:3000/:0
[47091783ms] [WARNING] The resource https://i.ytimg.com/vi/-KnzDx8UV5M/maxresdefault.jpg was preloaded using link preload but not used within a few seconds from the window's load event. Please make sure it has an appropriate `as` value and it is preloaded intentionally. @ http://localhost:3000/:0
[47091783ms] [WARNING] The resource https://i.ytimg.com/vi/cXFQuxZF61Q/maxresdefault.jpg was preloaded using link preload but not used within a few seconds from the window's load event. Please make sure it has an appropriate `as` value and it is preloaded intentionally. @ http://localhost:3000/:0
[47091783ms] [WARNING] The resource https://i.ytimg.com/vi/haisvt45Kdc/maxresdefault.jpg was preloaded using link preload but not used within a few seconds from the window's load event. Please make sure it has an appropriate `as` value and it is preloaded intentionally. @ http://localhost:3000/:0
[47091783ms] [WARNING] The resource https://i.ytimg.com/vi/VKeF820DlGU/maxresdefault.jpg was preloaded using link preload but not used within a few seconds from the window's load event. Please make sure it has an appropriate `as` value and it is preloaded intentionally. @ http://localhost:3000/:0
[47102563ms] [LOG] [Fast Refresh] rebuilding @ http://localhost:3000/_next/static/chunks/node_modules_next_dist_f3530cac._.js:2297
[47102779ms] [LOG] [Fast Refresh] done in 265ms @ http://localhost:3000/_next/static/chunks/node_modules_next_dist_f3530cac._.js:2297
[47105764ms] [WARNING] The resource https://i.ytimg.com/vi/732dkRJZOLE/maxresdefault.jpg was preloaded using link preload but not used within a few seconds from the window's load event. Please make sure it has an appropriate `as` value and it is preloaded intentionally. @ http://localhost:3000/:0
[47105764ms] [WARNING] The resource https://i.ytimg.com/vi/-KnzDx8UV5M/maxresdefault.jpg was preloaded using link preload but not used within a few seconds from the window's load event. Please make sure it has an appropriate `as` value and it is preloaded intentionally. @ http://localhost:3000/:0
[47105764ms] [WARNING] The resource https://i.ytimg.com/vi/cXFQuxZF61Q/maxresdefault.jpg was preloaded using link preload but not used within a few seconds from the window's load event. Please make sure it has an appropriate `as` value and it is preloaded intentionally. @ http://localhost:3000/:0
[47105764ms] [WARNING] The resource https://i.ytimg.com/vi/haisvt45Kdc/maxresdefault.jpg was preloaded using link preload but not used within a few seconds from the window's load event. Please make sure it has an appropriate `as` value and it is preloaded intentionally. @ http://localhost:3000/:0
[47105764ms] [WARNING] The resource https://i.ytimg.com/vi/VKeF820DlGU/maxresdefault.jpg was preloaded using link preload but not used within a few seconds from the window's load event. Please make sure it has an appropriate `as` value and it is preloaded intentionally. @ http://localhost:3000/:0
[47115295ms] [WARNING] The resource https://i.ytimg.com/vi/732dkRJZOLE/maxresdefault.jpg was preloaded using link preload but not used within a few seconds from the window's load event. Please make sure it has an appropriate `as` value and it is preloaded intentionally. @ http://localhost:3000/:0
[47115295ms] [WARNING] The resource https://i.ytimg.com/vi/-KnzDx8UV5M/maxresdefault.jpg was preloaded using link preload but not used within a few seconds from the window's load event. Please make sure it has an appropriate `as` value and it is preloaded intentionally. @ http://localhost:3000/:0
[47115295ms] [WARNING] The resource https://i.ytimg.com/vi/cXFQuxZF61Q/maxresdefault.jpg was preloaded using link preload but not used within a few seconds from the window's load event. Please make sure it has an appropriate `as` value and it is preloaded intentionally. @ http://localhost:3000/:0
[47115295ms] [WARNING] The resource https://i.ytimg.com/vi/haisvt45Kdc/maxresdefault.jpg was preloaded using link preload but not used within a few seconds from the window's load event. Please make sure it has an appropriate `as` value and it is preloaded intentionally. @ http://localhost:3000/:0
[47115295ms] [WARNING] The resource https://i.ytimg.com/vi/VKeF820DlGU/maxresdefault.jpg was preloaded using link preload but not used within a few seconds from the window's load event. Please make sure it has an appropriate `as` value and it is preloaded intentionally. @ http://localhost:3000/:0
[47117541ms] [LOG] [Fast Refresh] rebuilding @ http://localhost:3000/_next/static/chunks/node_modules_next_dist_f3530cac._.js:2297
[47117570ms] [LOG] [Fast Refresh] done in 131ms @ http://localhost:3000/_next/static/chunks/node_modules_next_dist_f3530cac._.js:2297
[47127234ms] [WARNING] The resource https://i.ytimg.com/vi/732dkRJZOLE/maxresdefault.jpg was preloaded using link preload but not used within a few seconds from the window's load event. Please make sure it has an appropriate `as` value and it is preloaded intentionally. @ http://localhost:3000/:0
[47127234ms] [WARNING] The resource https://i.ytimg.com/vi/-KnzDx8UV5M/maxresdefault.jpg was preloaded using link preload but not used within a few seconds from the window's load event. Please make sure it has an appropriate `as` value and it is preloaded intentionally. @ http://localhost:3000/:0
[47127234ms] [WARNING] The resource https://i.ytimg.com/vi/cXFQuxZF61Q/maxresdefault.jpg was preloaded using link preload but not used within a few seconds from the window's load event. Please make sure it has an appropriate `as` value and it is preloaded intentionally. @ http://localhost:3000/:0
[47127234ms] [WARNING] The resource https://i.ytimg.com/vi/haisvt45Kdc/maxresdefault.jpg was preloaded using link preload but not used within a few seconds from the window's load event. Please make sure it has an appropriate `as` value and it is preloaded intentionally. @ http://localhost:3000/:0
[47127234ms] [WARNING] The resource https://i.ytimg.com/vi/VKeF820DlGU/maxresdefault.jpg was preloaded using link preload but not used within a few seconds from the window's load event. Please make sure it has an appropriate `as` value and it is preloaded intentionally. @ http://localhost:3000/:0
[47150723ms] [WARNING] The resource https://i.ytimg.com/vi/732dkRJZOLE/maxresdefault.jpg was preloaded using link preload but not used within a few seconds from the window's load event. Please make sure it has an appropriate `as` value and it is preloaded intentionally. @ http://localhost:3000/:0
[47150723ms] [WARNING] The resource https://i.ytimg.com/vi/-KnzDx8UV5M/maxresdefault.jpg was preloaded using link preload but not used within a few seconds from the window's load event. Please make sure it has an appropriate `as` value and it is preloaded intentionally. @ http://localhost:3000/:0
[47150723ms] [WARNING] The resource https://i.ytimg.com/vi/cXFQuxZF61Q/maxresdefault.jpg was preloaded using link preload but not used within a few seconds from the window's load event. Please make sure it has an appropriate `as` value and it is preloaded intentionally. @ http://localhost:3000/:0
[47150723ms] [WARNING] The resource https://i.ytimg.com/vi/haisvt45Kdc/maxresdefault.jpg was preloaded using link preload but not used within a few seconds from the window's load event. Please make sure it has an appropriate `as` value and it is preloaded intentionally. @ http://localhost:3000/:0
[47150723ms] [WARNING] The resource https://i.ytimg.com/vi/VKeF820DlGU/maxresdefault.jpg was preloaded using link preload but not used within a few seconds from the window's load event. Please make sure it has an appropriate `as` value and it is preloaded intentionally. @ http://localhost:3000/:0
[47162670ms] [WARNING] The resource https://i.ytimg.com/vi/732dkRJZOLE/maxresdefault.jpg was preloaded using link preload but not used within a few seconds from the window's load event. Please make sure it has an appropriate `as` value and it is preloaded intentionally. @ http://localhost:3000/:0
[47162670ms] [WARNING] The resource https://i.ytimg.com/vi/-KnzDx8UV5M/maxresdefault.jpg was preloaded using link preload but not used within a few seconds from the window's load event. Please make sure it has an appropriate `as` value and it is preloaded intentionally. @ http://localhost:3000/:0
[47162670ms] [WARNING] The resource https://i.ytimg.com/vi/cXFQuxZF61Q/maxresdefault.jpg was preloaded using link preload but not used within a few seconds from the window's load event. Please make sure it has an appropriate `as` value and it is preloaded intentionally. @ http://localhost:3000/:0
[47162670ms] [WARNING] The resource https://i.ytimg.com/vi/haisvt45Kdc/maxresdefault.jpg was preloaded using link preload but not used within a few seconds from the window's load event. Please make sure it has an appropriate `as` value and it is preloaded intentionally. @ http://localhost:3000/:0
[47162670ms] [WARNING] The resource https://i.ytimg.com/vi/VKeF820DlGU/maxresdefault.jpg was preloaded using link preload but not used within a few seconds from the window's load event. Please make sure it has an appropriate `as` value and it is preloaded intentionally. @ http://localhost:3000/:0
[47186159ms] [WARNING] The resource https://i.ytimg.com/vi/732dkRJZOLE/maxresdefault.jpg was preloaded using link preload but not used within a few seconds from the window's load event. Please make sure it has an appropriate `as` value and it is preloaded intentionally. @ http://localhost:3000/:0
[47186159ms] [WARNING] The resource https://i.ytimg.com/vi/-KnzDx8UV5M/maxresdefault.jpg was preloaded using link preload but not used within a few seconds from the window's load event. Please make sure it has an appropriate `as` value and it is preloaded intentionally. @ http://localhost:3000/:0
[47186159ms] [WARNING] The resource https://i.ytimg.com/vi/cXFQuxZF61Q/maxresdefault.jpg was preloaded using link preload but not used within a few seconds from the window's load event. Please make sure it has an appropriate `as` value and it is preloaded intentionally. @ http://localhost:3000/:0
[47186159ms] [WARNING] The resource https://i.ytimg.com/vi/haisvt45Kdc/maxresdefault.jpg was preloaded using link preload but not used within a few seconds from the window's load event. Please make sure it has an appropriate `as` value and it is preloaded intentionally. @ http://localhost:3000/:0
[47186159ms] [WARNING] The resource https://i.ytimg.com/vi/VKeF820DlGU/maxresdefault.jpg was preloaded using link preload but not used within a few seconds from the window's load event. Please make sure it has an appropriate `as` value and it is preloaded intentionally. @ http://localhost:3000/:0
[47198103ms] [WARNING] The resource https://i.ytimg.com/vi/732dkRJZOLE/maxresdefault.jpg was preloaded using link preload but not used within a few seconds from the window's load event. Please make sure it has an appropriate `as` value and it is preloaded intentionally. @ http://localhost:3000/:0
[47198103ms] [WARNING] The resource https://i.ytimg.com/vi/-KnzDx8UV5M/maxresdefault.jpg was preloaded using link preload but not used within a few seconds from the window's load event. Please make sure it has an appropriate `as` value and it is preloaded intentionally. @ http://localhost:3000/:0
[47198103ms] [WARNING] The resource https://i.ytimg.com/vi/cXFQuxZF61Q/maxresdefault.jpg was preloaded using link preload but not used within a few seconds from the window's load event. Please make sure it has an appropriate `as` value and it is preloaded intentionally. @ http://localhost:3000/:0
[47198103ms] [WARNING] The resource https://i.ytimg.com/vi/haisvt45Kdc/maxresdefault.jpg was preloaded using link preload but not used within a few seconds from the window's load event. Please make sure it has an appropriate `as` value and it is preloaded intentionally. @ http://localhost:3000/:0
[47198103ms] [WARNING] The resource https://i.ytimg.com/vi/VKeF820DlGU/maxresdefault.jpg was preloaded using link preload but not used within a few seconds from the window's load event. Please make sure it has an appropriate `as` value and it is preloaded intentionally. @ http://localhost:3000/:0
[47221592ms] [WARNING] The resource https://i.ytimg.com/vi/732dkRJZOLE/maxresdefault.jpg was preloaded using link preload but not used within a few seconds from the window's load event. Please make sure it has an appropriate `as` value and it is preloaded intentionally. @ http://localhost:3000/:0
[47221593ms] [WARNING] The resource https://i.ytimg.com/vi/-KnzDx8UV5M/maxresdefault.jpg was preloaded using link preload but not used within a few seconds from the window's load event. Please make sure it has an appropriate `as` value and it is preloaded intentionally. @ http://localhost:3000/:0
[47221593ms] [WARNING] The resource https://i.ytimg.com/vi/cXFQuxZF61Q/maxresdefault.jpg was preloaded using link preload but not used within a few seconds from the window's load event. Please make sure it has an appropriate `as` value and it is preloaded intentionally. @ http://localhost:3000/:0
[47221593ms] [WARNING] The resource https://i.ytimg.com/vi/haisvt45Kdc/maxresdefault.jpg was preloaded using link preload but not used within a few seconds from the window's load event. Please make sure it has an appropriate `as` value and it is preloaded intentionally. @ http://localhost:3000/:0
[47221593ms] [WARNING] The resource https://i.ytimg.com/vi/VKeF820DlGU/maxresdefault.jpg was preloaded using link preload but not used within a few seconds from the window's load event. Please make sure it has an appropriate `as` value and it is preloaded intentionally. @ http://localhost:3000/:0
[47233534ms] [WARNING] The resource https://i.ytimg.com/vi/732dkRJZOLE/maxresdefault.jpg was preloaded using link preload but not used within a few seconds from the window's load event. Please make sure it has an appropriate `as` value and it is preloaded intentionally. @ http://localhost:3000/:0
[47233535ms] [WARNING] The resource https://i.ytimg.com/vi/-KnzDx8UV5M/maxresdefault.jpg was preloaded using link preload but not used within a few seconds from the window's load event. Please make sure it has an appropriate `as` value and it is preloaded intentionally. @ http://localhost:3000/:0
[47233535ms] [WARNING] The resource https://i.ytimg.com/vi/cXFQuxZF61Q/maxresdefault.jpg was preloaded using link preload but not used within a few seconds from the window's load event. Please make sure it has an appropriate `as` value and it is preloaded intentionally. @ http://localhost:3000/:0
[47233535ms] [WARNING] The resource https://i.ytimg.com/vi/haisvt45Kdc/maxresdefault.jpg was preloaded using link preload but not used within a few seconds from the window's load event. Please make sure it has an appropriate `as` value and it is preloaded intentionally. @ http://localhost:3000/:0
[47233535ms] [WARNING] The resource https://i.ytimg.com/vi/VKeF820DlGU/maxresdefault.jpg was preloaded using link preload but not used within a few seconds from the window's load event. Please make sure it has an appropriate `as` value and it is preloaded intentionally. @ http://localhost:3000/:0
[47257028ms] [WARNING] The resource https://i.ytimg.com/vi/732dkRJZOLE/maxresdefault.jpg was preloaded using link preload but not used within a few seconds from the window's load event. Please make sure it has an appropriate `as` value and it is preloaded intentionally. @ http://localhost:3000/:0
[47257028ms] [WARNING] The resource https://i.ytimg.com/vi/-KnzDx8UV5M/maxresdefault.jpg was preloaded using link preload but not used within a few seconds from the window's load event. Please make sure it has an appropriate `as` value and it is preloaded intentionally. @ http://localhost:3000/:0
[47257028ms] [WARNING] The resource https://i.ytimg.com/vi/cXFQuxZF61Q/maxresdefault.jpg was preloaded using link preload but not used within a few seconds from the window's load event. Please make sure it has an appropriate `as` value and it is preloaded intentionally. @ http://localhost:3000/:0
[47257028ms] [WARNING] The resource https://i.ytimg.com/vi/haisvt45Kdc/maxresdefault.jpg was preloaded using link preload but not used within a few seconds from the window's load event. Please make sure it has an appropriate `as` value and it is preloaded intentionally. @ http://localhost:3000/:0
[47257028ms] [WARNING] The resource https://i.ytimg.com/vi/VKeF820DlGU/maxresdefault.jpg was preloaded using link preload but not used within a few seconds from the window's load event. Please make sure it has an appropriate `as` value and it is preloaded intentionally. @ http://localhost:3000/:0
[47268971ms] [WARNING] The resource https://i.ytimg.com/vi/732dkRJZOLE/maxresdefault.jpg was preloaded using link preload but not used within a few seconds from the window's load event. Please make sure it has an appropriate `as` value and it is preloaded intentionally. @ http://localhost:3000/:0
[47268971ms] [WARNING] The resource https://i.ytimg.com/vi/-KnzDx8UV5M/maxresdefault.jpg was preloaded using link preload but not used within a few seconds from the window's load event. Please make sure it has an appropriate `as` value and it is preloaded intentionally. @ http://localhost:3000/:0
[47268971ms] [WARNING] The resource https://i.ytimg.com/vi/cXFQuxZF61Q/maxresdefault.jpg was preloaded using link preload but not used within a few seconds from the window's load event. Please make sure it has an appropriate `as` value and it is preloaded intentionally. @ http://localhost:3000/:0
[47268971ms] [WARNING] The resource https://i.ytimg.com/vi/haisvt45Kdc/maxresdefault.jpg was preloaded using link preload but not used within a few seconds from the window's load event. Please make sure it has an appropriate `as` value and it is preloaded intentionally. @ http://localhost:3000/:0
[47268971ms] [WARNING] The resource https://i.ytimg.com/vi/VKeF820DlGU/maxresdefault.jpg was preloaded using link preload but not used within a few seconds from the window's load event. Please make sure it has an appropriate `as` value and it is preloaded intentionally. @ http://localhost:3000/:0
[47292467ms] [WARNING] The resource https://i.ytimg.com/vi/732dkRJZOLE/maxresdefault.jpg was preloaded using link preload but not used within a few seconds from the window's load event. Please make sure it has an appropriate `as` value and it is preloaded intentionally. @ http://localhost:3000/:0
[47292467ms] [WARNING] The resource https://i.ytimg.com/vi/-KnzDx8UV5M/maxresdefault.jpg was preloaded using link preload but not used within a few seconds from the window's load event. Please make sure it has an appropriate `as` value and it is preloaded intentionally. @ http://localhost:3000/:0
[47292467ms] [WARNING] The resource https://i.ytimg.com/vi/cXFQuxZF61Q/maxresdefault.jpg was preloaded using link preload but not used within a few seconds from the window's load event. Please make sure it has an appropriate `as` value and it is preloaded intentionally. @ http://localhost:3000/:0
[47292467ms] [WARNING] The resource https://i.ytimg.com/vi/haisvt45Kdc/maxresdefault.jpg was preloaded using link preload but not used within a few seconds from the window's load event. Please make sure it has an appropriate `as` value and it is preloaded intentionally. @ http://localhost:3000/:0
[47292467ms] [WARNING] The resource https://i.ytimg.com/vi/VKeF820DlGU/maxresdefault.jpg was preloaded using link preload but not used within a few seconds from the window's load event. Please make sure it has an appropriate `as` value and it is preloaded intentionally. @ http://localhost:3000/:0
[47304413ms] [WARNING] The resource https://i.ytimg.com/vi/732dkRJZOLE/maxresdefault.jpg was preloaded using link preload but not used within a few seconds from the window's load event. Please make sure it has an appropriate `as` value and it is preloaded intentionally. @ http://localhost:3000/:0
[47304413ms] [WARNING] The resource https://i.ytimg.com/vi/-KnzDx8UV5M/maxresdefault.jpg was preloaded using link preload but not used within a few seconds from the window's load event. Please make sure it has an appropriate `as` value and it is preloaded intentionally. @ http://localhost:3000/:0
[47304413ms] [WARNING] The resource https://i.ytimg.com/vi/cXFQuxZF61Q/maxresdefault.jpg was preloaded using link preload but not used within a few seconds from the window's load event. Please make sure it has an appropriate `as` value and it is preloaded intentionally. @ http://localhost:3000/:0
[47304413ms] [WARNING] The resource https://i.ytimg.com/vi/haisvt45Kdc/maxresdefault.jpg was preloaded using link preload but not used within a few seconds from the window's load event. Please make sure it has an appropriate `as` value and it is preloaded intentionally. @ http://localhost:3000/:0
[47304413ms] [WARNING] The resource https://i.ytimg.com/vi/VKeF820DlGU/maxresdefault.jpg was preloaded using link preload but not used within a few seconds from the window's load event. Please make sure it has an appropriate `as` value and it is preloaded intentionally. @ http://localhost:3000/:0
[47327900ms] [WARNING] The resource https://i.ytimg.com/vi/732dkRJZOLE/maxresdefault.jpg was preloaded using link preload but not used within a few seconds from the window's load event. Please make sure it has an appropriate `as` value and it is preloaded intentionally. @ http://localhost:3000/:0
[47327900ms] [WARNING] The resource https://i.ytimg.com/vi/-KnzDx8UV5M/maxresdefault.jpg was preloaded using link preload but not used within a few seconds from the window's load event. Please make sure it has an appropriate `as` value and it is preloaded intentionally. @ http://localhost:3000/:0
[47327900ms] [WARNING] The resource https://i.ytimg.com/vi/cXFQuxZF61Q/maxresdefault.jpg was preloaded using link preload but not used within a few seconds from the window's load event. Please make sure it has an appropriate `as` value and it is preloaded intentionally. @ http://localhost:3000/:0
[47327900ms] [WARNING] The resource https://i.ytimg.com/vi/haisvt45Kdc/maxresdefault.jpg was preloaded using link preload but not used within a few seconds from the window's load event. Please make sure it has an appropriate `as` value and it is preloaded intentionally. @ http://localhost:3000/:0
[47327900ms] [WARNING] The resource https://i.ytimg.com/vi/VKeF820DlGU/maxresdefault.jpg was preloaded using link preload but not used within a few seconds from the window's load event. Please make sure it has an appropriate `as` value and it is preloaded intentionally. @ http://localhost:3000/:0
[47339843ms] [WARNING] The resource https://i.ytimg.com/vi/732dkRJZOLE/maxresdefault.jpg was preloaded using link preload but not used within a few seconds from the window's load event. Please make sure it has an appropriate `as` value and it is preloaded intentionally. @ http://localhost:3000/:0
[47339843ms] [WARNING] The resource https://i.ytimg.com/vi/-KnzDx8UV5M/maxresdefault.jpg was preloaded using link preload but not used within a few seconds from the window's load event. Please make sure it has an appropriate `as` value and it is preloaded intentionally. @ http://localhost:3000/:0
[47339843ms] [WARNING] The resource https://i.ytimg.com/vi/cXFQuxZF61Q/maxresdefault.jpg was preloaded using link preload but not used within a few seconds from the window's load event. Please make sure it has an appropriate `as` value and it is preloaded intentionally. @ http://localhost:3000/:0
[47339843ms] [WARNING] The resource https://i.ytimg.com/vi/haisvt45Kdc/maxresdefault.jpg was preloaded using link preload but not used within a few seconds from the window's load event. Please make sure it has an appropriate `as` value and it is preloaded intentionally. @ http://localhost:3000/:0
[47339843ms] [WARNING] The resource https://i.ytimg.com/vi/VKeF820DlGU/maxresdefault.jpg was preloaded using link preload but not used within a few seconds from the window's load event. Please make sure it has an appropriate `as` value and it is preloaded intentionally. @ http://localhost:3000/:0
[47363334ms] [WARNING] The resource https://i.ytimg.com/vi/732dkRJZOLE/maxresdefault.jpg was preloaded using link preload but not used within a few seconds from the window's load event. Please make sure it has an appropriate `as` value and it is preloaded intentionally. @ http://localhost:3000/:0
[47363334ms] [WARNING] The resource https://i.ytimg.com/vi/-KnzDx8UV5M/maxresdefault.jpg was preloaded using link preload but not used within a few seconds from the window's load event. Please make sure it has an appropriate `as` value and it is preloaded intentionally. @ http://localhost:3000/:0
[47363334ms] [WARNING] The resource https://i.ytimg.com/vi/cXFQuxZF61Q/maxresdefault.jpg was preloaded using link preload but not used within a few seconds from the window's load event. Please make sure it has an appropriate `as` value and it is preloaded intentionally. @ http://localhost:3000/:0
[47363334ms] [WARNING] The resource https://i.ytimg.com/vi/haisvt45Kdc/maxresdefault.jpg was preloaded using link preload but not used within a few seconds from the window's load event. Please make sure it has an appropriate `as` value and it is preloaded intentionally. @ http://localhost:3000/:0
[47363334ms] [WARNING] The resource https://i.ytimg.com/vi/VKeF820DlGU/maxresdefault.jpg was preloaded using link preload but not used within a few seconds from the window's load event. Please make sure it has an appropriate `as` value and it is preloaded intentionally. @ http://localhost:3000/:0
[47375279ms] [WARNING] The resource https://i.ytimg.com/vi/732dkRJZOLE/maxresdefault.jpg was preloaded using link preload but not used within a few seconds from the window's load event. Please make sure it has an appropriate `as` value and it is preloaded intentionally. @ http://localhost:3000/:0
[47375279ms] [WARNING] The resource https://i.ytimg.com/vi/-KnzDx8UV5M/maxresdefault.jpg was preloaded using link preload but not used within a few seconds from the window's load event. Please make sure it has an appropriate `as` value and it is preloaded intentionally. @ http://localhost:3000/:0
[47375279ms] [WARNING] The resource https://i.ytimg.com/vi/cXFQuxZF61Q/maxresdefault.jpg was preloaded using link preload but not used within a few seconds from the window's load event. Please make sure it has an appropriate `as` value and it is preloaded intentionally. @ http://localhost:3000/:0
[47375279ms] [WARNING] The resource https://i.ytimg.com/vi/haisvt45Kdc/maxresdefault.jpg was preloaded using link preload but not used within a few seconds from the window's load event. Please make sure it has an appropriate `as` value and it is preloaded intentionally. @ http://localhost:3000/:0
[47375279ms] [WARNING] The resource https://i.ytimg.com/vi/VKeF820DlGU/maxresdefault.jpg was preloaded using link preload but not used within a few seconds from the window's load event. Please make sure it has an appropriate `as` value and it is preloaded intentionally. @ http://localhost:3000/:0
[47398773ms] [WARNING] The resource https://i.ytimg.com/vi/732dkRJZOLE/maxresdefault.jpg was preloaded using link preload but not used within a few seconds from the window's load event. Please make sure it has an appropriate `as` value and it is preloaded intentionally. @ http://localhost:3000/:0
[47398773ms] [WARNING] The resource https://i.ytimg.com/vi/-KnzDx8UV5M/maxresdefault.jpg was preloaded using link preload but not used within a few seconds from the window's load event. Please make sure it has an appropriate `as` value and it is preloaded intentionally. @ http://localhost:3000/:0
[47398773ms] [WARNING] The resource https://i.ytimg.com/vi/cXFQuxZF61Q/maxresdefault.jpg was preloaded using link preload but not used within a few seconds from the window's load event. Please make sure it has an appropriate `as` value and it is preloaded intentionally. @ http://localhost:3000/:0
[47398773ms] [WARNING] The resource https://i.ytimg.com/vi/haisvt45Kdc/maxresdefault.jpg was preloaded using link preload but not used within a few seconds from the window's load event. Please make sure it has an appropriate `as` value and it is preloaded intentionally. @ http://localhost:3000/:0
[47398773ms] [WARNING] The resource https://i.ytimg.com/vi/VKeF820DlGU/maxresdefault.jpg was preloaded using link preload but not used within a few seconds from the window's load event. Please make sure it has an appropriate `as` value and it is preloaded intentionally. @ http://localhost:3000/:0
[47410718ms] [WARNING] The resource https://i.ytimg.com/vi/732dkRJZOLE/maxresdefault.jpg was preloaded using link preload but not used within a few seconds from the window's load event. Please make sure it has an appropriate `as` value and it is preloaded intentionally. @ http://localhost:3000/:0
[47410718ms] [WARNING] The resource https://i.ytimg.com/vi/-KnzDx8UV5M/maxresdefault.jpg was preloaded using link preload but not used within a few seconds from the window's load event. Please make sure it has an appropriate `as` value and it is preloaded intentionally. @ http://localhost:3000/:0
[47410718ms] [WARNING] The resource https://i.ytimg.com/vi/cXFQuxZF61Q/maxresdefault.jpg was preloaded using link preload but not used within a few seconds from the window's load event. Please make sure it has an appropriate `as` value and it is preloaded intentionally. @ http://localhost:3000/:0
[47410718ms] [WARNING] The resource https://i.ytimg.com/vi/haisvt45Kdc/maxresdefault.jpg was preloaded using link preload but not used within a few seconds from the window's load event. Please make sure it has an appropriate `as` value and it is preloaded intentionally. @ http://localhost:3000/:0
[47410718ms] [WARNING] The resource https://i.ytimg.com/vi/VKeF820DlGU/maxresdefault.jpg was preloaded using link preload but not used within a few seconds from the window's load event. Please make sure it has an appropriate `as` value and it is preloaded intentionally. @ http://localhost:3000/:0
[47434209ms] [WARNING] The resource https://i.ytimg.com/vi/732dkRJZOLE/maxresdefault.jpg was preloaded using link preload but not used within a few seconds from the window's load event. Please make sure it has an appropriate `as` value and it is preloaded intentionally. @ http://localhost:3000/:0
[47434209ms] [WARNING] The resource https://i.ytimg.com/vi/-KnzDx8UV5M/maxresdefault.jpg was preloaded using link preload but not used within a few seconds from the window's load event. Please make sure it has an appropriate `as` value and it is preloaded intentionally. @ http://localhost:3000/:0
[47434209ms] [WARNING] The resource https://i.ytimg.com/vi/cXFQuxZF61Q/maxresdefault.jpg was preloaded using link preload but not used within a few seconds from the window's load event. Please make sure it has an appropriate `as` value and it is preloaded intentionally. @ http://localhost:3000/:0
[47434209ms] [WARNING] The resource https://i.ytimg.com/vi/haisvt45Kdc/maxresdefault.jpg was preloaded using link preload but not used within a few seconds from the window's load event. Please make sure it has an appropriate `as` value and it is preloaded intentionally. @ http://localhost:3000/:0
[47434209ms] [WARNING] The resource https://i.ytimg.com/vi/VKeF820DlGU/maxresdefault.jpg was preloaded using link preload but not used within a few seconds from the window's load event. Please make sure it has an appropriate `as` value and it is preloaded intentionally. @ http://localhost:3000/:0
[47446150ms] [WARNING] The resource https://i.ytimg.com/vi/732dkRJZOLE/maxresdefault.jpg was preloaded using link preload but not used within a few seconds from the window's load event. Please make sure it has an appropriate `as` value and it is preloaded intentionally. @ http://localhost:3000/:0
[47446150ms] [WARNING] The resource https://i.ytimg.com/vi/-KnzDx8UV5M/maxresdefault.jpg was preloaded using link preload but not used within a few seconds from the window's load event. Please make sure it has an appropriate `as` value and it is preloaded intentionally. @ http://localhost:3000/:0
[47446150ms] [WARNING] The resource https://i.ytimg.com/vi/cXFQuxZF61Q/maxresdefault.jpg was preloaded using link preload but not used within a few seconds from the window's load event. Please make sure it has an appropriate `as` value and it is preloaded intentionally. @ http://localhost:3000/:0
[47446150ms] [WARNING] The resource https://i.ytimg.com/vi/haisvt45Kdc/maxresdefault.jpg was preloaded using link preload but not used within a few seconds from the window's load event. Please make sure it has an appropriate `as` value and it is preloaded intentionally. @ http://localhost:3000/:0
[47446150ms] [WARNING] The resource https://i.ytimg.com/vi/VKeF820DlGU/maxresdefault.jpg was preloaded using link preload but not used within a few seconds from the window's load event. Please make sure it has an appropriate `as` value and it is preloaded intentionally. @ http://localhost:3000/:0
[47469647ms] [WARNING] The resource https://i.ytimg.com/vi/732dkRJZOLE/maxresdefault.jpg was preloaded using link preload but not used within a few seconds from the window's load event. Please make sure it has an appropriate `as` value and it is preloaded intentionally. @ http://localhost:3000/:0
[47469647ms] [WARNING] The resource https://i.ytimg.com/vi/-KnzDx8UV5M/maxresdefault.jpg was preloaded using link preload but not used within a few seconds from the window's load event. Please make sure it has an appropriate `as` value and it is preloaded intentionally. @ http://localhost:3000/:0
[47469647ms] [WARNING] The resource https://i.ytimg.com/vi/cXFQuxZF61Q/maxresdefault.jpg was preloaded using link preload but not used within a few seconds from the window's load event. Please make sure it has an appropriate `as` value and it is preloaded intentionally. @ http://localhost:3000/:0
[47469647ms] [WARNING] The resource https://i.ytimg.com/vi/haisvt45Kdc/maxresdefault.jpg was preloaded using link preload but not used within a few seconds from the window's load event. Please make sure it has an appropriate `as` value and it is preloaded intentionally. @ http://localhost:3000/:0
[47469647ms] [WARNING] The resource https://i.ytimg.com/vi/VKeF820DlGU/maxresdefault.jpg was preloaded using link preload but not used within a few seconds from the window's load event. Please make sure it has an appropriate `as` value and it is preloaded intentionally. @ http://localhost:3000/:0
[47481590ms] [WARNING] The resource https://i.ytimg.com/vi/732dkRJZOLE/maxresdefault.jpg was preloaded using link preload but not used within a few seconds from the window's load event. Please make sure it has an appropriate `as` value and it is preloaded intentionally. @ http://localhost:3000/:0
[47481590ms] [WARNING] The resource https://i.ytimg.com/vi/-KnzDx8UV5M/maxresdefault.jpg was preloaded using link preload but not used within a few seconds from the window's load event. Please make sure it has an appropriate `as` value and it is preloaded intentionally. @ http://localhost:3000/:0
[47481590ms] [WARNING] The resource https://i.ytimg.com/vi/cXFQuxZF61Q/maxresdefault.jpg was preloaded using link preload but not used within a few seconds from the window's load event. Please make sure it has an appropriate `as` value and it is preloaded intentionally. @ http://localhost:3000/:0
[47481590ms] [WARNING] The resource https://i.ytimg.com/vi/haisvt45Kdc/maxresdefault.jpg was preloaded using link preload but not used within a few seconds from the window's load event. Please make sure it has an appropriate `as` value and it is preloaded intentionally. @ http://localhost:3000/:0
[47481590ms] [WARNING] The resource https://i.ytimg.com/vi/VKeF820DlGU/maxresdefault.jpg was preloaded using link preload but not used within a few seconds from the window's load event. Please make sure it has an appropriate `as` value and it is preloaded intentionally. @ http://localhost:3000/:0
[47505082ms] [WARNING] The resource https://i.ytimg.com/vi/732dkRJZOLE/maxresdefault.jpg was preloaded using link preload but not used within a few seconds from the window's load event. Please make sure it has an appropriate `as` value and it is preloaded intentionally. @ http://localhost:3000/:0
[47505082ms] [WARNING] The resource https://i.ytimg.com/vi/-KnzDx8UV5M/maxresdefault.jpg was preloaded using link preload but not used within a few seconds from the window's load event. Please make sure it has an appropriate `as` value and it is preloaded intentionally. @ http://localhost:3000/:0
[47505082ms] [WARNING] The resource https://i.ytimg.com/vi/cXFQuxZF61Q/maxresdefault.jpg was preloaded using link preload but not used within a few seconds from the window's load event. Please make sure it has an appropriate `as` value and it is preloaded intentionally. @ http://localhost:3000/:0
[47505082ms] [WARNING] The resource https://i.ytimg.com/vi/haisvt45Kdc/maxresdefault.jpg was preloaded using link preload but not used within a few seconds from the window's load event. Please make sure it has an appropriate `as` value and it is preloaded intentionally. @ http://localhost:3000/:0
[47505082ms] [WARNING] The resource https://i.ytimg.com/vi/VKeF820DlGU/maxresdefault.jpg was preloaded using link preload but not used within a few seconds from the window's load event. Please make sure it has an appropriate `as` value and it is preloaded intentionally. @ http://localhost:3000/:0
[47517021ms] [WARNING] The resource https://i.ytimg.com/vi/732dkRJZOLE/maxresdefault.jpg was preloaded using link preload but not used within a few seconds from the window's load event. Please make sure it has an appropriate `as` value and it is preloaded intentionally. @ http://localhost:3000/:0
[47517021ms] [WARNING] The resource https://i.ytimg.com/vi/-KnzDx8UV5M/maxresdefault.jpg was preloaded using link preload but not used within a few seconds from the window's load event. Please make sure it has an appropriate `as` value and it is preloaded intentionally. @ http://localhost:3000/:0
[47517021ms] [WARNING] The resource https://i.ytimg.com/vi/cXFQuxZF61Q/maxresdefault.jpg was preloaded using link preload but not used within a few seconds from the window's load event. Please make sure it has an appropriate `as` value and it is preloaded intentionally. @ http://localhost:3000/:0
[47517021ms] [WARNING] The resource https://i.ytimg.com/vi/haisvt45Kdc/maxresdefault.jpg was preloaded using link preload but not used within a few seconds from the window's load event. Please make sure it has an appropriate `as` value and it is preloaded intentionally. @ http://localhost:3000/:0
[47517021ms] [WARNING] The resource https://i.ytimg.com/vi/VKeF820DlGU/maxresdefault.jpg was preloaded using link preload but not used within a few seconds from the window's load event. Please make sure it has an appropriate `as` value and it is preloaded intentionally. @ http://localhost:3000/:0
[47540511ms] [WARNING] The resource https://i.ytimg.com/vi/732dkRJZOLE/maxresdefault.jpg was preloaded using link preload but not used within a few seconds from the window's load event. Please make sure it has an appropriate `as` value and it is preloaded intentionally. @ http://localhost:3000/:0
[47540511ms] [WARNING] The resource https://i.ytimg.com/vi/-KnzDx8UV5M/maxresdefault.jpg was preloaded using link preload but not used within a few seconds from the window's load event. Please make sure it has an appropriate `as` value and it is preloaded intentionally. @ http://localhost:3000/:0
[47540511ms] [WARNING] The resource https://i.ytimg.com/vi/cXFQuxZF61Q/maxresdefault.jpg was preloaded using link preload but not used within a few seconds from the window's load event. Please make sure it has an appropriate `as` value and it is preloaded intentionally. @ http://localhost:3000/:0
[47540511ms] [WARNING] The resource https://i.ytimg.com/vi/haisvt45Kdc/maxresdefault.jpg was preloaded using link preload but not used within a few seconds from the window's load event. Please make sure it has an appropriate `as` value and it is preloaded intentionally. @ http://localhost:3000/:0
[47540511ms] [WARNING] The resource https://i.ytimg.com/vi/VKeF820DlGU/maxresdefault.jpg was preloaded using link preload but not used within a few seconds from the window's load event. Please make sure it has an appropriate `as` value and it is preloaded intentionally. @ http://localhost:3000/:0
[47552456ms] [WARNING] The resource https://i.ytimg.com/vi/732dkRJZOLE/maxresdefault.jpg was preloaded using link preload but not used within a few seconds from the window's load event. Please make sure it has an appropriate `as` value and it is preloaded intentionally. @ http://localhost:3000/:0
[47552456ms] [WARNING] The resource https://i.ytimg.com/vi/-KnzDx8UV5M/maxresdefault.jpg was preloaded using link preload but not used within a few seconds from the window's load event. Please make sure it has an appropriate `as` value and it is preloaded intentionally. @ http://localhost:3000/:0
[47552456ms] [WARNING] The resource https://i.ytimg.com/vi/cXFQuxZF61Q/maxresdefault.jpg was preloaded using link preload but not used within a few seconds from the window's load event. Please make sure it has an appropriate `as` value and it is preloaded intentionally. @ http://localhost:3000/:0
[47552456ms] [WARNING] The resource https://i.ytimg.com/vi/haisvt45Kdc/maxresdefault.jpg was preloaded using link preload but not used within a few seconds from the window's load event. Please make sure it has an appropriate `as` value and it is preloaded intentionally. @ http://localhost:3000/:0
[47552456ms] [WARNING] The resource https://i.ytimg.com/vi/VKeF820DlGU/maxresdefault.jpg was preloaded using link preload but not used within a few seconds from the window's load event. Please make sure it has an appropriate `as` value and it is preloaded intentionally. @ http://localhost:3000/:0
[47575949ms] [WARNING] The resource https://i.ytimg.com/vi/732dkRJZOLE/maxresdefault.jpg was preloaded using link preload but not used within a few seconds from the window's load event. Please make sure it has an appropriate `as` value and it is preloaded intentionally. @ http://localhost:3000/:0
[47575949ms] [WARNING] The resource https://i.ytimg.com/vi/-KnzDx8UV5M/maxresdefault.jpg was preloaded using link preload but not used within a few seconds from the window's load event. Please make sure it has an appropriate `as` value and it is preloaded intentionally. @ http://localhost:3000/:0
[47575949ms] [WARNING] The resource https://i.ytimg.com/vi/cXFQuxZF61Q/maxresdefault.jpg was preloaded using link preload but not used within a few seconds from the window's load event. Please make sure it has an appropriate `as` value and it is preloaded intentionally. @ http://localhost:3000/:0
[47575949ms] [WARNING] The resource https://i.ytimg.com/vi/haisvt45Kdc/maxresdefault.jpg was preloaded using link preload but not used within a few seconds from the window's load event. Please make sure it has an appropriate `as` value and it is preloaded intentionally. @ http://localhost:3000/:0
[47575949ms] [WARNING] The resource https://i.ytimg.com/vi/VKeF820DlGU/maxresdefault.jpg was preloaded using link preload but not used within a few seconds from the window's load event. Please make sure it has an appropriate `as` value and it is preloaded intentionally. @ http://localhost:3000/:0
[47587888ms] [WARNING] The resource https://i.ytimg.com/vi/732dkRJZOLE/maxresdefault.jpg was preloaded using link preload but not used within a few seconds from the window's load event. Please make sure it has an appropriate `as` value and it is preloaded intentionally. @ http://localhost:3000/:0
[47587888ms] [WARNING] The resource https://i.ytimg.com/vi/-KnzDx8UV5M/maxresdefault.jpg was preloaded using link preload but not used within a few seconds from the window's load event. Please make sure it has an appropriate `as` value and it is preloaded intentionally. @ http://localhost:3000/:0
[47587888ms] [WARNING] The resource https://i.ytimg.com/vi/cXFQuxZF61Q/maxresdefault.jpg was preloaded using link preload but not used within a few seconds from the window's load event. Please make sure it has an appropriate `as` value and it is preloaded intentionally. @ http://localhost:3000/:0
[47587888ms] [WARNING] The resource https://i.ytimg.com/vi/haisvt45Kdc/maxresdefault.jpg was preloaded using link preload but not used within a few seconds from the window's load event. Please make sure it has an appropriate `as` value and it is preloaded intentionally. @ http://localhost:3000/:0
[47587888ms] [WARNING] The resource https://i.ytimg.com/vi/VKeF820DlGU/maxresdefault.jpg was preloaded using link preload but not used within a few seconds from the window's load event. Please make sure it has an appropriate `as` value and it is preloaded intentionally. @ http://localhost:3000/:0
[47611381ms] [WARNING] The resource https://i.ytimg.com/vi/732dkRJZOLE/maxresdefault.jpg was preloaded using link preload but not used within a few seconds from the window's load event. Please make sure it has an appropriate `as` value and it is preloaded intentionally. @ http://localhost:3000/:0
[47611381ms] [WARNING] The resource https://i.ytimg.com/vi/-KnzDx8UV5M/maxresdefault.jpg was preloaded using link preload but not used within a few seconds from the window's load event. Please make sure it has an appropriate `as` value and it is preloaded intentionally. @ http://localhost:3000/:0
[47611381ms] [WARNING] The resource https://i.ytimg.com/vi/cXFQuxZF61Q/maxresdefault.jpg was preloaded using link preload but not used within a few seconds from the window's load event. Please make sure it has an appropriate `as` value and it is preloaded intentionally. @ http://localhost:3000/:0
[47611381ms] [WARNING] The resource https://i.ytimg.com/vi/haisvt45Kdc/maxresdefault.jpg was preloaded using link preload but not used within a few seconds from the window's load event. Please make sure it has an appropriate `as` value and it is preloaded intentionally. @ http://localhost:3000/:0
[47611381ms] [WARNING] The resource https://i.ytimg.com/vi/VKeF820DlGU/maxresdefault.jpg was preloaded using link preload but not used within a few seconds from the window's load event. Please make sure it has an appropriate `as` value and it is preloaded intentionally. @ http://localhost:3000/:0
[47623320ms] [WARNING] The resource https://i.ytimg.com/vi/732dkRJZOLE/maxresdefault.jpg was preloaded using link preload but not used within a few seconds from the window's load event. Please make sure it has an appropriate `as` value and it is preloaded intentionally. @ http://localhost:3000/:0
[47623320ms] [WARNING] The resource https://i.ytimg.com/vi/-KnzDx8UV5M/maxresdefault.jpg was preloaded using link preload but not used within a few seconds from the window's load event. Please make sure it has an appropriate `as` value and it is preloaded intentionally. @ http://localhost:3000/:0
[47623320ms] [WARNING] The resource https://i.ytimg.com/vi/cXFQuxZF61Q/maxresdefault.jpg was preloaded using link preload but not used within a few seconds from the window's load event. Please make sure it has an appropriate `as` value and it is preloaded intentionally. @ http://localhost:3000/:0
[47623320ms] [WARNING] The resource https://i.ytimg.com/vi/haisvt45Kdc/maxresdefault.jpg was preloaded using link preload but not used within a few seconds from the window's load event. Please make sure it has an appropriate `as` value and it is preloaded intentionally. @ http://localhost:3000/:0
[47623320ms] [WARNING] The resource https://i.ytimg.com/vi/VKeF820DlGU/maxresdefault.jpg was preloaded using link preload but not used within a few seconds from the window's load event. Please make sure it has an appropriate `as` value and it is preloaded intentionally. @ http://localhost:3000/:0
[47646822ms] [WARNING] The resource https://i.ytimg.com/vi/732dkRJZOLE/maxresdefault.jpg was preloaded using link preload but not used within a few seconds from the window's load event. Please make sure it has an appropriate `as` value and it is preloaded intentionally. @ http://localhost:3000/:0
[47646822ms] [WARNING] The resource https://i.ytimg.com/vi/-KnzDx8UV5M/maxresdefault.jpg was preloaded using link preload but not used within a few seconds from the window's load event. Please make sure it has an appropriate `as` value and it is preloaded intentionally. @ http://localhost:3000/:0
[47646822ms] [WARNING] The resource https://i.ytimg.com/vi/cXFQuxZF61Q/maxresdefault.jpg was preloaded using link preload but not used within a few seconds from the window's load event. Please make sure it has an appropriate `as` value and it is preloaded intentionally. @ http://localhost:3000/:0
[47646822ms] [WARNING] The resource https://i.ytimg.com/vi/haisvt45Kdc/maxresdefault.jpg was preloaded using link preload but not used within a few seconds from the window's load event. Please make sure it has an appropriate `as` value and it is preloaded intentionally. @ http://localhost:3000/:0
[47646822ms] [WARNING] The resource https://i.ytimg.com/vi/VKeF820DlGU/maxresdefault.jpg was preloaded using link preload but not used within a few seconds from the window's load event. Please make sure it has an appropriate `as` value and it is preloaded intentionally. @ http://localhost:3000/:0
[47658769ms] [WARNING] The resource https://i.ytimg.com/vi/732dkRJZOLE/maxresdefault.jpg was preloaded using link preload but not used within a few seconds from the window's load event. Please make sure it has an appropriate `as` value and it is preloaded intentionally. @ http://localhost:3000/:0
[47658769ms] [WARNING] The resource https://i.ytimg.com/vi/-KnzDx8UV5M/maxresdefault.jpg was preloaded using link preload but not used within a few seconds from the window's load event. Please make sure it has an appropriate `as` value and it is preloaded intentionally. @ http://localhost:3000/:0
[47658769ms] [WARNING] The resource https://i.ytimg.com/vi/cXFQuxZF61Q/maxresdefault.jpg was preloaded using link preload but not used within a few seconds from the window's load event. Please make sure it has an appropriate `as` value and it is preloaded intentionally. @ http://localhost:3000/:0
[47658769ms] [WARNING] The resource https://i.ytimg.com/vi/haisvt45Kdc/maxresdefault.jpg was preloaded using link preload but not used within a few seconds from the window's load event. Please make sure it has an appropriate `as` value and it is preloaded intentionally. @ http://localhost:3000/:0
[47658769ms] [WARNING] The resource https://i.ytimg.com/vi/VKeF820DlGU/maxresdefault.jpg was preloaded using link preload but not used within a few seconds from the window's load event. Please make sure it has an appropriate `as` value and it is preloaded intentionally. @ http://localhost:3000/:0
[47682261ms] [WARNING] The resource https://i.ytimg.com/vi/732dkRJZOLE/maxresdefault.jpg was preloaded using link preload but not used within a few seconds from the window's load event. Please make sure it has an appropriate `as` value and it is preloaded intentionally. @ http://localhost:3000/:0
[47682261ms] [WARNING] The resource https://i.ytimg.com/vi/-KnzDx8UV5M/maxresdefault.jpg was preloaded using link preload but not used within a few seconds from the window's load event. Please make sure it has an appropriate `as` value and it is preloaded intentionally. @ http://localhost:3000/:0
[47682261ms] [WARNING] The resource https://i.ytimg.com/vi/cXFQuxZF61Q/maxresdefault.jpg was preloaded using link preload but not used within a few seconds from the window's load event. Please make sure it has an appropriate `as` value and it is preloaded intentionally. @ http://localhost:3000/:0
[47682261ms] [WARNING] The resource https://i.ytimg.com/vi/haisvt45Kdc/maxresdefault.jpg was preloaded using link preload but not used within a few seconds from the window's load event. Please make sure it has an appropriate `as` value and it is preloaded intentionally. @ http://localhost:3000/:0
[47682261ms] [WARNING] The resource https://i.ytimg.com/vi/VKeF820DlGU/maxresdefault.jpg was preloaded using link preload but not used within a few seconds from the window's load event. Please make sure it has an appropriate `as` value and it is preloaded intentionally. @ http://localhost:3000/:0
[47694200ms] [WARNING] The resource https://i.ytimg.com/vi/732dkRJZOLE/maxresdefault.jpg was preloaded using link preload but not used within a few seconds from the window's load event. Please make sure it has an appropriate `as` value and it is preloaded intentionally. @ http://localhost:3000/:0
[47694200ms] [WARNING] The resource https://i.ytimg.com/vi/-KnzDx8UV5M/maxresdefault.jpg was preloaded using link preload but not used within a few seconds from the window's load event. Please make sure it has an appropriate `as` value and it is preloaded intentionally. @ http://localhost:3000/:0
[47694200ms] [WARNING] The resource https://i.ytimg.com/vi/cXFQuxZF61Q/maxresdefault.jpg was preloaded using link preload but not used within a few seconds from the window's load event. Please make sure it has an appropriate `as` value and it is preloaded intentionally. @ http://localhost:3000/:0
[47694200ms] [WARNING] The resource https://i.ytimg.com/vi/haisvt45Kdc/maxresdefault.jpg was preloaded using link preload but not used within a few seconds from the window's load event. Please make sure it has an appropriate `as` value and it is preloaded intentionally. @ http://localhost:3000/:0
[47694200ms] [WARNING] The resource https://i.ytimg.com/vi/VKeF820DlGU/maxresdefault.jpg was preloaded using link preload but not used within a few seconds from the window's load event. Please make sure it has an appropriate `as` value and it is preloaded intentionally. @ http://localhost:3000/:0
[47717711ms] [WARNING] The resource https://i.ytimg.com/vi/732dkRJZOLE/maxresdefault.jpg was preloaded using link preload but not used within a few seconds from the window's load event. Please make sure it has an appropriate `as` value and it is preloaded intentionally. @ http://localhost:3000/:0
[47717711ms] [WARNING] The resource https://i.ytimg.com/vi/-KnzDx8UV5M/maxresdefault.jpg was preloaded using link preload but not used within a few seconds from the window's load event. Please make sure it has an appropriate `as` value and it is preloaded intentionally. @ http://localhost:3000/:0
[47717711ms] [WARNING] The resource https://i.ytimg.com/vi/cXFQuxZF61Q/maxresdefault.jpg was preloaded using link preload but not used within a few seconds from the window's load event. Please make sure it has an appropriate `as` value and it is preloaded intentionally. @ http://localhost:3000/:0
[47717711ms] [WARNING] The resource https://i.ytimg.com/vi/haisvt45Kdc/maxresdefault.jpg was preloaded using link preload but not used within a few seconds from the window's load event. Please make sure it has an appropriate `as` value and it is preloaded intentionally. @ http://localhost:3000/:0
[47717711ms] [WARNING] The resource https://i.ytimg.com/vi/VKeF820DlGU/maxresdefault.jpg was preloaded using link preload but not used within a few seconds from the window's load event. Please make sure it has an appropriate `as` value and it is preloaded intentionally. @ http://localhost:3000/:0
[47729646ms] [WARNING] The resource https://i.ytimg.com/vi/732dkRJZOLE/maxresdefault.jpg was preloaded using link preload but not used within a few seconds from the window's load event. Please make sure it has an appropriate `as` value and it is preloaded intentionally. @ http://localhost:3000/:0
[47729646ms] [WARNING] The resource https://i.ytimg.com/vi/-KnzDx8UV5M/maxresdefault.jpg was preloaded using link preload but not used within a few seconds from the window's load event. Please make sure it has an appropriate `as` value and it is preloaded intentionally. @ http://localhost:3000/:0
[47729646ms] [WARNING] The resource https://i.ytimg.com/vi/cXFQuxZF61Q/maxresdefault.jpg was preloaded using link preload but not used within a few seconds from the window's load event. Please make sure it has an appropriate `as` value and it is preloaded intentionally. @ http://localhost:3000/:0
[47729646ms] [WARNING] The resource https://i.ytimg.com/vi/haisvt45Kdc/maxresdefault.jpg was preloaded using link preload but not used within a few seconds from the window's load event. Please make sure it has an appropriate `as` value and it is preloaded intentionally. @ http://localhost:3000/:0
[47729646ms] [WARNING] The resource https://i.ytimg.com/vi/VKeF820DlGU/maxresdefault.jpg was preloaded using link preload but not used within a few seconds from the window's load event. Please make sure it has an appropriate `as` value and it is preloaded intentionally. @ http://localhost:3000/:0
[47753142ms] [WARNING] The resource https://i.ytimg.com/vi/732dkRJZOLE/maxresdefault.jpg was preloaded using link preload but not used within a few seconds from the window's load event. Please make sure it has an appropriate `as` value and it is preloaded intentionally. @ http://localhost:3000/:0
[47753142ms] [WARNING] The resource https://i.ytimg.com/vi/-KnzDx8UV5M/maxresdefault.jpg was preloaded using link preload but not used within a few seconds from the window's load event. Please make sure it has an appropriate `as` value and it is preloaded intentionally. @ http://localhost:3000/:0
[47753142ms] [WARNING] The resource https://i.ytimg.com/vi/cXFQuxZF61Q/maxresdefault.jpg was preloaded using link preload but not used within a few seconds from the window's load event. Please make sure it has an appropriate `as` value and it is preloaded intentionally. @ http://localhost:3000/:0
[47753142ms] [WARNING] The resource https://i.ytimg.com/vi/haisvt45Kdc/maxresdefault.jpg was preloaded using link preload but not used within a few seconds from the window's load event. Please make sure it has an appropriate `as` value and it is preloaded intentionally. @ http://localhost:3000/:0
[47753142ms] [WARNING] The resource https://i.ytimg.com/vi/VKeF820DlGU/maxresdefault.jpg was preloaded using link preload but not used within a few seconds from the window's load event. Please make sure it has an appropriate `as` value and it is preloaded intentionally. @ http://localhost:3000/:0
[47765081ms] [WARNING] The resource https://i.ytimg.com/vi/732dkRJZOLE/maxresdefault.jpg was preloaded using link preload but not used within a few seconds from the window's load event. Please make sure it has an appropriate `as` value and it is preloaded intentionally. @ http://localhost:3000/:0
[47765081ms] [WARNING] The resource https://i.ytimg.com/vi/-KnzDx8UV5M/maxresdefault.jpg was preloaded using link preload but not used within a few seconds from the window's load event. Please make sure it has an appropriate `as` value and it is preloaded intentionally. @ http://localhost:3000/:0
[47765081ms] [WARNING] The resource https://i.ytimg.com/vi/cXFQuxZF61Q/maxresdefault.jpg was preloaded using link preload but not used within a few seconds from the window's load event. Please make sure it has an appropriate `as` value and it is preloaded intentionally. @ http://localhost:3000/:0
[47765081ms] [WARNING] The resource https://i.ytimg.com/vi/haisvt45Kdc/maxresdefault.jpg was preloaded using link preload but not used within a few seconds from the window's load event. Please make sure it has an appropriate `as` value and it is preloaded intentionally. @ http://localhost:3000/:0
[47765081ms] [WARNING] The resource https://i.ytimg.com/vi/VKeF820DlGU/maxresdefault.jpg was preloaded using link preload but not used within a few seconds from the window's load event. Please make sure it has an appropriate `as` value and it is preloaded intentionally. @ http://localhost:3000/:0
[47788582ms] [WARNING] The resource https://i.ytimg.com/vi/732dkRJZOLE/maxresdefault.jpg was preloaded using link preload but not used within a few seconds from the window's load event. Please make sure it has an appropriate `as` value and it is preloaded intentionally. @ http://localhost:3000/:0
[47788582ms] [WARNING] The resource https://i.ytimg.com/vi/-KnzDx8UV5M/maxresdefault.jpg was preloaded using link preload but not used within a few seconds from the window's load event. Please make sure it has an appropriate `as` value and it is preloaded intentionally. @ http://localhost:3000/:0
[47788582ms] [WARNING] The resource https://i.ytimg.com/vi/cXFQuxZF61Q/maxresdefault.jpg was preloaded using link preload but not used within a few seconds from the window's load event. Please make sure it has an appropriate `as` value and it is preloaded intentionally. @ http://localhost:3000/:0
[47788582ms] [WARNING] The resource https://i.ytimg.com/vi/haisvt45Kdc/maxresdefault.jpg was preloaded using link preload but not used within a few seconds from the window's load event. Please make sure it has an appropriate `as` value and it is preloaded intentionally. @ http://localhost:3000/:0
[47788582ms] [WARNING] The resource https://i.ytimg.com/vi/VKeF820DlGU/maxresdefault.jpg was preloaded using link preload but not used within a few seconds from the window's load event. Please make sure it has an appropriate `as` value and it is preloaded intentionally. @ http://localhost:3000/:0
[47800521ms] [WARNING] The resource https://i.ytimg.com/vi/732dkRJZOLE/maxresdefault.jpg was preloaded using link preload but not used within a few seconds from the window's load event. Please make sure it has an appropriate `as` value and it is preloaded intentionally. @ http://localhost:3000/:0
[47800522ms] [WARNING] The resource https://i.ytimg.com/vi/-KnzDx8UV5M/maxresdefault.jpg was preloaded using link preload but not used within a few seconds from the window's load event. Please make sure it has an appropriate `as` value and it is preloaded intentionally. @ http://localhost:3000/:0
[47800522ms] [WARNING] The resource https://i.ytimg.com/vi/cXFQuxZF61Q/maxresdefault.jpg was preloaded using link preload but not used within a few seconds from the window's load event. Please make sure it has an appropriate `as` value and it is preloaded intentionally. @ http://localhost:3000/:0
[47800522ms] [WARNING] The resource https://i.ytimg.com/vi/haisvt45Kdc/maxresdefault.jpg was preloaded using link preload but not used within a few seconds from the window's load event. Please make sure it has an appropriate `as` value and it is preloaded intentionally. @ http://localhost:3000/:0
[47800522ms] [WARNING] The resource https://i.ytimg.com/vi/VKeF820DlGU/maxresdefault.jpg was preloaded using link preload but not used within a few seconds from the window's load event. Please make sure it has an appropriate `as` value and it is preloaded intentionally. @ http://localhost:3000/:0
[47824016ms] [WARNING] The resource https://i.ytimg.com/vi/732dkRJZOLE/maxresdefault.jpg was preloaded using link preload but not used within a few seconds from the window's load event. Please make sure it has an appropriate `as` value and it is preloaded intentionally. @ http://localhost:3000/:0
[47824016ms] [WARNING] The resource https://i.ytimg.com/vi/-KnzDx8UV5M/maxresdefault.jpg was preloaded using link preload but not used within a few seconds from the window's load event. Please make sure it has an appropriate `as` value and it is preloaded intentionally. @ http://localhost:3000/:0
[47824016ms] [WARNING] The resource https://i.ytimg.com/vi/cXFQuxZF61Q/maxresdefault.jpg was preloaded using link preload but not used within a few seconds from the window's load event. Please make sure it has an appropriate `as` value and it is preloaded intentionally. @ http://localhost:3000/:0
[47824016ms] [WARNING] The resource https://i.ytimg.com/vi/haisvt45Kdc/maxresdefault.jpg was preloaded using link preload but not used within a few seconds from the window's load event. Please make sure it has an appropriate `as` value and it is preloaded intentionally. @ http://localhost:3000/:0
[47824016ms] [WARNING] The resource https://i.ytimg.com/vi/VKeF820DlGU/maxresdefault.jpg was preloaded using link preload but not used within a few seconds from the window's load event. Please make sure it has an appropriate `as` value and it is preloaded intentionally. @ http://localhost:3000/:0
[47835962ms] [WARNING] The resource https://i.ytimg.com/vi/732dkRJZOLE/maxresdefault.jpg was preloaded using link preload but not used within a few seconds from the window's load event. Please make sure it has an appropriate `as` value and it is preloaded intentionally. @ http://localhost:3000/:0
[47835962ms] [WARNING] The resource https://i.ytimg.com/vi/-KnzDx8UV5M/maxresdefault.jpg was preloaded using link preload but not used within a few seconds from the window's load event. Please make sure it has an appropriate `as` value and it is preloaded intentionally. @ http://localhost:3000/:0
[47835962ms] [WARNING] The resource https://i.ytimg.com/vi/cXFQuxZF61Q/maxresdefault.jpg was preloaded using link preload but not used within a few seconds from the window's load event. Please make sure it has an appropriate `as` value and it is preloaded intentionally. @ http://localhost:3000/:0
[47835962ms] [WARNING] The resource https://i.ytimg.com/vi/haisvt45Kdc/maxresdefault.jpg was preloaded using link preload but not used within a few seconds from the window's load event. Please make sure it has an appropriate `as` value and it is preloaded intentionally. @ http://localhost:3000/:0
[47835962ms] [WARNING] The resource https://i.ytimg.com/vi/VKeF820DlGU/maxresdefault.jpg was preloaded using link preload but not used within a few seconds from the window's load event. Please make sure it has an appropriate `as` value and it is preloaded intentionally. @ http://localhost:3000/:0
[47859458ms] [WARNING] The resource https://i.ytimg.com/vi/732dkRJZOLE/maxresdefault.jpg was preloaded using link preload but not used within a few seconds from the window's load event. Please make sure it has an appropriate `as` value and it is preloaded intentionally. @ http://localhost:3000/:0
[47859458ms] [WARNING] The resource https://i.ytimg.com/vi/-KnzDx8UV5M/maxresdefault.jpg was preloaded using link preload but not used within a few seconds from the window's load event. Please make sure it has an appropriate `as` value and it is preloaded intentionally. @ http://localhost:3000/:0
[47859458ms] [WARNING] The resource https://i.ytimg.com/vi/cXFQuxZF61Q/maxresdefault.jpg was preloaded using link preload but not used within a few seconds from the window's load event. Please make sure it has an appropriate `as` value and it is preloaded intentionally. @ http://localhost:3000/:0
[47859458ms] [WARNING] The resource https://i.ytimg.com/vi/haisvt45Kdc/maxresdefault.jpg was preloaded using link preload but not used within a few seconds from the window's load event. Please make sure it has an appropriate `as` value and it is preloaded intentionally. @ http://localhost:3000/:0
[47859458ms] [WARNING] The resource https://i.ytimg.com/vi/VKeF820DlGU/maxresdefault.jpg was preloaded using link preload but not used within a few seconds from the window's load event. Please make sure it has an appropriate `as` value and it is preloaded intentionally. @ http://localhost:3000/:0
[47871404ms] [WARNING] The resource https://i.ytimg.com/vi/732dkRJZOLE/maxresdefault.jpg was preloaded using link preload but not used within a few seconds from the window's load event. Please make sure it has an appropriate `as` value and it is preloaded intentionally. @ http://localhost:3000/:0
[47871404ms] [WARNING] The resource https://i.ytimg.com/vi/-KnzDx8UV5M/maxresdefault.jpg was preloaded using link preload but not used within a few seconds from the window's load event. Please make sure it has an appropriate `as` value and it is preloaded intentionally. @ http://localhost:3000/:0
[47871404ms] [WARNING] The resource https://i.ytimg.com/vi/cXFQuxZF61Q/maxresdefault.jpg was preloaded using link preload but not used within a few seconds from the window's load event. Please make sure it has an appropriate `as` value and it is preloaded intentionally. @ http://localhost:3000/:0
[47871404ms] [WARNING] The resource https://i.ytimg.com/vi/haisvt45Kdc/maxresdefault.jpg was preloaded using link preload but not used within a few seconds from the window's load event. Please make sure it has an appropriate `as` value and it is preloaded intentionally. @ http://localhost:3000/:0
[47871404ms] [WARNING] The resource https://i.ytimg.com/vi/VKeF820DlGU/maxresdefault.jpg was preloaded using link preload but not used within a few seconds from the window's load event. Please make sure it has an appropriate `as` value and it is preloaded intentionally. @ http://localhost:3000/:0
[47894903ms] [WARNING] The resource https://i.ytimg.com/vi/732dkRJZOLE/maxresdefault.jpg was preloaded using link preload but not used within a few seconds from the window's load event. Please make sure it has an appropriate `as` value and it is preloaded intentionally. @ http://localhost:3000/:0
[47894903ms] [WARNING] The resource https://i.ytimg.com/vi/-KnzDx8UV5M/maxresdefault.jpg was preloaded using link preload but not used within a few seconds from the window's load event. Please make sure it has an appropriate `as` value and it is preloaded intentionally. @ http://localhost:3000/:0
[47894903ms] [WARNING] The resource https://i.ytimg.com/vi/cXFQuxZF61Q/maxresdefault.jpg was preloaded using link preload but not used within a few seconds from the window's load event. Please make sure it has an appropriate `as` value and it is preloaded intentionally. @ http://localhost:3000/:0
[47894904ms] [WARNING] The resource https://i.ytimg.com/vi/haisvt45Kdc/maxresdefault.jpg was preloaded using link preload but not used within a few seconds from the window's load event. Please make sure it has an appropriate `as` value and it is preloaded intentionally. @ http://localhost:3000/:0
[47894904ms] [WARNING] The resource https://i.ytimg.com/vi/VKeF820DlGU/maxresdefault.jpg was preloaded using link preload but not used within a few seconds from the window's load event. Please make sure it has an appropriate `as` value and it is preloaded intentionally. @ http://localhost:3000/:0
[47906841ms] [WARNING] The resource https://i.ytimg.com/vi/732dkRJZOLE/maxresdefault.jpg was preloaded using link preload but not used within a few seconds from the window's load event. Please make sure it has an appropriate `as` value and it is preloaded intentionally. @ http://localhost:3000/:0
[47906841ms] [WARNING] The resource https://i.ytimg.com/vi/-KnzDx8UV5M/maxresdefault.jpg was preloaded using link preload but not used within a few seconds from the window's load event. Please make sure it has an appropriate `as` value and it is preloaded intentionally. @ http://localhost:3000/:0
[47906841ms] [WARNING] The resource https://i.ytimg.com/vi/cXFQuxZF61Q/maxresdefault.jpg was preloaded using link preload but not used within a few seconds from the window's load event. Please make sure it has an appropriate `as` value and it is preloaded intentionally. @ http://localhost:3000/:0
[47906841ms] [WARNING] The resource https://i.ytimg.com/vi/haisvt45Kdc/maxresdefault.jpg was preloaded using link preload but not used within a few seconds from the window's load event. Please make sure it has an appropriate `as` value and it is preloaded intentionally. @ http://localhost:3000/:0
[47906841ms] [WARNING] The resource https://i.ytimg.com/vi/VKeF820DlGU/maxresdefault.jpg was preloaded using link preload but not used within a few seconds from the window's load event. Please make sure it has an appropriate `as` value and it is preloaded intentionally. @ http://localhost:3000/:0
[47930331ms] [WARNING] The resource https://i.ytimg.com/vi/732dkRJZOLE/maxresdefault.jpg was preloaded using link preload but not used within a few seconds from the window's load event. Please make sure it has an appropriate `as` value and it is preloaded intentionally. @ http://localhost:3000/:0
[47930331ms] [WARNING] The resource https://i.ytimg.com/vi/-KnzDx8UV5M/maxresdefault.jpg was preloaded using link preload but not used within a few seconds from the window's load event. Please make sure it has an appropriate `as` value and it is preloaded intentionally. @ http://localhost:3000/:0
[47930331ms] [WARNING] The resource https://i.ytimg.com/vi/cXFQuxZF61Q/maxresdefault.jpg was preloaded using link preload but not used within a few seconds from the window's load event. Please make sure it has an appropriate `as` value and it is preloaded intentionally. @ http://localhost:3000/:0
[47930331ms] [WARNING] The resource https://i.ytimg.com/vi/haisvt45Kdc/maxresdefault.jpg was preloaded using link preload but not used within a few seconds from the window's load event. Please make sure it has an appropriate `as` value and it is preloaded intentionally. @ http://localhost:3000/:0
[47930331ms] [WARNING] The resource https://i.ytimg.com/vi/VKeF820DlGU/maxresdefault.jpg was preloaded using link preload but not used within a few seconds from the window's load event. Please make sure it has an appropriate `as` value and it is preloaded intentionally. @ http://localhost:3000/:0
[47930658ms] [LOG] [Fast Refresh] rebuilding @ http://localhost:3000/_next/static/chunks/node_modules_next_dist_f3530cac._.js:2297
[47930887ms] [LOG] [Fast Refresh] done in 331ms @ http://localhost:3000/_next/static/chunks/node_modules_next_dist_f3530cac._.js:2297
[47942269ms] [WARNING] The resource https://i.ytimg.com/vi/732dkRJZOLE/maxresdefault.jpg was preloaded using link preload but not used within a few seconds from the window's load event. Please make sure it has an appropriate `as` value and it is preloaded intentionally. @ http://localhost:3000/:0
[47942269ms] [WARNING] The resource https://i.ytimg.com/vi/-KnzDx8UV5M/maxresdefault.jpg was preloaded using link preload but not used within a few seconds from the window's load event. Please make sure it has an appropriate `as` value and it is preloaded intentionally. @ http://localhost:3000/:0
[47942270ms] [WARNING] The resource https://i.ytimg.com/vi/cXFQuxZF61Q/maxresdefault.jpg was preloaded using link preload but not used within a few seconds from the window's load event. Please make sure it has an appropriate `as` value and it is preloaded intentionally. @ http://localhost:3000/:0
[47942270ms] [WARNING] The resource https://i.ytimg.com/vi/haisvt45Kdc/maxresdefault.jpg was preloaded using link preload but not used within a few seconds from the window's load event. Please make sure it has an appropriate `as` value and it is preloaded intentionally. @ http://localhost:3000/:0
[47942270ms] [WARNING] The resource https://i.ytimg.com/vi/VKeF820DlGU/maxresdefault.jpg was preloaded using link preload but not used within a few seconds from the window's load event. Please make sure it has an appropriate `as` value and it is preloaded intentionally. @ http://localhost:3000/:0
[47965783ms] [WARNING] The resource https://i.ytimg.com/vi/732dkRJZOLE/maxresdefault.jpg was preloaded using link preload but not used within a few seconds from the window's load event. Please make sure it has an appropriate `as` value and it is preloaded intentionally. @ http://localhost:3000/:0
[47965784ms] [WARNING] The resource https://i.ytimg.com/vi/-KnzDx8UV5M/maxresdefault.jpg was preloaded using link preload but not used within a few seconds from the window's load event. Please make sure it has an appropriate `as` value and it is preloaded intentionally. @ http://localhost:3000/:0
[47965784ms] [WARNING] The resource https://i.ytimg.com/vi/cXFQuxZF61Q/maxresdefault.jpg was preloaded using link preload but not used within a few seconds from the window's load event. Please make sure it has an appropriate `as` value and it is preloaded intentionally. @ http://localhost:3000/:0
[47965784ms] [WARNING] The resource https://i.ytimg.com/vi/haisvt45Kdc/maxresdefault.jpg was preloaded using link preload but not used within a few seconds from the window's load event. Please make sure it has an appropriate `as` value and it is preloaded intentionally. @ http://localhost:3000/:0
[47965784ms] [WARNING] The resource https://i.ytimg.com/vi/VKeF820DlGU/maxresdefault.jpg was preloaded using link preload but not used within a few seconds from the window's load event. Please make sure it has an appropriate `as` value and it is preloaded intentionally. @ http://localhost:3000/:0
[47977710ms] [WARNING] The resource https://i.ytimg.com/vi/732dkRJZOLE/maxresdefault.jpg was preloaded using link preload but not used within a few seconds from the window's load event. Please make sure it has an appropriate `as` value and it is preloaded intentionally. @ http://localhost:3000/:0
[47977710ms] [WARNING] The resource https://i.ytimg.com/vi/-KnzDx8UV5M/maxresdefault.jpg was preloaded using link preload but not used within a few seconds from the window's load event. Please make sure it has an appropriate `as` value and it is preloaded intentionally. @ http://localhost:3000/:0
[47977710ms] [WARNING] The resource https://i.ytimg.com/vi/cXFQuxZF61Q/maxresdefault.jpg was preloaded using link preload but not used within a few seconds from the window's load event. Please make sure it has an appropriate `as` value and it is preloaded intentionally. @ http://localhost:3000/:0
[47977710ms] [WARNING] The resource https://i.ytimg.com/vi/haisvt45Kdc/maxresdefault.jpg was preloaded using link preload but not used within a few seconds from the window's load event. Please make sure it has an appropriate `as` value and it is preloaded intentionally. @ http://localhost:3000/:0
[47977710ms] [WARNING] The resource https://i.ytimg.com/vi/VKeF820DlGU/maxresdefault.jpg was preloaded using link preload but not used within a few seconds from the window's load event. Please make sure it has an appropriate `as` value and it is preloaded intentionally. @ http://localhost:3000/:0
[48001202ms] [WARNING] The resource https://i.ytimg.com/vi/732dkRJZOLE/maxresdefault.jpg was preloaded using link preload but not used within a few seconds from the window's load event. Please make sure it has an appropriate `as` value and it is preloaded intentionally. @ http://localhost:3000/:0
[48001203ms] [WARNING] The resource https://i.ytimg.com/vi/-KnzDx8UV5M/maxresdefault.jpg was preloaded using link preload but not used within a few seconds from the window's load event. Please make sure it has an appropriate `as` value and it is preloaded intentionally. @ http://localhost:3000/:0
[48001203ms] [WARNING] The resource https://i.ytimg.com/vi/cXFQuxZF61Q/maxresdefault.jpg was preloaded using link preload but not used within a few seconds from the window's load event. Please make sure it has an appropriate `as` value and it is preloaded intentionally. @ http://localhost:3000/:0
[48001203ms] [WARNING] The resource https://i.ytimg.com/vi/haisvt45Kdc/maxresdefault.jpg was preloaded using link preload but not used within a few seconds from the window's load event. Please make sure it has an appropriate `as` value and it is preloaded intentionally. @ http://localhost:3000/:0
[48001203ms] [WARNING] The resource https://i.ytimg.com/vi/VKeF820DlGU/maxresdefault.jpg was preloaded using link preload but not used within a few seconds from the window's load event. Please make sure it has an appropriate `as` value and it is preloaded intentionally. @ http://localhost:3000/:0
[48013152ms] [WARNING] The resource https://i.ytimg.com/vi/732dkRJZOLE/maxresdefault.jpg was preloaded using link preload but not used within a few seconds from the window's load event. Please make sure it has an appropriate `as` value and it is preloaded intentionally. @ http://localhost:3000/:0
[48013152ms] [WARNING] The resource https://i.ytimg.com/vi/-KnzDx8UV5M/maxresdefault.jpg was preloaded using link preload but not used within a few seconds from the window's load event. Please make sure it has an appropriate `as` value and it is preloaded intentionally. @ http://localhost:3000/:0
[48013152ms] [WARNING] The resource https://i.ytimg.com/vi/cXFQuxZF61Q/maxresdefault.jpg was preloaded using link preload but not used within a few seconds from the window's load event. Please make sure it has an appropriate `as` value and it is preloaded intentionally. @ http://localhost:3000/:0
[48013152ms] [WARNING] The resource https://i.ytimg.com/vi/haisvt45Kdc/maxresdefault.jpg was preloaded using link preload but not used within a few seconds from the window's load event. Please make sure it has an appropriate `as` value and it is preloaded intentionally. @ http://localhost:3000/:0
[48013152ms] [WARNING] The resource https://i.ytimg.com/vi/VKeF820DlGU/maxresdefault.jpg was preloaded using link preload but not used within a few seconds from the window's load event. Please make sure it has an appropriate `as` value and it is preloaded intentionally. @ http://localhost:3000/:0
[48036665ms] [WARNING] The resource https://i.ytimg.com/vi/732dkRJZOLE/maxresdefault.jpg was preloaded using link preload but not used within a few seconds from the window's load event. Please make sure it has an appropriate `as` value and it is preloaded intentionally. @ http://localhost:3000/:0
[48036665ms] [WARNING] The resource https://i.ytimg.com/vi/-KnzDx8UV5M/maxresdefault.jpg was preloaded using link preload but not used within a few seconds from the window's load event. Please make sure it has an appropriate `as` value and it is preloaded intentionally. @ http://localhost:3000/:0
[48036665ms] [WARNING] The resource https://i.ytimg.com/vi/cXFQuxZF61Q/maxresdefault.jpg was preloaded using link preload but not used within a few seconds from the window's load event. Please make sure it has an appropriate `as` value and it is preloaded intentionally. @ http://localhost:3000/:0
[48036665ms] [WARNING] The resource https://i.ytimg.com/vi/haisvt45Kdc/maxresdefault.jpg was preloaded using link preload but not used within a few seconds from the window's load event. Please make sure it has an appropriate `as` value and it is preloaded intentionally. @ http://localhost:3000/:0
[48036665ms] [WARNING] The resource https://i.ytimg.com/vi/VKeF820DlGU/maxresdefault.jpg was preloaded using link preload but not used within a few seconds from the window's load event. Please make sure it has an appropriate `as` value and it is preloaded intentionally. @ http://localhost:3000/:0
[48037340ms] [LOG] [Fast Refresh] rebuilding @ http://localhost:3000/_next/static/chunks/node_modules_next_dist_f3530cac._.js:2297
[48038178ms] [LOG] [Fast Refresh] done in 938ms @ http://localhost:3000/_next/static/chunks/node_modules_next_dist_f3530cac._.js:2297
[48039116ms] [LOG] [Fast Refresh] rebuilding @ http://localhost:3000/_next/static/chunks/node_modules_next_dist_f3530cac._.js:2297
[48039297ms] [LOG] [Fast Refresh] done in 281ms @ http://localhost:3000/_next/static/chunks/node_modules_next_dist_f3530cac._.js:2297
[48040647ms] [WARNING] The resource https://i.ytimg.com/vi/732dkRJZOLE/maxresdefault.jpg was preloaded using link preload but not used within a few seconds from the window's load event. Please make sure it has an appropriate `as` value and it is preloaded intentionally. @ http://localhost:3000/:0
[48040647ms] [WARNING] The resource https://i.ytimg.com/vi/-KnzDx8UV5M/maxresdefault.jpg was preloaded using link preload but not used within a few seconds from the window's load event. Please make sure it has an appropriate `as` value and it is preloaded intentionally. @ http://localhost:3000/:0
[48040648ms] [WARNING] The resource https://i.ytimg.com/vi/cXFQuxZF61Q/maxresdefault.jpg was preloaded using link preload but not used within a few seconds from the window's load event. Please make sure it has an appropriate `as` value and it is preloaded intentionally. @ http://localhost:3000/:0
[48040648ms] [WARNING] The resource https://i.ytimg.com/vi/haisvt45Kdc/maxresdefault.jpg was preloaded using link preload but not used within a few seconds from the window's load event. Please make sure it has an appropriate `as` value and it is preloaded intentionally. @ http://localhost:3000/:0
[48040648ms] [WARNING] The resource https://i.ytimg.com/vi/VKeF820DlGU/maxresdefault.jpg was preloaded using link preload but not used within a few seconds from the window's load event. Please make sure it has an appropriate `as` value and it is preloaded intentionally. @ http://localhost:3000/:0
[48042398ms] [LOG] [Fast Refresh] rebuilding @ http://localhost:3000/_next/static/chunks/node_modules_next_dist_f3530cac._.js:2297
[48042554ms] [LOG] [Fast Refresh] done in 258ms @ http://localhost:3000/_next/static/chunks/node_modules_next_dist_f3530cac._.js:2297
[48048596ms] [WARNING] The resource https://i.ytimg.com/vi/732dkRJZOLE/maxresdefault.jpg was preloaded using link preload but not used within a few seconds from the window's load event. Please make sure it has an appropriate `as` value and it is preloaded intentionally. @ http://localhost:3000/:0
[48048596ms] [WARNING] The resource https://i.ytimg.com/vi/-KnzDx8UV5M/maxresdefault.jpg was preloaded using link preload but not used within a few seconds from the window's load event. Please make sure it has an appropriate `as` value and it is preloaded intentionally. @ http://localhost:3000/:0
[48048596ms] [WARNING] The resource https://i.ytimg.com/vi/cXFQuxZF61Q/maxresdefault.jpg was preloaded using link preload but not used within a few seconds from the window's load event. Please make sure it has an appropriate `as` value and it is preloaded intentionally. @ http://localhost:3000/:0
[48048596ms] [WARNING] The resource https://i.ytimg.com/vi/haisvt45Kdc/maxresdefault.jpg was preloaded using link preload but not used within a few seconds from the window's load event. Please make sure it has an appropriate `as` value and it is preloaded intentionally. @ http://localhost:3000/:0
[48048596ms] [WARNING] The resource https://i.ytimg.com/vi/VKeF820DlGU/maxresdefault.jpg was preloaded using link preload but not used within a few seconds from the window's load event. Please make sure it has an appropriate `as` value and it is preloaded intentionally. @ http://localhost:3000/:0
[48072098ms] [WARNING] The resource https://i.ytimg.com/vi/732dkRJZOLE/maxresdefault.jpg was preloaded using link preload but not used within a few seconds from the window's load event. Please make sure it has an appropriate `as` value and it is preloaded intentionally. @ http://localhost:3000/:0
[48072098ms] [WARNING] The resource https://i.ytimg.com/vi/-KnzDx8UV5M/maxresdefault.jpg was preloaded using link preload but not used within a few seconds from the window's load event. Please make sure it has an appropriate `as` value and it is preloaded intentionally. @ http://localhost:3000/:0
[48072098ms] [WARNING] The resource https://i.ytimg.com/vi/cXFQuxZF61Q/maxresdefault.jpg was preloaded using link preload but not used within a few seconds from the window's load event. Please make sure it has an appropriate `as` value and it is preloaded intentionally. @ http://localhost:3000/:0
[48072098ms] [WARNING] The resource https://i.ytimg.com/vi/haisvt45Kdc/maxresdefault.jpg was preloaded using link preload but not used within a few seconds from the window's load event. Please make sure it has an appropriate `as` value and it is preloaded intentionally. @ http://localhost:3000/:0
[48072098ms] [WARNING] The resource https://i.ytimg.com/vi/VKeF820DlGU/maxresdefault.jpg was preloaded using link preload but not used within a few seconds from the window's load event. Please make sure it has an appropriate `as` value and it is preloaded intentionally. @ http://localhost:3000/:0
[48084038ms] [WARNING] The resource https://i.ytimg.com/vi/732dkRJZOLE/maxresdefault.jpg was preloaded using link preload but not used within a few seconds from the window's load event. Please make sure it has an appropriate `as` value and it is preloaded intentionally. @ http://localhost:3000/:0
[48084038ms] [WARNING] The resource https://i.ytimg.com/vi/-KnzDx8UV5M/maxresdefault.jpg was preloaded using link preload but not used within a few seconds from the window's load event. Please make sure it has an appropriate `as` value and it is preloaded intentionally. @ http://localhost:3000/:0
[48084038ms] [WARNING] The resource https://i.ytimg.com/vi/cXFQuxZF61Q/maxresdefault.jpg was preloaded using link preload but not used within a few seconds from the window's load event. Please make sure it has an appropriate `as` value and it is preloaded intentionally. @ http://localhost:3000/:0
[48084038ms] [WARNING] The resource https://i.ytimg.com/vi/haisvt45Kdc/maxresdefault.jpg was preloaded using link preload but not used within a few seconds from the window's load event. Please make sure it has an appropriate `as` value and it is preloaded intentionally. @ http://localhost:3000/:0
[48084038ms] [WARNING] The resource https://i.ytimg.com/vi/VKeF820DlGU/maxresdefault.jpg was preloaded using link preload but not used within a few seconds from the window's load event. Please make sure it has an appropriate `as` value and it is preloaded intentionally. @ http://localhost:3000/:0
[48101732ms] [LOG] [Fast Refresh] rebuilding @ http://localhost:3000/_next/static/chunks/node_modules_next_dist_f3530cac._.js:2297
[48102035ms] [LOG] [Fast Refresh] done in 186ms @ http://localhost:3000/_next/static/chunks/node_modules_next_dist_f3530cac._.js:2297
[48102140ms] [LOG] [Fast Refresh] rebuilding @ http://localhost:3000/_next/static/chunks/node_modules_next_dist_f3530cac._.js:2297
[48102154ms] [LOG] [Fast Refresh] done in 114ms @ http://localhost:3000/_next/static/chunks/node_modules_next_dist_f3530cac._.js:2297
[48107532ms] [WARNING] The resource https://i.ytimg.com/vi/732dkRJZOLE/maxresdefault.jpg was preloaded using link preload but not used within a few seconds from the window's load event. Please make sure it has an appropriate `as` value and it is preloaded intentionally. @ http://localhost:3000/:0
[48107532ms] [WARNING] The resource https://i.ytimg.com/vi/-KnzDx8UV5M/maxresdefault.jpg was preloaded using link preload but not used within a few seconds from the window's load event. Please make sure it has an appropriate `as` value and it is preloaded intentionally. @ http://localhost:3000/:0
[48107532ms] [WARNING] The resource https://i.ytimg.com/vi/cXFQuxZF61Q/maxresdefault.jpg was preloaded using link preload but not used within a few seconds from the window's load event. Please make sure it has an appropriate `as` value and it is preloaded intentionally. @ http://localhost:3000/:0
[48107532ms] [WARNING] The resource https://i.ytimg.com/vi/haisvt45Kdc/maxresdefault.jpg was preloaded using link preload but not used within a few seconds from the window's load event. Please make sure it has an appropriate `as` value and it is preloaded intentionally. @ http://localhost:3000/:0
[48107532ms] [WARNING] The resource https://i.ytimg.com/vi/VKeF820DlGU/maxresdefault.jpg was preloaded using link preload but not used within a few seconds from the window's load event. Please make sure it has an appropriate `as` value and it is preloaded intentionally. @ http://localhost:3000/:0
[48119469ms] [WARNING] The resource https://i.ytimg.com/vi/732dkRJZOLE/maxresdefault.jpg was preloaded using link preload but not used within a few seconds from the window's load event. Please make sure it has an appropriate `as` value and it is preloaded intentionally. @ http://localhost:3000/:0
[48119469ms] [WARNING] The resource https://i.ytimg.com/vi/-KnzDx8UV5M/maxresdefault.jpg was preloaded using link preload but not used within a few seconds from the window's load event. Please make sure it has an appropriate `as` value and it is preloaded intentionally. @ http://localhost:3000/:0
[48119469ms] [WARNING] The resource https://i.ytimg.com/vi/cXFQuxZF61Q/maxresdefault.jpg was preloaded using link preload but not used within a few seconds from the window's load event. Please make sure it has an appropriate `as` value and it is preloaded intentionally. @ http://localhost:3000/:0
[48119469ms] [WARNING] The resource https://i.ytimg.com/vi/haisvt45Kdc/maxresdefault.jpg was preloaded using link preload but not used within a few seconds from the window's load event. Please make sure it has an appropriate `as` value and it is preloaded intentionally. @ http://localhost:3000/:0
[48119469ms] [WARNING] The resource https://i.ytimg.com/vi/VKeF820DlGU/maxresdefault.jpg was preloaded using link preload but not used within a few seconds from the window's load event. Please make sure it has an appropriate `as` value and it is preloaded intentionally. @ http://localhost:3000/:0
[48143012ms] [WARNING] The resource https://i.ytimg.com/vi/732dkRJZOLE/maxresdefault.jpg was preloaded using link preload but not used within a few seconds from the window's load event. Please make sure it has an appropriate `as` value and it is preloaded intentionally. @ http://localhost:3000/:0
[48143012ms] [WARNING] The resource https://i.ytimg.com/vi/-KnzDx8UV5M/maxresdefault.jpg was preloaded using link preload but not used within a few seconds from the window's load event. Please make sure it has an appropriate `as` value and it is preloaded intentionally. @ http://localhost:3000/:0
[48143012ms] [WARNING] The resource https://i.ytimg.com/vi/cXFQuxZF61Q/maxresdefault.jpg was preloaded using link preload but not used within a few seconds from the window's load event. Please make sure it has an appropriate `as` value and it is preloaded intentionally. @ http://localhost:3000/:0
[48143012ms] [WARNING] The resource https://i.ytimg.com/vi/haisvt45Kdc/maxresdefault.jpg was preloaded using link preload but not used within a few seconds from the window's load event. Please make sure it has an appropriate `as` value and it is preloaded intentionally. @ http://localhost:3000/:0
[48143012ms] [WARNING] The resource https://i.ytimg.com/vi/VKeF820DlGU/maxresdefault.jpg was preloaded using link preload but not used within a few seconds from the window's load event. Please make sure it has an appropriate `as` value and it is preloaded intentionally. @ http://localhost:3000/:0
[48154956ms] [WARNING] The resource https://i.ytimg.com/vi/732dkRJZOLE/maxresdefault.jpg was preloaded using link preload but not used within a few seconds from the window's load event. Please make sure it has an appropriate `as` value and it is preloaded intentionally. @ http://localhost:3000/:0
[48154956ms] [WARNING] The resource https://i.ytimg.com/vi/-KnzDx8UV5M/maxresdefault.jpg was preloaded using link preload but not used within a few seconds from the window's load event. Please make sure it has an appropriate `as` value and it is preloaded intentionally. @ http://localhost:3000/:0
[48154956ms] [WARNING] The resource https://i.ytimg.com/vi/cXFQuxZF61Q/maxresdefault.jpg was preloaded using link preload but not used within a few seconds from the window's load event. Please make sure it has an appropriate `as` value and it is preloaded intentionally. @ http://localhost:3000/:0
[48154956ms] [WARNING] The resource https://i.ytimg.com/vi/haisvt45Kdc/maxresdefault.jpg was preloaded using link preload but not used within a few seconds from the window's load event. Please make sure it has an appropriate `as` value and it is preloaded intentionally. @ http://localhost:3000/:0
[48154956ms] [WARNING] The resource https://i.ytimg.com/vi/VKeF820DlGU/maxresdefault.jpg was preloaded using link preload but not used within a few seconds from the window's load event. Please make sure it has an appropriate `as` value and it is preloaded intentionally. @ http://localhost:3000/:0
[48178449ms] [WARNING] The resource https://i.ytimg.com/vi/732dkRJZOLE/maxresdefault.jpg was preloaded using link preload but not used within a few seconds from the window's load event. Please make sure it has an appropriate `as` value and it is preloaded intentionally. @ http://localhost:3000/:0
[48178449ms] [WARNING] The resource https://i.ytimg.com/vi/-KnzDx8UV5M/maxresdefault.jpg was preloaded using link preload but not used within a few seconds from the window's load event. Please make sure it has an appropriate `as` value and it is preloaded intentionally. @ http://localhost:3000/:0
[48178449ms] [WARNING] The resource https://i.ytimg.com/vi/cXFQuxZF61Q/maxresdefault.jpg was preloaded using link preload but not used within a few seconds from the window's load event. Please make sure it has an appropriate `as` value and it is preloaded intentionally. @ http://localhost:3000/:0
[48178449ms] [WARNING] The resource https://i.ytimg.com/vi/haisvt45Kdc/maxresdefault.jpg was preloaded using link preload but not used within a few seconds from the window's load event. Please make sure it has an appropriate `as` value and it is preloaded intentionally. @ http://localhost:3000/:0
[48178449ms] [WARNING] The resource https://i.ytimg.com/vi/VKeF820DlGU/maxresdefault.jpg was preloaded using link preload but not used within a few seconds from the window's load event. Please make sure it has an appropriate `as` value and it is preloaded intentionally. @ http://localhost:3000/:0
[48186110ms] [LOG] [Fast Refresh] rebuilding @ http://localhost:3000/_next/static/chunks/node_modules_next_dist_f3530cac._.js:2297
[48187448ms] [LOG] [Fast Refresh] done in 1437ms @ http://localhost:3000/_next/static/chunks/node_modules_next_dist_f3530cac._.js:2297
[48187569ms] [LOG] [Fast Refresh] rebuilding @ http://localhost:3000/_next/static/chunks/node_modules_next_dist_f3530cac._.js:2297
[48187810ms] [LOG] [Fast Refresh] done in 342ms @ http://localhost:3000/_next/static/chunks/node_modules_next_dist_f3530cac._.js:2297
[48190920ms] [WARNING] The resource https://i.ytimg.com/vi/732dkRJZOLE/maxresdefault.jpg was preloaded using link preload but not used within a few seconds from the window's load event. Please make sure it has an appropriate `as` value and it is preloaded intentionally. @ http://localhost:3000/:0
[48190920ms] [WARNING] The resource https://i.ytimg.com/vi/-KnzDx8UV5M/maxresdefault.jpg was preloaded using link preload but not used within a few seconds from the window's load event. Please make sure it has an appropriate `as` value and it is preloaded intentionally. @ http://localhost:3000/:0
[48190920ms] [WARNING] The resource https://i.ytimg.com/vi/cXFQuxZF61Q/maxresdefault.jpg was preloaded using link preload but not used within a few seconds from the window's load event. Please make sure it has an appropriate `as` value and it is preloaded intentionally. @ http://localhost:3000/:0
[48190920ms] [WARNING] The resource https://i.ytimg.com/vi/haisvt45Kdc/maxresdefault.jpg was preloaded using link preload but not used within a few seconds from the window's load event. Please make sure it has an appropriate `as` value and it is preloaded intentionally. @ http://localhost:3000/:0
[48190920ms] [WARNING] The resource https://i.ytimg.com/vi/VKeF820DlGU/maxresdefault.jpg was preloaded using link preload but not used within a few seconds from the window's load event. Please make sure it has an appropriate `as` value and it is preloaded intentionally. @ http://localhost:3000/:0
[48191454ms] [LOG] [Fast Refresh] rebuilding @ http://localhost:3000/_next/static/chunks/node_modules_next_dist_f3530cac._.js:2297
[48191693ms] [LOG] [Fast Refresh] done in 121ms @ http://localhost:3000/_next/static/chunks/node_modules_next_dist_f3530cac._.js:2297
[48194928ms] [WARNING] The resource https://i.ytimg.com/vi/732dkRJZOLE/maxresdefault.jpg was preloaded using link preload but not used within a few seconds from the window's load event. Please make sure it has an appropriate `as` value and it is preloaded intentionally. @ http://localhost:3000/:0
[48194928ms] [WARNING] The resource https://i.ytimg.com/vi/-KnzDx8UV5M/maxresdefault.jpg was preloaded using link preload but not used within a few seconds from the window's load event. Please make sure it has an appropriate `as` value and it is preloaded intentionally. @ http://localhost:3000/:0
[48194928ms] [WARNING] The resource https://i.ytimg.com/vi/cXFQuxZF61Q/maxresdefault.jpg was preloaded using link preload but not used within a few seconds from the window's load event. Please make sure it has an appropriate `as` value and it is preloaded intentionally. @ http://localhost:3000/:0
[48194928ms] [WARNING] The resource https://i.ytimg.com/vi/haisvt45Kdc/maxresdefault.jpg was preloaded using link preload but not used within a few seconds from the window's load event. Please make sure it has an appropriate `as` value and it is preloaded intentionally. @ http://localhost:3000/:0
[48194928ms] [WARNING] The resource https://i.ytimg.com/vi/VKeF820DlGU/maxresdefault.jpg was preloaded using link preload but not used within a few seconds from the window's load event. Please make sure it has an appropriate `as` value and it is preloaded intentionally. @ http://localhost:3000/:0
[48213910ms] [WARNING] The resource https://i.ytimg.com/vi/732dkRJZOLE/maxresdefault.jpg was preloaded using link preload but not used within a few seconds from the window's load event. Please make sure it has an appropriate `as` value and it is preloaded intentionally. @ http://localhost:3000/:0
[48213910ms] [WARNING] The resource https://i.ytimg.com/vi/-KnzDx8UV5M/maxresdefault.jpg was preloaded using link preload but not used within a few seconds from the window's load event. Please make sure it has an appropriate `as` value and it is preloaded intentionally. @ http://localhost:3000/:0
[48213910ms] [WARNING] The resource https://i.ytimg.com/vi/cXFQuxZF61Q/maxresdefault.jpg was preloaded using link preload but not used within a few seconds from the window's load event. Please make sure it has an appropriate `as` value and it is preloaded intentionally. @ http://localhost:3000/:0
[48213910ms] [WARNING] The resource https://i.ytimg.com/vi/haisvt45Kdc/maxresdefault.jpg was preloaded using link preload but not used within a few seconds from the window's load event. Please make sure it has an appropriate `as` value and it is preloaded intentionally. @ http://localhost:3000/:0
[48213910ms] [WARNING] The resource https://i.ytimg.com/vi/VKeF820DlGU/maxresdefault.jpg was preloaded using link preload but not used within a few seconds from the window's load event. Please make sure it has an appropriate `as` value and it is preloaded intentionally. @ http://localhost:3000/:0
[48225842ms] [WARNING] The resource https://i.ytimg.com/vi/732dkRJZOLE/maxresdefault.jpg was preloaded using link preload but not used within a few seconds from the window's load event. Please make sure it has an appropriate `as` value and it is preloaded intentionally. @ http://localhost:3000/:0
[48225843ms] [WARNING] The resource https://i.ytimg.com/vi/-KnzDx8UV5M/maxresdefault.jpg was preloaded using link preload but not used within a few seconds from the window's load event. Please make sure it has an appropriate `as` value and it is preloaded intentionally. @ http://localhost:3000/:0
[48225843ms] [WARNING] The resource https://i.ytimg.com/vi/cXFQuxZF61Q/maxresdefault.jpg was preloaded using link preload but not used within a few seconds from the window's load event. Please make sure it has an appropriate `as` value and it is preloaded intentionally. @ http://localhost:3000/:0
[48225843ms] [WARNING] The resource https://i.ytimg.com/vi/haisvt45Kdc/maxresdefault.jpg was preloaded using link preload but not used within a few seconds from the window's load event. Please make sure it has an appropriate `as` value and it is preloaded intentionally. @ http://localhost:3000/:0
[48225843ms] [WARNING] The resource https://i.ytimg.com/vi/VKeF820DlGU/maxresdefault.jpg was preloaded using link preload but not used within a few seconds from the window's load event. Please make sure it has an appropriate `as` value and it is preloaded intentionally. @ http://localhost:3000/:0
[48249358ms] [WARNING] The resource https://i.ytimg.com/vi/732dkRJZOLE/maxresdefault.jpg was preloaded using link preload but not used within a few seconds from the window's load event. Please make sure it has an appropriate `as` value and it is preloaded intentionally. @ http://localhost:3000/:0
[48249358ms] [WARNING] The resource https://i.ytimg.com/vi/-KnzDx8UV5M/maxresdefault.jpg was preloaded using link preload but not used within a few seconds from the window's load event. Please make sure it has an appropriate `as` value and it is preloaded intentionally. @ http://localhost:3000/:0
[48249358ms] [WARNING] The resource https://i.ytimg.com/vi/cXFQuxZF61Q/maxresdefault.jpg was preloaded using link preload but not used within a few seconds from the window's load event. Please make sure it has an appropriate `as` value and it is preloaded intentionally. @ http://localhost:3000/:0
[48249358ms] [WARNING] The resource https://i.ytimg.com/vi/haisvt45Kdc/maxresdefault.jpg was preloaded using link preload but not used within a few seconds from the window's load event. Please make sure it has an appropriate `as` value and it is preloaded intentionally. @ http://localhost:3000/:0
[48249358ms] [WARNING] The resource https://i.ytimg.com/vi/VKeF820DlGU/maxresdefault.jpg was preloaded using link preload but not used within a few seconds from the window's load event. Please make sure it has an appropriate `as` value and it is preloaded intentionally. @ http://localhost:3000/:0
[48261297ms] [WARNING] The resource https://i.ytimg.com/vi/732dkRJZOLE/maxresdefault.jpg was preloaded using link preload but not used within a few seconds from the window's load event. Please make sure it has an appropriate `as` value and it is preloaded intentionally. @ http://localhost:3000/:0
[48261298ms] [WARNING] The resource https://i.ytimg.com/vi/-KnzDx8UV5M/maxresdefault.jpg was preloaded using link preload but not used within a few seconds from the window's load event. Please make sure it has an appropriate `as` value and it is preloaded intentionally. @ http://localhost:3000/:0
[48261298ms] [WARNING] The resource https://i.ytimg.com/vi/cXFQuxZF61Q/maxresdefault.jpg was preloaded using link preload but not used within a few seconds from the window's load event. Please make sure it has an appropriate `as` value and it is preloaded intentionally. @ http://localhost:3000/:0
[48261298ms] [WARNING] The resource https://i.ytimg.com/vi/haisvt45Kdc/maxresdefault.jpg was preloaded using link preload but not used within a few seconds from the window's load event. Please make sure it has an appropriate `as` value and it is preloaded intentionally. @ http://localhost:3000/:0
[48261298ms] [WARNING] The resource https://i.ytimg.com/vi/VKeF820DlGU/maxresdefault.jpg was preloaded using link preload but not used within a few seconds from the window's load event. Please make sure it has an appropriate `as` value and it is preloaded intentionally. @ http://localhost:3000/:0
[48284797ms] [WARNING] The resource https://i.ytimg.com/vi/732dkRJZOLE/maxresdefault.jpg was preloaded using link preload but not used within a few seconds from the window's load event. Please make sure it has an appropriate `as` value and it is preloaded intentionally. @ http://localhost:3000/:0
[48284797ms] [WARNING] The resource https://i.ytimg.com/vi/-KnzDx8UV5M/maxresdefault.jpg was preloaded using link preload but not used within a few seconds from the window's load event. Please make sure it has an appropriate `as` value and it is preloaded intentionally. @ http://localhost:3000/:0
[48284797ms] [WARNING] The resource https://i.ytimg.com/vi/cXFQuxZF61Q/maxresdefault.jpg was preloaded using link preload but not used within a few seconds from the window's load event. Please make sure it has an appropriate `as` value and it is preloaded intentionally. @ http://localhost:3000/:0
[48284797ms] [WARNING] The resource https://i.ytimg.com/vi/haisvt45Kdc/maxresdefault.jpg was preloaded using link preload but not used within a few seconds from the window's load event. Please make sure it has an appropriate `as` value and it is preloaded intentionally. @ http://localhost:3000/:0
[48284797ms] [WARNING] The resource https://i.ytimg.com/vi/VKeF820DlGU/maxresdefault.jpg was preloaded using link preload but not used within a few seconds from the window's load event. Please make sure it has an appropriate `as` value and it is preloaded intentionally. @ http://localhost:3000/:0
[48296737ms] [WARNING] The resource https://i.ytimg.com/vi/732dkRJZOLE/maxresdefault.jpg was preloaded using link preload but not used within a few seconds from the window's load event. Please make sure it has an appropriate `as` value and it is preloaded intentionally. @ http://localhost:3000/:0
[48296737ms] [WARNING] The resource https://i.ytimg.com/vi/-KnzDx8UV5M/maxresdefault.jpg was preloaded using link preload but not used within a few seconds from the window's load event. Please make sure it has an appropriate `as` value and it is preloaded intentionally. @ http://localhost:3000/:0
[48296737ms] [WARNING] The resource https://i.ytimg.com/vi/cXFQuxZF61Q/maxresdefault.jpg was preloaded using link preload but not used within a few seconds from the window's load event. Please make sure it has an appropriate `as` value and it is preloaded intentionally. @ http://localhost:3000/:0
[48296737ms] [WARNING] The resource https://i.ytimg.com/vi/haisvt45Kdc/maxresdefault.jpg was preloaded using link preload but not used within a few seconds from the window's load event. Please make sure it has an appropriate `as` value and it is preloaded intentionally. @ http://localhost:3000/:0
[48296737ms] [WARNING] The resource https://i.ytimg.com/vi/VKeF820DlGU/maxresdefault.jpg was preloaded using link preload but not used within a few seconds from the window's load event. Please make sure it has an appropriate `as` value and it is preloaded intentionally. @ http://localhost:3000/:0
[48320238ms] [WARNING] The resource https://i.ytimg.com/vi/732dkRJZOLE/maxresdefault.jpg was preloaded using link preload but not used within a few seconds from the window's load event. Please make sure it has an appropriate `as` value and it is preloaded intentionally. @ http://localhost:3000/:0
[48320238ms] [WARNING] The resource https://i.ytimg.com/vi/-KnzDx8UV5M/maxresdefault.jpg was preloaded using link preload but not used within a few seconds from the window's load event. Please make sure it has an appropriate `as` value and it is preloaded intentionally. @ http://localhost:3000/:0
[48320238ms] [WARNING] The resource https://i.ytimg.com/vi/cXFQuxZF61Q/maxresdefault.jpg was preloaded using link preload but not used within a few seconds from the window's load event. Please make sure it has an appropriate `as` value and it is preloaded intentionally. @ http://localhost:3000/:0
[48320238ms] [WARNING] The resource https://i.ytimg.com/vi/haisvt45Kdc/maxresdefault.jpg was preloaded using link preload but not used within a few seconds from the window's load event. Please make sure it has an appropriate `as` value and it is preloaded intentionally. @ http://localhost:3000/:0
[48320238ms] [WARNING] The resource https://i.ytimg.com/vi/VKeF820DlGU/maxresdefault.jpg was preloaded using link preload but not used within a few seconds from the window's load event. Please make sure it has an appropriate `as` value and it is preloaded intentionally. @ http://localhost:3000/:0
[48325916ms] [LOG] [Fast Refresh] rebuilding @ http://localhost:3000/_next/static/chunks/node_modules_next_dist_f3530cac._.js:2297
[48326650ms] [LOG] [Fast Refresh] done in 831ms @ http://localhost:3000/_next/static/chunks/node_modules_next_dist_f3530cac._.js:2297
[48330506ms] [WARNING] The resource https://i.ytimg.com/vi/732dkRJZOLE/maxresdefault.jpg was preloaded using link preload but not used within a few seconds from the window's load event. Please make sure it has an appropriate `as` value and it is preloaded intentionally. @ http://localhost:3000/:0
[48330507ms] [WARNING] The resource https://i.ytimg.com/vi/-KnzDx8UV5M/maxresdefault.jpg was preloaded using link preload but not used within a few seconds from the window's load event. Please make sure it has an appropriate `as` value and it is preloaded intentionally. @ http://localhost:3000/:0
[48330507ms] [WARNING] The resource https://i.ytimg.com/vi/cXFQuxZF61Q/maxresdefault.jpg was preloaded using link preload but not used within a few seconds from the window's load event. Please make sure it has an appropriate `as` value and it is preloaded intentionally. @ http://localhost:3000/:0
[48330507ms] [WARNING] The resource https://i.ytimg.com/vi/haisvt45Kdc/maxresdefault.jpg was preloaded using link preload but not used within a few seconds from the window's load event. Please make sure it has an appropriate `as` value and it is preloaded intentionally. @ http://localhost:3000/:0
[48330507ms] [WARNING] The resource https://i.ytimg.com/vi/VKeF820DlGU/maxresdefault.jpg was preloaded using link preload but not used within a few seconds from the window's load event. Please make sure it has an appropriate `as` value and it is preloaded intentionally. @ http://localhost:3000/:0
[48334543ms] [LOG] [Fast Refresh] rebuilding @ http://localhost:3000/_next/static/chunks/node_modules_next_dist_f3530cac._.js:2297
[48334894ms] [LOG] [Fast Refresh] done in 451ms @ http://localhost:3000/_next/static/chunks/node_modules_next_dist_f3530cac._.js:2297
[48337845ms] [WARNING] The resource https://i.ytimg.com/vi/732dkRJZOLE/maxresdefault.jpg was preloaded using link preload but not used within a few seconds from the window's load event. Please make sure it has an appropriate `as` value and it is preloaded intentionally. @ http://localhost:3000/:0
[48337846ms] [WARNING] The resource https://i.ytimg.com/vi/-KnzDx8UV5M/maxresdefault.jpg was preloaded using link preload but not used within a few seconds from the window's load event. Please make sure it has an appropriate `as` value and it is preloaded intentionally. @ http://localhost:3000/:0
[48337846ms] [WARNING] The resource https://i.ytimg.com/vi/cXFQuxZF61Q/maxresdefault.jpg was preloaded using link preload but not used within a few seconds from the window's load event. Please make sure it has an appropriate `as` value and it is preloaded intentionally. @ http://localhost:3000/:0
[48337846ms] [WARNING] The resource https://i.ytimg.com/vi/haisvt45Kdc/maxresdefault.jpg was preloaded using link preload but not used within a few seconds from the window's load event. Please make sure it has an appropriate `as` value and it is preloaded intentionally. @ http://localhost:3000/:0
[48337846ms] [WARNING] The resource https://i.ytimg.com/vi/VKeF820DlGU/maxresdefault.jpg was preloaded using link preload but not used within a few seconds from the window's load event. Please make sure it has an appropriate `as` value and it is preloaded intentionally. @ http://localhost:3000/:0
[48342750ms] [WARNING] The resource https://i.ytimg.com/vi/732dkRJZOLE/maxresdefault.jpg was preloaded using link preload but not used within a few seconds from the window's load event. Please make sure it has an appropriate `as` value and it is preloaded intentionally. @ http://localhost:3000/:0
[48342750ms] [WARNING] The resource https://i.ytimg.com/vi/-KnzDx8UV5M/maxresdefault.jpg was preloaded using link preload but not used within a few seconds from the window's load event. Please make sure it has an appropriate `as` value and it is preloaded intentionally. @ http://localhost:3000/:0
[48342750ms] [WARNING] The resource https://i.ytimg.com/vi/cXFQuxZF61Q/maxresdefault.jpg was preloaded using link preload but not used within a few seconds from the window's load event. Please make sure it has an appropriate `as` value and it is preloaded intentionally. @ http://localhost:3000/:0
[48342750ms] [WARNING] The resource https://i.ytimg.com/vi/haisvt45Kdc/maxresdefault.jpg was preloaded using link preload but not used within a few seconds from the window's load event. Please make sure it has an appropriate `as` value and it is preloaded intentionally. @ http://localhost:3000/:0
[48342750ms] [WARNING] The resource https://i.ytimg.com/vi/VKeF820DlGU/maxresdefault.jpg was preloaded using link preload but not used within a few seconds from the window's load event. Please make sure it has an appropriate `as` value and it is preloaded intentionally. @ http://localhost:3000/:0
[48347727ms] [LOG] [Fast Refresh] rebuilding @ http://localhost:3000/_next/static/chunks/node_modules_next_dist_f3530cac._.js:2297
[48347964ms] [LOG] [Fast Refresh] done in 337ms @ http://localhost:3000/_next/static/chunks/node_modules_next_dist_f3530cac._.js:2297
[48354207ms] [LOG] [Fast Refresh] rebuilding @ http://localhost:3000/_next/static/chunks/node_modules_next_dist_f3530cac._.js:2297
[48354358ms] [LOG] [Fast Refresh] done in 251ms @ http://localhost:3000/_next/static/chunks/node_modules_next_dist_f3530cac._.js:2297
[48362080ms] [LOG] [Fast Refresh] rebuilding @ http://localhost:3000/_next/static/chunks/node_modules_next_dist_f3530cac._.js:2297
[48362144ms] [LOG] [Fast Refresh] done in 165ms @ http://localhost:3000/_next/static/chunks/node_modules_next_dist_f3530cac._.js:2297
[48366271ms] [WARNING] The resource https://i.ytimg.com/vi/732dkRJZOLE/maxresdefault.jpg was preloaded using link preload but not used within a few seconds from the window's load event. Please make sure it has an appropriate `as` value and it is preloaded intentionally. @ http://localhost:3000/:0
[48366271ms] [WARNING] The resource https://i.ytimg.com/vi/-KnzDx8UV5M/maxresdefault.jpg was preloaded using link preload but not used within a few seconds from the window's load event. Please make sure it has an appropriate `as` value and it is preloaded intentionally. @ http://localhost:3000/:0
[48366271ms] [WARNING] The resource https://i.ytimg.com/vi/cXFQuxZF61Q/maxresdefault.jpg was preloaded using link preload but not used within a few seconds from the window's load event. Please make sure it has an appropriate `as` value and it is preloaded intentionally. @ http://localhost:3000/:0
[48366271ms] [WARNING] The resource https://i.ytimg.com/vi/haisvt45Kdc/maxresdefault.jpg was preloaded using link preload but not used within a few seconds from the window's load event. Please make sure it has an appropriate `as` value and it is preloaded intentionally. @ http://localhost:3000/:0
[48366271ms] [WARNING] The resource https://i.ytimg.com/vi/VKeF820DlGU/maxresdefault.jpg was preloaded using link preload but not used within a few seconds from the window's load event. Please make sure it has an appropriate `as` value and it is preloaded intentionally. @ http://localhost:3000/:0
[48370349ms] [LOG] [Fast Refresh] rebuilding @ http://localhost:3000/_next/static/chunks/node_modules_next_dist_f3530cac._.js:2297
[48370440ms] [LOG] [Fast Refresh] done in 191ms @ http://localhost:3000/_next/static/chunks/node_modules_next_dist_f3530cac._.js:2297
[48378204ms] [WARNING] The resource https://i.ytimg.com/vi/732dkRJZOLE/maxresdefault.jpg was preloaded using link preload but not used within a few seconds from the window's load event. Please make sure it has an appropriate `as` value and it is preloaded intentionally. @ http://localhost:3000/:0
[48378204ms] [WARNING] The resource https://i.ytimg.com/vi/-KnzDx8UV5M/maxresdefault.jpg was preloaded using link preload but not used within a few seconds from the window's load event. Please make sure it has an appropriate `as` value and it is preloaded intentionally. @ http://localhost:3000/:0
[48378204ms] [WARNING] The resource https://i.ytimg.com/vi/cXFQuxZF61Q/maxresdefault.jpg was preloaded using link preload but not used within a few seconds from the window's load event. Please make sure it has an appropriate `as` value and it is preloaded intentionally. @ http://localhost:3000/:0
[48378204ms] [WARNING] The resource https://i.ytimg.com/vi/haisvt45Kdc/maxresdefault.jpg was preloaded using link preload but not used within a few seconds from the window's load event. Please make sure it has an appropriate `as` value and it is preloaded intentionally. @ http://localhost:3000/:0
[48378204ms] [WARNING] The resource https://i.ytimg.com/vi/VKeF820DlGU/maxresdefault.jpg was preloaded using link preload but not used within a few seconds from the window's load event. Please make sure it has an appropriate `as` value and it is preloaded intentionally. @ http://localhost:3000/:0
[48401701ms] [WARNING] The resource https://i.ytimg.com/vi/732dkRJZOLE/maxresdefault.jpg was preloaded using link preload but not used within a few seconds from the window's load event. Please make sure it has an appropriate `as` value and it is preloaded intentionally. @ http://localhost:3000/:0
[48401701ms] [WARNING] The resource https://i.ytimg.com/vi/-KnzDx8UV5M/maxresdefault.jpg was preloaded using link preload but not used within a few seconds from the window's load event. Please make sure it has an appropriate `as` value and it is preloaded intentionally. @ http://localhost:3000/:0
[48401701ms] [WARNING] The resource https://i.ytimg.com/vi/cXFQuxZF61Q/maxresdefault.jpg was preloaded using link preload but not used within a few seconds from the window's load event. Please make sure it has an appropriate `as` value and it is preloaded intentionally. @ http://localhost:3000/:0
[48401701ms] [WARNING] The resource https://i.ytimg.com/vi/haisvt45Kdc/maxresdefault.jpg was preloaded using link preload but not used within a few seconds from the window's load event. Please make sure it has an appropriate `as` value and it is preloaded intentionally. @ http://localhost:3000/:0
[48401701ms] [WARNING] The resource https://i.ytimg.com/vi/VKeF820DlGU/maxresdefault.jpg was preloaded using link preload but not used within a few seconds from the window's load event. Please make sure it has an appropriate `as` value and it is preloaded intentionally. @ http://localhost:3000/:0
[48413638ms] [WARNING] The resource https://i.ytimg.com/vi/732dkRJZOLE/maxresdefault.jpg was preloaded using link preload but not used within a few seconds from the window's load event. Please make sure it has an appropriate `as` value and it is preloaded intentionally. @ http://localhost:3000/:0
[48413638ms] [WARNING] The resource https://i.ytimg.com/vi/-KnzDx8UV5M/maxresdefault.jpg was preloaded using link preload but not used within a few seconds from the window's load event. Please make sure it has an appropriate `as` value and it is preloaded intentionally. @ http://localhost:3000/:0
[48413638ms] [WARNING] The resource https://i.ytimg.com/vi/cXFQuxZF61Q/maxresdefault.jpg was preloaded using link preload but not used within a few seconds from the window's load event. Please make sure it has an appropriate `as` value and it is preloaded intentionally. @ http://localhost:3000/:0
[48413638ms] [WARNING] The resource https://i.ytimg.com/vi/haisvt45Kdc/maxresdefault.jpg was preloaded using link preload but not used within a few seconds from the window's load event. Please make sure it has an appropriate `as` value and it is preloaded intentionally. @ http://localhost:3000/:0
[48413638ms] [WARNING] The resource https://i.ytimg.com/vi/VKeF820DlGU/maxresdefault.jpg was preloaded using link preload but not used within a few seconds from the window's load event. Please make sure it has an appropriate `as` value and it is preloaded intentionally. @ http://localhost:3000/:0
[48437144ms] [WARNING] The resource https://i.ytimg.com/vi/732dkRJZOLE/maxresdefault.jpg was preloaded using link preload but not used within a few seconds from the window's load event. Please make sure it has an appropriate `as` value and it is preloaded intentionally. @ http://localhost:3000/:0
[48437144ms] [WARNING] The resource https://i.ytimg.com/vi/-KnzDx8UV5M/maxresdefault.jpg was preloaded using link preload but not used within a few seconds from the window's load event. Please make sure it has an appropriate `as` value and it is preloaded intentionally. @ http://localhost:3000/:0
[48437144ms] [WARNING] The resource https://i.ytimg.com/vi/cXFQuxZF61Q/maxresdefault.jpg was preloaded using link preload but not used within a few seconds from the window's load event. Please make sure it has an appropriate `as` value and it is preloaded intentionally. @ http://localhost:3000/:0
[48437144ms] [WARNING] The resource https://i.ytimg.com/vi/haisvt45Kdc/maxresdefault.jpg was preloaded using link preload but not used within a few seconds from the window's load event. Please make sure it has an appropriate `as` value and it is preloaded intentionally. @ http://localhost:3000/:0
[48437144ms] [WARNING] The resource https://i.ytimg.com/vi/VKeF820DlGU/maxresdefault.jpg was preloaded using link preload but not used within a few seconds from the window's load event. Please make sure it has an appropriate `as` value and it is preloaded intentionally. @ http://localhost:3000/:0
[48449085ms] [WARNING] The resource https://i.ytimg.com/vi/732dkRJZOLE/maxresdefault.jpg was preloaded using link preload but not used within a few seconds from the window's load event. Please make sure it has an appropriate `as` value and it is preloaded intentionally. @ http://localhost:3000/:0
[48449085ms] [WARNING] The resource https://i.ytimg.com/vi/-KnzDx8UV5M/maxresdefault.jpg was preloaded using link preload but not used within a few seconds from the window's load event. Please make sure it has an appropriate `as` value and it is preloaded intentionally. @ http://localhost:3000/:0
[48449085ms] [WARNING] The resource https://i.ytimg.com/vi/cXFQuxZF61Q/maxresdefault.jpg was preloaded using link preload but not used within a few seconds from the window's load event. Please make sure it has an appropriate `as` value and it is preloaded intentionally. @ http://localhost:3000/:0
[48449085ms] [WARNING] The resource https://i.ytimg.com/vi/haisvt45Kdc/maxresdefault.jpg was preloaded using link preload but not used within a few seconds from the window's load event. Please make sure it has an appropriate `as` value and it is preloaded intentionally. @ http://localhost:3000/:0
[48449085ms] [WARNING] The resource https://i.ytimg.com/vi/VKeF820DlGU/maxresdefault.jpg was preloaded using link preload but not used within a few seconds from the window's load event. Please make sure it has an appropriate `as` value and it is preloaded intentionally. @ http://localhost:3000/:0
[48472578ms] [WARNING] The resource https://i.ytimg.com/vi/732dkRJZOLE/maxresdefault.jpg was preloaded using link preload but not used within a few seconds from the window's load event. Please make sure it has an appropriate `as` value and it is preloaded intentionally. @ http://localhost:3000/:0
[48472578ms] [WARNING] The resource https://i.ytimg.com/vi/-KnzDx8UV5M/maxresdefault.jpg was preloaded using link preload but not used within a few seconds from the window's load event. Please make sure it has an appropriate `as` value and it is preloaded intentionally. @ http://localhost:3000/:0
[48472578ms] [WARNING] The resource https://i.ytimg.com/vi/cXFQuxZF61Q/maxresdefault.jpg was preloaded using link preload but not used within a few seconds from the window's load event. Please make sure it has an appropriate `as` value and it is preloaded intentionally. @ http://localhost:3000/:0
[48472578ms] [WARNING] The resource https://i.ytimg.com/vi/haisvt45Kdc/maxresdefault.jpg was preloaded using link preload but not used within a few seconds from the window's load event. Please make sure it has an appropriate `as` value and it is preloaded intentionally. @ http://localhost:3000/:0
[48472578ms] [WARNING] The resource https://i.ytimg.com/vi/VKeF820DlGU/maxresdefault.jpg was preloaded using link preload but not used within a few seconds from the window's load event. Please make sure it has an appropriate `as` value and it is preloaded intentionally. @ http://localhost:3000/:0
[48484519ms] [WARNING] The resource https://i.ytimg.com/vi/732dkRJZOLE/maxresdefault.jpg was preloaded using link preload but not used within a few seconds from the window's load event. Please make sure it has an appropriate `as` value and it is preloaded intentionally. @ http://localhost:3000/:0
[48484519ms] [WARNING] The resource https://i.ytimg.com/vi/-KnzDx8UV5M/maxresdefault.jpg was preloaded using link preload but not used within a few seconds from the window's load event. Please make sure it has an appropriate `as` value and it is preloaded intentionally. @ http://localhost:3000/:0
[48484519ms] [WARNING] The resource https://i.ytimg.com/vi/cXFQuxZF61Q/maxresdefault.jpg was preloaded using link preload but not used within a few seconds from the window's load event. Please make sure it has an appropriate `as` value and it is preloaded intentionally. @ http://localhost:3000/:0
[48484519ms] [WARNING] The resource https://i.ytimg.com/vi/haisvt45Kdc/maxresdefault.jpg was preloaded using link preload but not used within a few seconds from the window's load event. Please make sure it has an appropriate `as` value and it is preloaded intentionally. @ http://localhost:3000/:0
[48484519ms] [WARNING] The resource https://i.ytimg.com/vi/VKeF820DlGU/maxresdefault.jpg was preloaded using link preload but not used within a few seconds from the window's load event. Please make sure it has an appropriate `as` value and it is preloaded intentionally. @ http://localhost:3000/:0
[48508026ms] [WARNING] The resource https://i.ytimg.com/vi/732dkRJZOLE/maxresdefault.jpg was preloaded using link preload but not used within a few seconds from the window's load event. Please make sure it has an appropriate `as` value and it is preloaded intentionally. @ http://localhost:3000/:0
[48508026ms] [WARNING] The resource https://i.ytimg.com/vi/-KnzDx8UV5M/maxresdefault.jpg was preloaded using link preload but not used within a few seconds from the window's load event. Please make sure it has an appropriate `as` value and it is preloaded intentionally. @ http://localhost:3000/:0
[48508026ms] [WARNING] The resource https://i.ytimg.com/vi/cXFQuxZF61Q/maxresdefault.jpg was preloaded using link preload but not used within a few seconds from the window's load event. Please make sure it has an appropriate `as` value and it is preloaded intentionally. @ http://localhost:3000/:0
[48508026ms] [WARNING] The resource https://i.ytimg.com/vi/haisvt45Kdc/maxresdefault.jpg was preloaded using link preload but not used within a few seconds from the window's load event. Please make sure it has an appropriate `as` value and it is preloaded intentionally. @ http://localhost:3000/:0
[48508026ms] [WARNING] The resource https://i.ytimg.com/vi/VKeF820DlGU/maxresdefault.jpg was preloaded using link preload but not used within a few seconds from the window's load event. Please make sure it has an appropriate `as` value and it is preloaded intentionally. @ http://localhost:3000/:0
[48519963ms] [WARNING] The resource https://i.ytimg.com/vi/732dkRJZOLE/maxresdefault.jpg was preloaded using link preload but not used within a few seconds from the window's load event. Please make sure it has an appropriate `as` value and it is preloaded intentionally. @ http://localhost:3000/:0
[48519963ms] [WARNING] The resource https://i.ytimg.com/vi/-KnzDx8UV5M/maxresdefault.jpg was preloaded using link preload but not used within a few seconds from the window's load event. Please make sure it has an appropriate `as` value and it is preloaded intentionally. @ http://localhost:3000/:0
[48519963ms] [WARNING] The resource https://i.ytimg.com/vi/cXFQuxZF61Q/maxresdefault.jpg was preloaded using link preload but not used within a few seconds from the window's load event. Please make sure it has an appropriate `as` value and it is preloaded intentionally. @ http://localhost:3000/:0
[48519963ms] [WARNING] The resource https://i.ytimg.com/vi/haisvt45Kdc/maxresdefault.jpg was preloaded using link preload but not used within a few seconds from the window's load event. Please make sure it has an appropriate `as` value and it is preloaded intentionally. @ http://localhost:3000/:0
[48519963ms] [WARNING] The resource https://i.ytimg.com/vi/VKeF820DlGU/maxresdefault.jpg was preloaded using link preload but not used within a few seconds from the window's load event. Please make sure it has an appropriate `as` value and it is preloaded intentionally. @ http://localhost:3000/:0
[48543461ms] [WARNING] The resource https://i.ytimg.com/vi/732dkRJZOLE/maxresdefault.jpg was preloaded using link preload but not used within a few seconds from the window's load event. Please make sure it has an appropriate `as` value and it is preloaded intentionally. @ http://localhost:3000/:0
[48543461ms] [WARNING] The resource https://i.ytimg.com/vi/-KnzDx8UV5M/maxresdefault.jpg was preloaded using link preload but not used within a few seconds from the window's load event. Please make sure it has an appropriate `as` value and it is preloaded intentionally. @ http://localhost:3000/:0
[48543461ms] [WARNING] The resource https://i.ytimg.com/vi/cXFQuxZF61Q/maxresdefault.jpg was preloaded using link preload but not used within a few seconds from the window's load event. Please make sure it has an appropriate `as` value and it is preloaded intentionally. @ http://localhost:3000/:0
[48543461ms] [WARNING] The resource https://i.ytimg.com/vi/haisvt45Kdc/maxresdefault.jpg was preloaded using link preload but not used within a few seconds from the window's load event. Please make sure it has an appropriate `as` value and it is preloaded intentionally. @ http://localhost:3000/:0
[48543461ms] [WARNING] The resource https://i.ytimg.com/vi/VKeF820DlGU/maxresdefault.jpg was preloaded using link preload but not used within a few seconds from the window's load event. Please make sure it has an appropriate `as` value and it is preloaded intentionally. @ http://localhost:3000/:0
[48555407ms] [WARNING] The resource https://i.ytimg.com/vi/732dkRJZOLE/maxresdefault.jpg was preloaded using link preload but not used within a few seconds from the window's load event. Please make sure it has an appropriate `as` value and it is preloaded intentionally. @ http://localhost:3000/:0
[48555407ms] [WARNING] The resource https://i.ytimg.com/vi/-KnzDx8UV5M/maxresdefault.jpg was preloaded using link preload but not used within a few seconds from the window's load event. Please make sure it has an appropriate `as` value and it is preloaded intentionally. @ http://localhost:3000/:0
[48555407ms] [WARNING] The resource https://i.ytimg.com/vi/cXFQuxZF61Q/maxresdefault.jpg was preloaded using link preload but not used within a few seconds from the window's load event. Please make sure it has an appropriate `as` value and it is preloaded intentionally. @ http://localhost:3000/:0
[48555407ms] [WARNING] The resource https://i.ytimg.com/vi/haisvt45Kdc/maxresdefault.jpg was preloaded using link preload but not used within a few seconds from the window's load event. Please make sure it has an appropriate `as` value and it is preloaded intentionally. @ http://localhost:3000/:0
[48555407ms] [WARNING] The resource https://i.ytimg.com/vi/VKeF820DlGU/maxresdefault.jpg was preloaded using link preload but not used within a few seconds from the window's load event. Please make sure it has an appropriate `as` value and it is preloaded intentionally. @ http://localhost:3000/:0
[48578902ms] [WARNING] The resource https://i.ytimg.com/vi/732dkRJZOLE/maxresdefault.jpg was preloaded using link preload but not used within a few seconds from the window's load event. Please make sure it has an appropriate `as` value and it is preloaded intentionally. @ http://localhost:3000/:0
[48578902ms] [WARNING] The resource https://i.ytimg.com/vi/-KnzDx8UV5M/maxresdefault.jpg was preloaded using link preload but not used within a few seconds from the window's load event. Please make sure it has an appropriate `as` value and it is preloaded intentionally. @ http://localhost:3000/:0
[48578902ms] [WARNING] The resource https://i.ytimg.com/vi/cXFQuxZF61Q/maxresdefault.jpg was preloaded using link preload but not used within a few seconds from the window's load event. Please make sure it has an appropriate `as` value and it is preloaded intentionally. @ http://localhost:3000/:0
[48578902ms] [WARNING] The resource https://i.ytimg.com/vi/haisvt45Kdc/maxresdefault.jpg was preloaded using link preload but not used within a few seconds from the window's load event. Please make sure it has an appropriate `as` value and it is preloaded intentionally. @ http://localhost:3000/:0
[48578902ms] [WARNING] The resource https://i.ytimg.com/vi/VKeF820DlGU/maxresdefault.jpg was preloaded using link preload but not used within a few seconds from the window's load event. Please make sure it has an appropriate `as` value and it is preloaded intentionally. @ http://localhost:3000/:0
[48590843ms] [WARNING] The resource https://i.ytimg.com/vi/732dkRJZOLE/maxresdefault.jpg was preloaded using link preload but not used within a few seconds from the window's load event. Please make sure it has an appropriate `as` value and it is preloaded intentionally. @ http://localhost:3000/:0
[48590843ms] [WARNING] The resource https://i.ytimg.com/vi/-KnzDx8UV5M/maxresdefault.jpg was preloaded using link preload but not used within a few seconds from the window's load event. Please make sure it has an appropriate `as` value and it is preloaded intentionally. @ http://localhost:3000/:0
[48590843ms] [WARNING] The resource https://i.ytimg.com/vi/cXFQuxZF61Q/maxresdefault.jpg was preloaded using link preload but not used within a few seconds from the window's load event. Please make sure it has an appropriate `as` value and it is preloaded intentionally. @ http://localhost:3000/:0
[48590843ms] [WARNING] The resource https://i.ytimg.com/vi/haisvt45Kdc/maxresdefault.jpg was preloaded using link preload but not used within a few seconds from the window's load event. Please make sure it has an appropriate `as` value and it is preloaded intentionally. @ http://localhost:3000/:0
[48590843ms] [WARNING] The resource https://i.ytimg.com/vi/VKeF820DlGU/maxresdefault.jpg was preloaded using link preload but not used within a few seconds from the window's load event. Please make sure it has an appropriate `as` value and it is preloaded intentionally. @ http://localhost:3000/:0
