[    4318ms] [INFO] %cDownload the React DevTools for a better development experience: https://react.dev/link/react-devtools font-weight:bold @ http://localhost:3000/_next/static/chunks/node_modules_next_dist_f3530cac._.js:2297
[    4514ms] [LOG] [HMR] connected @ http://localhost:3000/_next/static/chunks/node_modules_next_dist_f3530cac._.js:2297
[    6514ms] [LOG] [Fast Refresh] rebuilding @ http://localhost:3000/_next/static/chunks/node_modules_next_dist_f3530cac._.js:2297
[    6522ms] [LOG] [Fast Refresh] done in 108ms @ http://localhost:3000/_next/static/chunks/node_modules_next_dist_f3530cac._.js:2297
[   20056ms] [LOG] [Fast Refresh] rebuilding @ http://localhost:3000/_next/static/chunks/node_modules_next_dist_f3530cac._.js:2297
[   20118ms] [LOG] [Fast Refresh] done in 168ms @ http://localhost:3000/_next/static/chunks/node_modules_next_dist_f3530cac._.js:2297
[   35673ms] [LOG] [Fast Refresh] rebuilding @ http://localhost:3000/_next/static/chunks/node_modules_next_dist_f3530cac._.js:2297
[   35735ms] [LOG] [Fast Refresh] done in 163ms @ http://localhost:3000/_next/static/chunks/node_modules_next_dist_f3530cac._.js:2297
[   38407ms] [LOG] [Fast Refresh] rebuilding @ http://localhost:3000/_next/static/chunks/node_modules_next_dist_f3530cac._.js:2297
[   38423ms] [LOG] [Fast Refresh] done in 124ms @ http://localhost:3000/_next/static/chunks/node_modules_next_dist_f3530cac._.js:2297
[   40967ms] [LOG] [Fast Refresh] rebuilding @ http://localhost:3000/_next/static/chunks/node_modules_next_dist_f3530cac._.js:2297
[   40985ms] [LOG] [Fast Refresh] done in 124ms @ http://localhost:3000/_next/static/chunks/node_modules_next_dist_f3530cac._.js:2297
[  101230ms] [ERROR] WebSocket connection to 'ws://localhost:3000/_next/webpack-hmr?id=Kns_AIQ_12I4lPevEA0Je' failed: Error in connection establishment: net::ERR_CONNECTION_REFUSED @ http://localhost:3000/_next/static/chunks/node_modules_next_dist_client_17643121._.js:10878
[  104014ms] [LOG] [HMR] connected @ http://localhost:3000/_next/static/chunks/node_modules_next_dist_f3530cac._.js:2297
[  106312ms] [INFO] %cDownload the React DevTools for a better development experience: https://react.dev/link/react-devtools font-weight:bold @ http://localhost:3000/_next/static/chunks/node_modules_next_dist_f3530cac._.js:2297
[  106363ms] [LOG] [HMR] connected @ http://localhost:3000/_next/static/chunks/node_modules_next_dist_f3530cac._.js:2297
[  117785ms] [INFO] %cDownload the React DevTools for a better development experience: https://react.dev/link/react-devtools font-weight:bold @ http://localhost:3000/_next/static/chunks/node_modules_next_dist_f3530cac._.js:2297
[  117830ms] [LOG] [HMR] connected @ http://localhost:3000/_next/static/chunks/node_modules_next_dist_f3530cac._.js:2297
[  118199ms] [LOG] [Fast Refresh] rebuilding @ http://localhost:3000/_next/static/chunks/node_modules_next_dist_f3530cac._.js:2297
[  118284ms] [LOG] [Fast Refresh] done in 186ms @ http://localhost:3000/_next/static/chunks/node_modules_next_dist_f3530cac._.js:2297
[  125596ms] [LOG] [Fast Refresh] rebuilding @ http://localhost:3000/_next/static/chunks/node_modules_next_dist_f3530cac._.js:2297
[  125644ms] [LOG] [Fast Refresh] done in 150ms @ http://localhost:3000/_next/static/chunks/node_modules_next_dist_f3530cac._.js:2297
[  138836ms] [LOG] [Fast Refresh] rebuilding @ http://localhost:3000/_next/static/chunks/node_modules_next_dist_f3530cac._.js:2297
[  138908ms] [LOG] [Fast Refresh] done in 174ms @ http://localhost:3000/_next/static/chunks/node_modules_next_dist_f3530cac._.js:2297
[  226560ms] [LOG] [Fast Refresh] rebuilding @ http://localhost:3000/_next/static/chunks/node_modules_next_dist_f3530cac._.js:2297
[  227041ms] [LOG] [Fast Refresh] done in 585ms @ http://localhost:3000/_next/static/chunks/node_modules_next_dist_f3530cac._.js:2297
[  236798ms] [LOG] [Fast Refresh] rebuilding @ http://localhost:3000/_next/static/chunks/node_modules_next_dist_f3530cac._.js:2297
[  236953ms] [LOG] [Fast Refresh] done in 255ms @ http://localhost:3000/_next/static/chunks/node_modules_next_dist_f3530cac._.js:2297
[  237195ms] [INFO] %cDownload the React DevTools for a better development experience: https://react.dev/link/react-devtools font-weight:bold @ http://localhost:3000/_next/static/chunks/node_modules_next_dist_f3530cac._.js:2297
[  237254ms] [LOG] [HMR] connected @ http://localhost:3000/_next/static/chunks/node_modules_next_dist_f3530cac._.js:2297
[  237714ms] [LOG] [Fast Refresh] rebuilding @ http://localhost:3000/_next/static/chunks/node_modules_next_dist_f3530cac._.js:2297
[  237722ms] [LOG] [Fast Refresh] done in 108ms @ http://localhost:3000/_next/static/chunks/node_modules_next_dist_f3530cac._.js:2297
[  288941ms] [LOG] [Fast Refresh] rebuilding @ http://localhost:3000/_next/static/chunks/node_modules_next_dist_f3530cac._.js:2297
[  289703ms] [LOG] [Fast Refresh] done in 862ms @ http://localhost:3000/_next/static/chunks/node_modules_next_dist_f3530cac._.js:2297
[  304410ms] [LOG] [Fast Refresh] rebuilding @ http://localhost:3000/_next/static/chunks/node_modules_next_dist_f3530cac._.js:2297
[  304557ms] [LOG] [Fast Refresh] done in 249ms @ http://localhost:3000/_next/static/chunks/node_modules_next_dist_f3530cac._.js:2297
[  304788ms] [INFO] %cDownload the React DevTools for a better development experience: https://react.dev/link/react-devtools font-weight:bold @ http://localhost:3000/_next/static/chunks/node_modules_next_dist_f3530cac._.js:2297
[  304823ms] [LOG] [HMR] connected @ http://localhost:3000/_next/static/chunks/node_modules_next_dist_f3530cac._.js:2297
[  305113ms] [LOG] [Fast Refresh] rebuilding @ http://localhost:3000/_next/static/chunks/node_modules_next_dist_f3530cac._.js:2297
[  305185ms] [LOG] [Fast Refresh] done in 172ms @ http://localhost:3000/_next/static/chunks/node_modules_next_dist_f3530cac._.js:2297
[  323285ms] [LOG] [Fast Refresh] rebuilding @ http://localhost:3000/_next/static/chunks/node_modules_next_dist_f3530cac._.js:2297
[  323430ms] [LOG] [Fast Refresh] done in 246ms @ http://localhost:3000/_next/static/chunks/node_modules_next_dist_f3530cac._.js:2297
[  330560ms] [INFO] %cDownload the React DevTools for a better development experience: https://react.dev/link/react-devtools font-weight:bold @ http://localhost:3000/_next/static/chunks/node_modules_next_dist_f3530cac._.js:2297
[  330605ms] [LOG] [HMR] connected @ http://localhost:3000/_next/static/chunks/node_modules_next_dist_f3530cac._.js:2297
[  330968ms] [LOG] [Fast Refresh] rebuilding @ http://localhost:3000/_next/static/chunks/node_modules_next_dist_f3530cac._.js:2297
[  330976ms] [LOG] [Fast Refresh] done in 110ms @ http://localhost:3000/_next/static/chunks/node_modules_next_dist_f3530cac._.js:2297
[  368955ms] [LOG] [Fast Refresh] rebuilding @ http://localhost:3000/_next/static/chunks/node_modules_next_dist_f3530cac._.js:2297
[  369121ms] [LOG] [Fast Refresh] done in 230ms @ http://localhost:3000/_next/static/chunks/node_modules_next_dist_f3530cac._.js:2297
[  375834ms] [LOG] [Fast Refresh] rebuilding @ http://localhost:3000/_next/static/chunks/node_modules_next_dist_f3530cac._.js:2297
[  375861ms] [LOG] [Fast Refresh] done in 138ms @ http://localhost:3000/_next/static/chunks/node_modules_next_dist_f3530cac._.js:2297
[  376047ms] [INFO] %cDownload the React DevTools for a better development experience: https://react.dev/link/react-devtools font-weight:bold @ http://localhost:3000/_next/static/chunks/node_modules_next_dist_f3530cac._.js:2297
[  376106ms] [LOG] [HMR] connected @ http://localhost:3000/_next/static/chunks/node_modules_next_dist_f3530cac._.js:2297
[  376488ms] [LOG] [Fast Refresh] rebuilding @ http://localhost:3000/_next/static/chunks/node_modules_next_dist_f3530cac._.js:2297
[  376559ms] [LOG] [Fast Refresh] done in 171ms @ http://localhost:3000/_next/static/chunks/node_modules_next_dist_f3530cac._.js:2297
[  396816ms] [LOG] [Fast Refresh] rebuilding @ http://localhost:3000/_next/static/chunks/node_modules_next_dist_f3530cac._.js:2297
[  397020ms] [LOG] [Fast Refresh] done in 310ms @ http://localhost:3000/_next/static/chunks/node_modules_next_dist_f3530cac._.js:2297
[  412017ms] [LOG] [Fast Refresh] rebuilding @ http://localhost:3000/_next/static/chunks/node_modules_next_dist_f3530cac._.js:2297
[  412032ms] [LOG] [Fast Refresh] done in 129ms @ http://localhost:3000/_next/static/chunks/node_modules_next_dist_f3530cac._.js:2297
[  435737ms] [LOG] [Fast Refresh] rebuilding @ http://localhost:3000/_next/static/chunks/node_modules_next_dist_f3530cac._.js:2297
[  436042ms] [LOG] [Fast Refresh] done in 370ms @ http://localhost:3000/_next/static/chunks/node_modules_next_dist_f3530cac._.js:2297
[ 3084845ms] [LOG] [Fast Refresh] rebuilding @ http://localhost:3000/_next/static/chunks/node_modules_next_dist_f3530cac._.js:2297
[ 3086156ms] [LOG] [Fast Refresh] done in 1147ms @ http://localhost:3000/_next/static/chunks/node_modules_next_dist_f3530cac._.js:2297
[ 3088233ms] [LOG] [Fast Refresh] rebuilding @ http://localhost:3000/_next/static/chunks/node_modules_next_dist_f3530cac._.js:2297
[ 3088399ms] [LOG] [Fast Refresh] done in 271ms @ http://localhost:3000/_next/static/chunks/node_modules_next_dist_f3530cac._.js:2297
[ 3109569ms] [LOG] [HMR] connected @ http://localhost:3000/_next/static/chunks/node_modules_next_dist_f3530cac._.js:2297
[ 3111801ms] [INFO] %cDownload the React DevTools for a better development experience: https://react.dev/link/react-devtools font-weight:bold @ http://localhost:3000/_next/static/chunks/node_modules_next_dist_f3530cac._.js:2297
[ 3111906ms] [LOG] [HMR] connected @ http://localhost:3000/_next/static/chunks/node_modules_next_dist_f3530cac._.js:2297
[ 3112085ms] Error: Hydration failed because the server rendered HTML didn't match the client. As a result this tree will be regenerated on the client. This can happen if a SSR-ed Client Component used:

- A server/client branch `if (typeof window !== 'undefined')`.
- Variable input such as `Date.now()` or `Math.random()` which changes each time it's called.
- Date formatting in a user's locale which doesn't match the server.
- External changing data without sending a snapshot of it along with the HTML.
- Invalid HTML tag nesting.

It can also happen if the client has a browser extension installed which messes with the HTML before React loaded.

https://react.dev/link/hydration-mismatch

  ...
    <RenderFromTemplateContext>
      <ScrollAndFocusHandler segmentPath={[...]}>
        <InnerScrollAndFocusHandler segmentPath={[...]} focusAndScrollRef={{apply:false, ...}}>
          <ErrorBoundary errorComponent={undefined} errorStyles={undefined} errorScripts={undefined}>
            <LoadingBoundary name="/" loading={null}>
              <HTTPAccessFallbackBoundary notFound={<SegmentViewNode>} forbidden={undefined} unauthorized={undefined}>
                <HTTPAccessFallbackErrorBoundary pathname="/" notFound={<SegmentViewNode>} forbidden={undefined} ...>
                  <RedirectBoundary>
                    <RedirectErrorBoundary router={{...}}>
                      <InnerLayoutRouter url="/" tree={[...]} params={{}} cacheNode={{rsc:<Fragment>, ...}} ...>
                        <SegmentViewNode type="page" pagePath="page.tsx">
                          <SegmentTrieNode>
                          <Home>
+                           <div className="site-shell editorial-home-shell">
-                           <header
-                             className="site-header nav--shown site-header--dark-links site-header--editorial-home si..."
-                           >
                        ...
                      ...
          ...
    ...

    at throwOnHydrationMismatch (http://localhost:3000/_next/static/chunks/node_modules_next_dist_compiled_react-dom_1e674e59._.js:3348:56)
    at beginWork (http://localhost:3000/_next/static/chunks/node_modules_next_dist_compiled_react-dom_1e674e59._.js:6775:918)
    at replayBeginWork (http://localhost:3000/_next/static/chunks/node_modules_next_dist_compiled_react-dom_1e674e59._.js:9585:156)
    at runWithFiberInDEV (http://localhost:3000/_next/static/chunks/node_modules_next_dist_compiled_react-dom_1e674e59._.js:965:74)
    at replaySuspendedUnitOfWork (http://localhost:3000/_next/static/chunks/node_modules_next_dist_compiled_react-dom_1e674e59._.js:9567:20)
    at renderRootConcurrent (http://localhost:3000/_next/static/chunks/node_modules_next_dist_compiled_react-dom_1e674e59._.js:9500:141)
    at performWorkOnRoot (http://localhost:3000/_next/static/chunks/node_modules_next_dist_compiled_react-dom_1e674e59._.js:9068:150)
    at performWorkOnRootViaSchedulerTask (http://localhost:3000/_next/static/chunks/node_modules_next_dist_compiled_react-dom_1e674e59._.js:10230:9)
    at MessagePort.performWorkUntilDeadline (http://localhost:3000/_next/static/chunks/node_modules_next_dist_compiled_a0e4c7b4._.js:2647:64)
[ 3152785ms] [ERROR] Failed to load resource: net::ERR_CONNECTION_RESET @ http://localhost:3000/Sequence%2001_1.mp4:0
[ 3154251ms] [ERROR] WebSocket connection to 'ws://localhost:3000/_next/webpack-hmr?id=8MKdw_5LejdlbVpVFL1D0' failed: Error in connection establishment: net::ERR_CONNECTION_REFUSED @ http://localhost:3000/_next/static/chunks/node_modules_next_dist_client_17643121._.js:10878
[ 3155447ms] [ERROR] Failed to load resource: net::ERR_CONNECTION_REFUSED @ http://localhost:3000/Sequence%2001_1.mp4:0
[ 3158894ms] [LOG] [HMR] connected @ http://localhost:3000/_next/static/chunks/node_modules_next_dist_f3530cac._.js:2297
[ 3161581ms] [INFO] %cDownload the React DevTools for a better development experience: https://react.dev/link/react-devtools font-weight:bold @ http://localhost:3000/_next/static/chunks/node_modules_next_dist_f3530cac._.js:2297
[ 3161685ms] [LOG] [HMR] connected @ http://localhost:3000/_next/static/chunks/node_modules_next_dist_f3530cac._.js:2297
[ 3162051ms] [LOG] [Fast Refresh] rebuilding @ http://localhost:3000/_next/static/chunks/node_modules_next_dist_f3530cac._.js:2297
[ 3162054ms] [LOG] [Fast Refresh] done in 104ms @ http://localhost:3000/_next/static/chunks/node_modules_next_dist_f3530cac._.js:2297
[ 3178535ms] [LOG] [Fast Refresh] rebuilding @ http://localhost:3000/_next/static/chunks/node_modules_next_dist_f3530cac._.js:2297
[ 3178575ms] [LOG] [Fast Refresh] done in 146ms @ http://localhost:3000/_next/static/chunks/node_modules_next_dist_f3530cac._.js:2297
[ 3178797ms] [INFO] %cDownload the React DevTools for a better development experience: https://react.dev/link/react-devtools font-weight:bold @ http://localhost:3000/_next/static/chunks/node_modules_next_dist_f3530cac._.js:2297
[ 3178862ms] [LOG] [HMR] connected @ http://localhost:3000/_next/static/chunks/node_modules_next_dist_f3530cac._.js:2297
[ 3179619ms] [LOG] [Fast Refresh] rebuilding @ http://localhost:3000/_next/static/chunks/node_modules_next_dist_f3530cac._.js:2297
[ 3179780ms] [LOG] [Fast Refresh] done in 264ms @ http://localhost:3000/_next/static/chunks/node_modules_next_dist_f3530cac._.js:2297
[ 3186165ms] [LOG] [Fast Refresh] rebuilding @ http://localhost:3000/_next/static/chunks/node_modules_next_dist_f3530cac._.js:2297
[ 3186228ms] [LOG] [Fast Refresh] done in 169ms @ http://localhost:3000/_next/static/chunks/node_modules_next_dist_f3530cac._.js:2297
[ 3401878ms] [LOG] [Fast Refresh] rebuilding @ http://localhost:3000/_next/static/chunks/node_modules_next_dist_f3530cac._.js:2297
[ 3402877ms] [LOG] [Fast Refresh] done in 602ms @ http://localhost:3000/_next/static/chunks/node_modules_next_dist_f3530cac._.js:2297
[ 3402989ms] [LOG] [Fast Refresh] rebuilding @ http://localhost:3000/_next/static/chunks/node_modules_next_dist_f3530cac._.js:2297
[ 3403024ms] [LOG] [Fast Refresh] done in 138ms @ http://localhost:3000/_next/static/chunks/node_modules_next_dist_f3530cac._.js:2297
[ 3588564ms] [LOG] [Fast Refresh] rebuilding @ http://localhost:3000/_next/static/chunks/node_modules_next_dist_f3530cac._.js:2297
[ 3588873ms] [LOG] [Fast Refresh] done in 367ms @ http://localhost:3000/_next/static/chunks/node_modules_next_dist_f3530cac._.js:2297
[ 3876673ms] [LOG] [Fast Refresh] rebuilding @ http://localhost:3000/_next/static/chunks/node_modules_next_dist_f3530cac._.js:2297
[ 3877199ms] [LOG] [Fast Refresh] done in 595ms @ http://localhost:3000/_next/static/chunks/node_modules_next_dist_f3530cac._.js:2297
[ 4052928ms] [LOG] [Fast Refresh] rebuilding @ http://localhost:3000/_next/static/chunks/node_modules_next_dist_f3530cac._.js:2297
[ 4053249ms] [LOG] [Fast Refresh] done in 378ms @ http://localhost:3000/_next/static/chunks/node_modules_next_dist_f3530cac._.js:2297
[ 4074652ms] [LOG] [Fast Refresh] rebuilding @ http://localhost:3000/_next/static/chunks/node_modules_next_dist_f3530cac._.js:2297
[ 4075426ms] [LOG] [Fast Refresh] done in 863ms @ http://localhost:3000/_next/static/chunks/node_modules_next_dist_f3530cac._.js:2297
[ 4115957ms] [LOG] [Fast Refresh] rebuilding @ http://localhost:3000/_next/static/chunks/node_modules_next_dist_f3530cac._.js:2297
[ 4117019ms] [LOG] [Fast Refresh] done in 538ms @ http://localhost:3000/_next/static/chunks/node_modules_next_dist_f3530cac._.js:2297
[ 4139353ms] [LOG] [Fast Refresh] rebuilding @ http://localhost:3000/_next/static/chunks/node_modules_next_dist_f3530cac._.js:2297
[ 4139427ms] [LOG] [Fast Refresh] done in 185ms @ http://localhost:3000/_next/static/chunks/node_modules_next_dist_f3530cac._.js:2297
[ 4157161ms] [LOG] [Fast Refresh] rebuilding @ http://localhost:3000/_next/static/chunks/node_modules_next_dist_f3530cac._.js:2297
[ 4157177ms] [LOG] [Fast Refresh] done in 118ms @ http://localhost:3000/_next/static/chunks/node_modules_next_dist_f3530cac._.js:2297
[ 4230489ms] [LOG] [Fast Refresh] rebuilding @ http://localhost:3000/_next/static/chunks/node_modules_next_dist_f3530cac._.js:2297
[ 4231258ms] [LOG] [Fast Refresh] done in 822ms @ http://localhost:3000/_next/static/chunks/node_modules_next_dist_f3530cac._.js:2297
[ 4299526ms] [LOG] [Fast Refresh] rebuilding @ http://localhost:3000/_next/static/chunks/node_modules_next_dist_f3530cac._.js:2297
[ 4300038ms] [LOG] [Fast Refresh] done in 604ms @ http://localhost:3000/_next/static/chunks/node_modules_next_dist_f3530cac._.js:2297
[ 4384598ms] [LOG] [Fast Refresh] rebuilding @ http://localhost:3000/_next/static/chunks/node_modules_next_dist_f3530cac._.js:2297
[ 4384800ms] [LOG] [Fast Refresh] done in 291ms @ http://localhost:3000/_next/static/chunks/node_modules_next_dist_f3530cac._.js:2297
[ 4643983ms] [LOG] [Fast Refresh] rebuilding @ http://localhost:3000/_next/static/chunks/node_modules_next_dist_f3530cac._.js:2297
[ 4644251ms] [LOG] [Fast Refresh] done in 339ms @ http://localhost:3000/_next/static/chunks/node_modules_next_dist_f3530cac._.js:2297
[ 4698260ms] [LOG] [Fast Refresh] rebuilding @ http://localhost:3000/_next/static/chunks/node_modules_next_dist_f3530cac._.js:2297
[ 4698450ms] [LOG] [Fast Refresh] done in 252ms @ http://localhost:3000/_next/static/chunks/node_modules_next_dist_f3530cac._.js:2297
[ 5282902ms] [LOG] [Fast Refresh] rebuilding @ http://localhost:3000/_next/static/chunks/node_modules_next_dist_f3530cac._.js:2297
[ 5282905ms] [LOG] [Fast Refresh] done in 108ms @ http://localhost:3000/_next/static/chunks/node_modules_next_dist_f3530cac._.js:2297
[ 5817461ms] [LOG] [Fast Refresh] rebuilding @ http://localhost:3000/_next/static/chunks/node_modules_next_dist_f3530cac._.js:2297
[ 5819258ms] [LOG] [Fast Refresh] done in 1898ms @ http://localhost:3000/_next/static/chunks/node_modules_next_dist_f3530cac._.js:2297
[ 5819365ms] [WARNING] Image with src "/posters/then-sings-my-soul-st-lukes.jpg" has "fill" and parent element with invalid "position". Provided "static" should be one of absolute,fixed,relative. @ http://localhost:3000/_next/static/chunks/node_modules_next_dist_f3530cac._.js:2297
[ 5819366ms] [WARNING] Image with src "/posters/then-sings-my-soul-st-lukes.jpg" has "fill" and a height value of 0. This is likely because the parent element of the image has not been styled to have a set height. @ http://localhost:3000/_next/static/chunks/node_modules_next_dist_f3530cac._.js:2297
[ 5819536ms] [WARNING] Image with src "/posters/then-sings-my-soul-charlotte-chapel.jpg" has "fill" and parent element with invalid "position". Provided "static" should be one of absolute,fixed,relative. @ http://localhost:3000/_next/static/chunks/node_modules_next_dist_f3530cac._.js:2297
[ 5819537ms] [WARNING] Image with src "/posters/then-sings-my-soul-charlotte-chapel.jpg" has "fill" and a height value of 0. This is likely because the parent element of the image has not been styled to have a set height. @ http://localhost:3000/_next/static/chunks/node_modules_next_dist_f3530cac._.js:2297
[ 5837860ms] [LOG] [Fast Refresh] rebuilding @ http://localhost:3000/_next/static/chunks/node_modules_next_dist_f3530cac._.js:2297
[ 5838147ms] [LOG] [Fast Refresh] done in 388ms @ http://localhost:3000/_next/static/chunks/node_modules_next_dist_f3530cac._.js:2297
[ 5840688ms] [LOG] [Fast Refresh] rebuilding @ http://localhost:3000/_next/static/chunks/node_modules_next_dist_f3530cac._.js:2297
[ 5840939ms] [LOG] [Fast Refresh] done in 352ms @ http://localhost:3000/_next/static/chunks/node_modules_next_dist_f3530cac._.js:2297
[ 5859506ms] [LOG] [Fast Refresh] rebuilding @ http://localhost:3000/_next/static/chunks/node_modules_next_dist_f3530cac._.js:2297
[ 5859886ms] [LOG] [Fast Refresh] done in 480ms @ http://localhost:3000/_next/static/chunks/node_modules_next_dist_f3530cac._.js:2297
[ 5864767ms] [LOG] [Fast Refresh] rebuilding @ http://localhost:3000/_next/static/chunks/node_modules_next_dist_f3530cac._.js:2297
[ 5864990ms] [LOG] [Fast Refresh] done in 265ms @ http://localhost:3000/_next/static/chunks/node_modules_next_dist_f3530cac._.js:2297
[ 5885488ms] [LOG] [Fast Refresh] rebuilding @ http://localhost:3000/_next/static/chunks/node_modules_next_dist_f3530cac._.js:2297
[ 5885689ms] [LOG] [Fast Refresh] done in 308ms @ http://localhost:3000/_next/static/chunks/node_modules_next_dist_f3530cac._.js:2297
[ 5975938ms] [LOG] [Fast Refresh] rebuilding @ http://localhost:3000/_next/static/chunks/node_modules_next_dist_f3530cac._.js:2297
[ 5976455ms] [LOG] [Fast Refresh] done in 580ms @ http://localhost:3000/_next/static/chunks/node_modules_next_dist_f3530cac._.js:2297
[ 6045750ms] [LOG] [Fast Refresh] rebuilding @ http://localhost:3000/_next/static/chunks/node_modules_next_dist_f3530cac._.js:2297
[ 6046044ms] [LOG] [Fast Refresh] done in 399ms @ http://localhost:3000/_next/static/chunks/node_modules_next_dist_f3530cac._.js:2297
[ 6219244ms] [LOG] [Fast Refresh] rebuilding @ http://localhost:3000/_next/static/chunks/node_modules_next_dist_f3530cac._.js:2297
[ 6219600ms] [LOG] [Fast Refresh] done in 427ms @ http://localhost:3000/_next/static/chunks/node_modules_next_dist_f3530cac._.js:2297
[ 6243205ms] [LOG] [Fast Refresh] rebuilding @ http://localhost:3000/_next/static/chunks/node_modules_next_dist_f3530cac._.js:2297
[ 6243424ms] [LOG] [Fast Refresh] done in 281ms @ http://localhost:3000/_next/static/chunks/node_modules_next_dist_f3530cac._.js:2297
[ 6292361ms] [LOG] [Fast Refresh] rebuilding @ http://localhost:3000/_next/static/chunks/node_modules_next_dist_f3530cac._.js:2297
[ 6292496ms] [LOG] [Fast Refresh] done in 218ms @ http://localhost:3000/_next/static/chunks/node_modules_next_dist_f3530cac._.js:2297
[ 6444395ms] [LOG] [Fast Refresh] rebuilding @ http://localhost:3000/_next/static/chunks/node_modules_next_dist_f3530cac._.js:2297
[ 6445136ms] [LOG] [Fast Refresh] done in 835ms @ http://localhost:3000/_next/static/chunks/node_modules_next_dist_f3530cac._.js:2297
[ 6468246ms] [LOG] [Fast Refresh] rebuilding @ http://localhost:3000/_next/static/chunks/node_modules_next_dist_f3530cac._.js:2297
[ 6468615ms] [LOG] [Fast Refresh] done in 436ms @ http://localhost:3000/_next/static/chunks/node_modules_next_dist_f3530cac._.js:2297
[ 6483641ms] [LOG] [Fast Refresh] rebuilding @ http://localhost:3000/_next/static/chunks/node_modules_next_dist_f3530cac._.js:2297
[ 6483902ms] [LOG] [Fast Refresh] done in 338ms @ http://localhost:3000/_next/static/chunks/node_modules_next_dist_f3530cac._.js:2297
[ 6538158ms] [LOG] [Fast Refresh] rebuilding @ http://localhost:3000/_next/static/chunks/node_modules_next_dist_f3530cac._.js:2297
[ 6538822ms] [LOG] [Fast Refresh] done in 764ms @ http://localhost:3000/_next/static/chunks/node_modules_next_dist_f3530cac._.js:2297
[ 6538996ms] [LOG] [Fast Refresh] rebuilding @ http://localhost:3000/_next/static/chunks/node_modules_next_dist_f3530cac._.js:2297
[ 6539025ms] [LOG] [Fast Refresh] done in 141ms @ http://localhost:3000/_next/static/chunks/node_modules_next_dist_f3530cac._.js:2297
[ 6542523ms] [LOG] [Fast Refresh] rebuilding @ http://localhost:3000/_next/static/chunks/node_modules_next_dist_f3530cac._.js:2297
[ 6542534ms] [LOG] [Fast Refresh] done in 118ms @ http://localhost:3000/_next/static/chunks/node_modules_next_dist_f3530cac._.js:2297
[ 7055559ms] [LOG] [Fast Refresh] rebuilding @ http://localhost:3000/_next/static/chunks/node_modules_next_dist_f3530cac._.js:2297
[ 7056302ms] [LOG] [Fast Refresh] done in 776ms @ http://localhost:3000/_next/static/chunks/node_modules_next_dist_f3530cac._.js:2297
[ 7455320ms] [LOG] [Fast Refresh] rebuilding @ http://localhost:3000/_next/static/chunks/node_modules_next_dist_f3530cac._.js:2297
[ 7456262ms] [LOG] [Fast Refresh] done in 1047ms @ http://localhost:3000/_next/static/chunks/node_modules_next_dist_f3530cac._.js:2297
[ 7470292ms] [LOG] [Fast Refresh] rebuilding @ http://localhost:3000/_next/static/chunks/node_modules_next_dist_f3530cac._.js:2297
[ 7470559ms] [LOG] [Fast Refresh] done in 370ms @ http://localhost:3000/_next/static/chunks/node_modules_next_dist_f3530cac._.js:2297
[ 7491862ms] [LOG] [Fast Refresh] rebuilding @ http://localhost:3000/_next/static/chunks/node_modules_next_dist_f3530cac._.js:2297
[ 7492257ms] [LOG] [Fast Refresh] done in 450ms @ http://localhost:3000/_next/static/chunks/node_modules_next_dist_f3530cac._.js:2297
[ 7568172ms] [LOG] [Fast Refresh] rebuilding @ http://localhost:3000/_next/static/chunks/node_modules_next_dist_f3530cac._.js:2297
[ 7568490ms] [LOG] [Fast Refresh] done in 373ms @ http://localhost:3000/_next/static/chunks/node_modules_next_dist_f3530cac._.js:2297
[ 7573537ms] [LOG] [Fast Refresh] rebuilding @ http://localhost:3000/_next/static/chunks/node_modules_next_dist_f3530cac._.js:2297
[ 7573876ms] [LOG] [Fast Refresh] done in 428ms @ http://localhost:3000/_next/static/chunks/node_modules_next_dist_f3530cac._.js:2297
[ 7652636ms] [LOG] [Fast Refresh] rebuilding @ http://localhost:3000/_next/static/chunks/node_modules_next_dist_f3530cac._.js:2297
[ 7653160ms] [LOG] [Fast Refresh] done in 587ms @ http://localhost:3000/_next/static/chunks/node_modules_next_dist_f3530cac._.js:2297
[ 7706217ms] [LOG] [Fast Refresh] rebuilding @ http://localhost:3000/_next/static/chunks/node_modules_next_dist_f3530cac._.js:2297
[ 7706358ms] [LOG] [Fast Refresh] done in 213ms @ http://localhost:3000/_next/static/chunks/node_modules_next_dist_f3530cac._.js:2297
[ 7740283ms] [LOG] [Fast Refresh] rebuilding @ http://localhost:3000/_next/static/chunks/node_modules_next_dist_f3530cac._.js:2297
[ 7740537ms] [LOG] [Fast Refresh] done in 316ms @ http://localhost:3000/_next/static/chunks/node_modules_next_dist_f3530cac._.js:2297
[ 7841586ms] [LOG] [Fast Refresh] rebuilding @ http://localhost:3000/_next/static/chunks/node_modules_next_dist_f3530cac._.js:2297
[ 7841760ms] [LOG] [Fast Refresh] done in 245ms @ http://localhost:3000/_next/static/chunks/node_modules_next_dist_f3530cac._.js:2297
[ 7936168ms] [LOG] [Fast Refresh] rebuilding @ http://localhost:3000/_next/static/chunks/node_modules_next_dist_f3530cac._.js:2297
[ 7936600ms] [LOG] [Fast Refresh] done in 540ms @ http://localhost:3000/_next/static/chunks/node_modules_next_dist_f3530cac._.js:2297
[ 7940225ms] [LOG] [Fast Refresh] rebuilding @ http://localhost:3000/_next/static/chunks/node_modules_next_dist_f3530cac._.js:2297
[ 7940509ms] [LOG] [Fast Refresh] done in 386ms @ http://localhost:3000/_next/static/chunks/node_modules_next_dist_f3530cac._.js:2297
[ 8158293ms] [LOG] [Fast Refresh] rebuilding @ http://localhost:3000/_next/static/chunks/node_modules_next_dist_f3530cac._.js:2297
[ 8159035ms] [LOG] [Fast Refresh] done in 817ms @ http://localhost:3000/_next/static/chunks/node_modules_next_dist_f3530cac._.js:2297
[ 8178664ms] [LOG] [Fast Refresh] rebuilding @ http://localhost:3000/_next/static/chunks/node_modules_next_dist_f3530cac._.js:2297
[ 8179278ms] [LOG] [Fast Refresh] done in 716ms @ http://localhost:3000/_next/static/chunks/node_modules_next_dist_f3530cac._.js:2297
[ 8286493ms] [LOG] [Fast Refresh] rebuilding @ http://localhost:3000/_next/static/chunks/node_modules_next_dist_f3530cac._.js:2297
[ 8286789ms] [LOG] [Fast Refresh] done in 372ms @ http://localhost:3000/_next/static/chunks/node_modules_next_dist_f3530cac._.js:2297
[ 8288166ms] [LOG] [Fast Refresh] rebuilding @ http://localhost:3000/_next/static/chunks/node_modules_next_dist_f3530cac._.js:2297
[ 8288230ms] [LOG] [Fast Refresh] done in 175ms @ http://localhost:3000/_next/static/chunks/node_modules_next_dist_f3530cac._.js:2297
[ 8372438ms] [LOG] [Fast Refresh] rebuilding @ http://localhost:3000/_next/static/chunks/node_modules_next_dist_f3530cac._.js:2297
[ 8372729ms] [LOG] [Fast Refresh] done in 374ms @ http://localhost:3000/_next/static/chunks/node_modules_next_dist_f3530cac._.js:2297
[ 8393875ms] [LOG] [Fast Refresh] rebuilding @ http://localhost:3000/_next/static/chunks/node_modules_next_dist_f3530cac._.js:2297
[ 8394077ms] [LOG] [Fast Refresh] done in 280ms @ http://localhost:3000/_next/static/chunks/node_modules_next_dist_f3530cac._.js:2297
[ 8443797ms] [LOG] [Fast Refresh] rebuilding @ http://localhost:3000/_next/static/chunks/node_modules_next_dist_f3530cac._.js:2297
[ 8444163ms] [LOG] [Fast Refresh] done in 436ms @ http://localhost:3000/_next/static/chunks/node_modules_next_dist_f3530cac._.js:2297
[ 8493885ms] [LOG] [Fast Refresh] rebuilding @ http://localhost:3000/_next/static/chunks/node_modules_next_dist_f3530cac._.js:2297
[ 8494211ms] [LOG] [Fast Refresh] done in 359ms @ http://localhost:3000/_next/static/chunks/node_modules_next_dist_f3530cac._.js:2297
[ 8501470ms] [LOG] [Fast Refresh] rebuilding @ http://localhost:3000/_next/static/chunks/node_modules_next_dist_f3530cac._.js:2297
[ 8501708ms] [LOG] [Fast Refresh] done in 305ms @ http://localhost:3000/_next/static/chunks/node_modules_next_dist_f3530cac._.js:2297
[ 8564874ms] [LOG] [Fast Refresh] rebuilding @ http://localhost:3000/_next/static/chunks/node_modules_next_dist_f3530cac._.js:2297
[ 8565361ms] [LOG] [Fast Refresh] done in 591ms @ http://localhost:3000/_next/static/chunks/node_modules_next_dist_f3530cac._.js:2297
[ 8575735ms] [LOG] [Fast Refresh] rebuilding @ http://localhost:3000/_next/static/chunks/node_modules_next_dist_f3530cac._.js:2297
[ 8575748ms] [LOG] [Fast Refresh] done in 114ms @ http://localhost:3000/_next/static/chunks/node_modules_next_dist_f3530cac._.js:2297
[ 8578015ms] [LOG] [Fast Refresh] rebuilding @ http://localhost:3000/_next/static/chunks/node_modules_next_dist_f3530cac._.js:2297
[ 8578080ms] [LOG] [Fast Refresh] done in 169ms @ http://localhost:3000/_next/static/chunks/node_modules_next_dist_f3530cac._.js:2297
[ 8710668ms] [ERROR] WebSocket connection to 'ws://localhost:3000/_next/webpack-hmr?id=DorQgDmizQHaTI25FjQYE' failed: Error in connection establishment: net::ERR_CONNECTION_REFUSED @ http://localhost:3000/_next/static/chunks/node_modules_next_dist_client_17643121._.js:10878
[ 8711893ms] [ERROR] Failed to load resource: net::ERR_CONNECTION_REFUSED @ http://localhost:3000/Sequence%2001_1.mp4:0
[ 8714022ms] [ERROR] WebSocket connection to 'ws://localhost:3000/_next/webpack-hmr?id=DorQgDmizQHaTI25FjQYE' failed: Error in connection establishment: net::ERR_CONNECTION_REFUSED @ http://localhost:3000/_next/static/chunks/node_modules_next_dist_client_17643121._.js:10878
[ 8714567ms] [ERROR] Failed to load resource: net::ERR_CONNECTION_REFUSED @ http://localhost:3000/Sequence%2001_1.mp4:0
[ 8717272ms] [ERROR] Failed to load resource: net::ERR_CONNECTION_REFUSED @ http://localhost:3000/Sequence%2001_1.mp4:0
[ 8717350ms] [ERROR] WebSocket connection to 'ws://localhost:3000/_next/webpack-hmr?id=DorQgDmizQHaTI25FjQYE' failed: Error in connection establishment: net::ERR_CONNECTION_REFUSED @ http://localhost:3000/_next/static/chunks/node_modules_next_dist_client_17643121._.js:10878
[ 8720035ms] [ERROR] Failed to load resource: net::ERR_CONNECTION_REFUSED @ http://localhost:3000/Sequence%2001_1.mp4:0
[ 8720719ms] [ERROR] WebSocket connection to 'ws://localhost:3000/_next/webpack-hmr?id=DorQgDmizQHaTI25FjQYE' failed: Error in connection establishment: net::ERR_CONNECTION_REFUSED @ http://localhost:3000/_next/static/chunks/node_modules_next_dist_client_17643121._.js:10878
[ 8722843ms] [ERROR] Failed to load resource: net::ERR_CONNECTION_REFUSED @ http://localhost:3000/Sequence%2001_1.mp4:0
[ 8724054ms] [ERROR] WebSocket connection to 'ws://localhost:3000/_next/webpack-hmr?id=DorQgDmizQHaTI25FjQYE' failed: Error in connection establishment: net::ERR_CONNECTION_REFUSED @ http://localhost:3000/_next/static/chunks/node_modules_next_dist_client_17643121._.js:10878
[ 8725680ms] [ERROR] Failed to load resource: net::ERR_CONNECTION_REFUSED @ http://localhost:3000/Sequence%2001_1.mp4:0
[ 8728615ms] [ERROR] Failed to load resource: net::ERR_CONNECTION_REFUSED @ http://localhost:3000/Sequence%2001_1.mp4:0
[ 8731418ms] [ERROR] WebSocket connection to 'ws://localhost:3000/_next/webpack-hmr?id=DorQgDmizQHaTI25FjQYE' failed: Error in connection establishment: net::ERR_CONNECTION_REFUSED @ http://localhost:3000/_next/static/chunks/node_modules_next_dist_client_17643121._.js:10878
[ 8731559ms] [ERROR] Failed to load resource: net::ERR_CONNECTION_REFUSED @ http://localhost:3000/Sequence%2001_1.mp4:0
[ 8734536ms] [ERROR] Failed to load resource: net::ERR_CONNECTION_REFUSED @ http://localhost:3000/Sequence%2001_1.mp4:0
[ 8737572ms] [ERROR] Failed to load resource: net::ERR_CONNECTION_REFUSED @ http://localhost:3000/Sequence%2001_1.mp4:0
[ 8738773ms] [ERROR] WebSocket connection to 'ws://localhost:3000/_next/webpack-hmr?id=DorQgDmizQHaTI25FjQYE' failed: Error in connection establishment: net::ERR_CONNECTION_REFUSED @ http://localhost:3000/_next/static/chunks/node_modules_next_dist_client_17643121._.js:10878
[ 8740653ms] [ERROR] Failed to load resource: net::ERR_CONNECTION_REFUSED @ http://localhost:3000/Sequence%2001_1.mp4:0
[ 8743775ms] [ERROR] Failed to load resource: net::ERR_CONNECTION_REFUSED @ http://localhost:3000/Sequence%2001_1.mp4:0
[ 8746162ms] [ERROR] WebSocket connection to 'ws://localhost:3000/_next/webpack-hmr?id=DorQgDmizQHaTI25FjQYE' failed: Error in connection establishment: net::ERR_CONNECTION_REFUSED @ http://localhost:3000/_next/static/chunks/node_modules_next_dist_client_17643121._.js:10878
[ 8746994ms] [ERROR] Failed to load resource: net::ERR_CONNECTION_REFUSED @ http://localhost:3000/Sequence%2001_1.mp4:0
[ 8750236ms] [ERROR] Failed to load resource: net::ERR_CONNECTION_REFUSED @ http://localhost:3000/Sequence%2001_1.mp4:0
[ 8753545ms] [ERROR] Failed to load resource: net::ERR_CONNECTION_REFUSED @ http://localhost:3000/Sequence%2001_1.mp4:0
[ 8753546ms] [ERROR] WebSocket connection to 'ws://localhost:3000/_next/webpack-hmr?id=DorQgDmizQHaTI25FjQYE' failed: Error in connection establishment: net::ERR_CONNECTION_REFUSED @ http://localhost:3000/_next/static/chunks/node_modules_next_dist_client_17643121._.js:10878
[ 8756912ms] [ERROR] Failed to load resource: net::ERR_CONNECTION_REFUSED @ http://localhost:3000/Sequence%2001_1.mp4:0
[ 8760331ms] [ERROR] Failed to load resource: net::ERR_CONNECTION_REFUSED @ http://localhost:3000/Sequence%2001_1.mp4:0
[ 8760928ms] [ERROR] WebSocket connection to 'ws://localhost:3000/_next/webpack-hmr?id=DorQgDmizQHaTI25FjQYE' failed: Error in connection establishment: net::ERR_CONNECTION_REFUSED @ http://localhost:3000/_next/static/chunks/node_modules_next_dist_client_17643121._.js:10878
[ 8763790ms] [ERROR] Failed to load resource: net::ERR_CONNECTION_REFUSED @ http://localhost:3000/Sequence%2001_1.mp4:0
[ 8767278ms] [ERROR] Failed to load resource: net::ERR_CONNECTION_REFUSED @ http://localhost:3000/Sequence%2001_1.mp4:0
[ 8768345ms] [ERROR] WebSocket connection to 'ws://localhost:3000/_next/webpack-hmr?id=DorQgDmizQHaTI25FjQYE' failed: Error in connection establishment: net::ERR_CONNECTION_REFUSED @ http://localhost:3000/_next/static/chunks/node_modules_next_dist_client_17643121._.js:10878
[ 8770821ms] [ERROR] Failed to load resource: net::ERR_CONNECTION_REFUSED @ http://localhost:3000/Sequence%2001_1.mp4:0
[ 8774410ms] [ERROR] Failed to load resource: net::ERR_CONNECTION_REFUSED @ http://localhost:3000/Sequence%2001_1.mp4:0
[ 8775788ms] [ERROR] WebSocket connection to 'ws://localhost:3000/_next/webpack-hmr?id=DorQgDmizQHaTI25FjQYE' failed: Error in connection establishment: net::ERR_CONNECTION_REFUSED @ http://localhost:3000/_next/static/chunks/node_modules_next_dist_client_17643121._.js:10878
[ 8819360ms] [INFO] %cDownload the React DevTools for a better development experience: https://react.dev/link/react-devtools font-weight:bold @ http://localhost:3000/_next/static/chunks/node_modules_next_dist_f3530cac._.js:2297
[ 8819525ms] [LOG] [HMR] connected @ http://localhost:3000/_next/static/chunks/node_modules_next_dist_f3530cac._.js:2297
[ 9241423ms] [LOG] [Fast Refresh] rebuilding @ http://localhost:3000/_next/static/chunks/node_modules_next_dist_f3530cac._.js:2297
[ 9242826ms] [LOG] [Fast Refresh] done in 919ms @ http://localhost:3000/_next/static/chunks/node_modules_next_dist_f3530cac._.js:2297
[ 9248602ms] [WARNING] The resource https://i.ytimg.com/vi/732dkRJZOLE/maxresdefault.jpg was preloaded using link preload but not used within a few seconds from the window's load event. Please make sure it has an appropriate `as` value and it is preloaded intentionally. @ http://localhost:3000/:0
[ 9248603ms] [WARNING] The resource https://i.ytimg.com/vi/-KnzDx8UV5M/maxresdefault.jpg was preloaded using link preload but not used within a few seconds from the window's load event. Please make sure it has an appropriate `as` value and it is preloaded intentionally. @ http://localhost:3000/:0
[ 9248603ms] [WARNING] The resource https://i.ytimg.com/vi/cXFQuxZF61Q/maxresdefault.jpg was preloaded using link preload but not used within a few seconds from the window's load event. Please make sure it has an appropriate `as` value and it is preloaded intentionally. @ http://localhost:3000/:0
[ 9248603ms] [WARNING] The resource https://i.ytimg.com/vi/haisvt45Kdc/maxresdefault.jpg was preloaded using link preload but not used within a few seconds from the window's load event. Please make sure it has an appropriate `as` value and it is preloaded intentionally. @ http://localhost:3000/:0
[ 9248603ms] [WARNING] The resource https://i.ytimg.com/vi/VKeF820DlGU/maxresdefault.jpg was preloaded using link preload but not used within a few seconds from the window's load event. Please make sure it has an appropriate `as` value and it is preloaded intentionally. @ http://localhost:3000/:0
[ 9260542ms] [WARNING] The resource https://i.ytimg.com/vi/732dkRJZOLE/maxresdefault.jpg was preloaded using link preload but not used within a few seconds from the window's load event. Please make sure it has an appropriate `as` value and it is preloaded intentionally. @ http://localhost:3000/:0
[ 9260542ms] [WARNING] The resource https://i.ytimg.com/vi/-KnzDx8UV5M/maxresdefault.jpg was preloaded using link preload but not used within a few seconds from the window's load event. Please make sure it has an appropriate `as` value and it is preloaded intentionally. @ http://localhost:3000/:0
[ 9260542ms] [WARNING] The resource https://i.ytimg.com/vi/cXFQuxZF61Q/maxresdefault.jpg was preloaded using link preload but not used within a few seconds from the window's load event. Please make sure it has an appropriate `as` value and it is preloaded intentionally. @ http://localhost:3000/:0
[ 9260542ms] [WARNING] The resource https://i.ytimg.com/vi/haisvt45Kdc/maxresdefault.jpg was preloaded using link preload but not used within a few seconds from the window's load event. Please make sure it has an appropriate `as` value and it is preloaded intentionally. @ http://localhost:3000/:0
[ 9260542ms] [WARNING] The resource https://i.ytimg.com/vi/VKeF820DlGU/maxresdefault.jpg was preloaded using link preload but not used within a few seconds from the window's load event. Please make sure it has an appropriate `as` value and it is preloaded intentionally. @ http://localhost:3000/:0
[ 9284046ms] [WARNING] The resource https://i.ytimg.com/vi/732dkRJZOLE/maxresdefault.jpg was preloaded using link preload but not used within a few seconds from the window's load event. Please make sure it has an appropriate `as` value and it is preloaded intentionally. @ http://localhost:3000/:0
[ 9284047ms] [WARNING] The resource https://i.ytimg.com/vi/-KnzDx8UV5M/maxresdefault.jpg was preloaded using link preload but not used within a few seconds from the window's load event. Please make sure it has an appropriate `as` value and it is preloaded intentionally. @ http://localhost:3000/:0
[ 9284047ms] [WARNING] The resource https://i.ytimg.com/vi/cXFQuxZF61Q/maxresdefault.jpg was preloaded using link preload but not used within a few seconds from the window's load event. Please make sure it has an appropriate `as` value and it is preloaded intentionally. @ http://localhost:3000/:0
[ 9284047ms] [WARNING] The resource https://i.ytimg.com/vi/haisvt45Kdc/maxresdefault.jpg was preloaded using link preload but not used within a few seconds from the window's load event. Please make sure it has an appropriate `as` value and it is preloaded intentionally. @ http://localhost:3000/:0
[ 9284047ms] [WARNING] The resource https://i.ytimg.com/vi/VKeF820DlGU/maxresdefault.jpg was preloaded using link preload but not used within a few seconds from the window's load event. Please make sure it has an appropriate `as` value and it is preloaded intentionally. @ http://localhost:3000/:0
[ 9285566ms] [LOG] [Fast Refresh] rebuilding @ http://localhost:3000/_next/static/chunks/node_modules_next_dist_f3530cac._.js:2297
[ 9286281ms] [LOG] [Fast Refresh] done in 783ms @ http://localhost:3000/_next/static/chunks/node_modules_next_dist_f3530cac._.js:2297
[ 9289275ms] [WARNING] The resource https://i.ytimg.com/vi/732dkRJZOLE/maxresdefault.jpg was preloaded using link preload but not used within a few seconds from the window's load event. Please make sure it has an appropriate `as` value and it is preloaded intentionally. @ http://localhost:3000/:0
[ 9289275ms] [WARNING] The resource https://i.ytimg.com/vi/-KnzDx8UV5M/maxresdefault.jpg was preloaded using link preload but not used within a few seconds from the window's load event. Please make sure it has an appropriate `as` value and it is preloaded intentionally. @ http://localhost:3000/:0
[ 9289275ms] [WARNING] The resource https://i.ytimg.com/vi/cXFQuxZF61Q/maxresdefault.jpg was preloaded using link preload but not used within a few seconds from the window's load event. Please make sure it has an appropriate `as` value and it is preloaded intentionally. @ http://localhost:3000/:0
[ 9289275ms] [WARNING] The resource https://i.ytimg.com/vi/haisvt45Kdc/maxresdefault.jpg was preloaded using link preload but not used within a few seconds from the window's load event. Please make sure it has an appropriate `as` value and it is preloaded intentionally. @ http://localhost:3000/:0
[ 9289275ms] [WARNING] The resource https://i.ytimg.com/vi/VKeF820DlGU/maxresdefault.jpg was preloaded using link preload but not used within a few seconds from the window's load event. Please make sure it has an appropriate `as` value and it is preloaded intentionally. @ http://localhost:3000/:0
[ 9295997ms] [WARNING] The resource https://i.ytimg.com/vi/732dkRJZOLE/maxresdefault.jpg was preloaded using link preload but not used within a few seconds from the window's load event. Please make sure it has an appropriate `as` value and it is preloaded intentionally. @ http://localhost:3000/:0
[ 9295997ms] [WARNING] The resource https://i.ytimg.com/vi/-KnzDx8UV5M/maxresdefault.jpg was preloaded using link preload but not used within a few seconds from the window's load event. Please make sure it has an appropriate `as` value and it is preloaded intentionally. @ http://localhost:3000/:0
[ 9295997ms] [WARNING] The resource https://i.ytimg.com/vi/cXFQuxZF61Q/maxresdefault.jpg was preloaded using link preload but not used within a few seconds from the window's load event. Please make sure it has an appropriate `as` value and it is preloaded intentionally. @ http://localhost:3000/:0
[ 9295997ms] [WARNING] The resource https://i.ytimg.com/vi/haisvt45Kdc/maxresdefault.jpg was preloaded using link preload but not used within a few seconds from the window's load event. Please make sure it has an appropriate `as` value and it is preloaded intentionally. @ http://localhost:3000/:0
[ 9295997ms] [WARNING] The resource https://i.ytimg.com/vi/VKeF820DlGU/maxresdefault.jpg was preloaded using link preload but not used within a few seconds from the window's load event. Please make sure it has an appropriate `as` value and it is preloaded intentionally. @ http://localhost:3000/:0
[ 9313961ms] [LOG] [Fast Refresh] rebuilding @ http://localhost:3000/_next/static/chunks/node_modules_next_dist_f3530cac._.js:2297
[ 9314358ms] [LOG] [Fast Refresh] done in 497ms @ http://localhost:3000/_next/static/chunks/node_modules_next_dist_f3530cac._.js:2297
[ 9314787ms] [LOG] [Fast Refresh] rebuilding @ http://localhost:3000/_next/static/chunks/node_modules_next_dist_f3530cac._.js:2297
[ 9314917ms] [LOG] [Fast Refresh] done in 229ms @ http://localhost:3000/_next/static/chunks/node_modules_next_dist_f3530cac._.js:2297
[ 9315485ms] [LOG] [Fast Refresh] rebuilding @ http://localhost:3000/_next/static/chunks/node_modules_next_dist_f3530cac._.js:2297
[ 9315556ms] [LOG] [Fast Refresh] done in 172ms @ http://localhost:3000/_next/static/chunks/node_modules_next_dist_f3530cac._.js:2297
[ 9319494ms] [WARNING] The resource https://i.ytimg.com/vi/732dkRJZOLE/maxresdefault.jpg was preloaded using link preload but not used within a few seconds from the window's load event. Please make sure it has an appropriate `as` value and it is preloaded intentionally. @ http://localhost:3000/:0
[ 9319494ms] [WARNING] The resource https://i.ytimg.com/vi/-KnzDx8UV5M/maxresdefault.jpg was preloaded using link preload but not used within a few seconds from the window's load event. Please make sure it has an appropriate `as` value and it is preloaded intentionally. @ http://localhost:3000/:0
[ 9319494ms] [WARNING] The resource https://i.ytimg.com/vi/cXFQuxZF61Q/maxresdefault.jpg was preloaded using link preload but not used within a few seconds from the window's load event. Please make sure it has an appropriate `as` value and it is preloaded intentionally. @ http://localhost:3000/:0
[ 9319494ms] [WARNING] The resource https://i.ytimg.com/vi/haisvt45Kdc/maxresdefault.jpg was preloaded using link preload but not used within a few seconds from the window's load event. Please make sure it has an appropriate `as` value and it is preloaded intentionally. @ http://localhost:3000/:0
[ 9319494ms] [WARNING] The resource https://i.ytimg.com/vi/VKeF820DlGU/maxresdefault.jpg was preloaded using link preload but not used within a few seconds from the window's load event. Please make sure it has an appropriate `as` value and it is preloaded intentionally. @ http://localhost:3000/:0
[ 9328769ms] [LOG] [Fast Refresh] rebuilding @ http://localhost:3000/_next/static/chunks/node_modules_next_dist_f3530cac._.js:2297
[ 9328785ms] [LOG] [Fast Refresh] done in 123ms @ http://localhost:3000/_next/static/chunks/node_modules_next_dist_f3530cac._.js:2297
[ 9331457ms] [WARNING] The resource https://i.ytimg.com/vi/732dkRJZOLE/maxresdefault.jpg was preloaded using link preload but not used within a few seconds from the window's load event. Please make sure it has an appropriate `as` value and it is preloaded intentionally. @ http://localhost:3000/:0
[ 9331457ms] [WARNING] The resource https://i.ytimg.com/vi/-KnzDx8UV5M/maxresdefault.jpg was preloaded using link preload but not used within a few seconds from the window's load event. Please make sure it has an appropriate `as` value and it is preloaded intentionally. @ http://localhost:3000/:0
[ 9331457ms] [WARNING] The resource https://i.ytimg.com/vi/cXFQuxZF61Q/maxresdefault.jpg was preloaded using link preload but not used within a few seconds from the window's load event. Please make sure it has an appropriate `as` value and it is preloaded intentionally. @ http://localhost:3000/:0
[ 9331457ms] [WARNING] The resource https://i.ytimg.com/vi/haisvt45Kdc/maxresdefault.jpg was preloaded using link preload but not used within a few seconds from the window's load event. Please make sure it has an appropriate `as` value and it is preloaded intentionally. @ http://localhost:3000/:0
[ 9331458ms] [WARNING] The resource https://i.ytimg.com/vi/VKeF820DlGU/maxresdefault.jpg was preloaded using link preload but not used within a few seconds from the window's load event. Please make sure it has an appropriate `as` value and it is preloaded intentionally. @ http://localhost:3000/:0
[ 9332543ms] [LOG] [Fast Refresh] rebuilding @ http://localhost:3000/_next/static/chunks/node_modules_next_dist_f3530cac._.js:2297
[ 9332547ms] [LOG] [Fast Refresh] done in 108ms @ http://localhost:3000/_next/static/chunks/node_modules_next_dist_f3530cac._.js:2297
[ 9354934ms] [WARNING] The resource https://i.ytimg.com/vi/732dkRJZOLE/maxresdefault.jpg was preloaded using link preload but not used within a few seconds from the window's load event. Please make sure it has an appropriate `as` value and it is preloaded intentionally. @ http://localhost:3000/:0
[ 9354934ms] [WARNING] The resource https://i.ytimg.com/vi/-KnzDx8UV5M/maxresdefault.jpg was preloaded using link preload but not used within a few seconds from the window's load event. Please make sure it has an appropriate `as` value and it is preloaded intentionally. @ http://localhost:3000/:0
[ 9354934ms] [WARNING] The resource https://i.ytimg.com/vi/cXFQuxZF61Q/maxresdefault.jpg was preloaded using link preload but not used within a few seconds from the window's load event. Please make sure it has an appropriate `as` value and it is preloaded intentionally. @ http://localhost:3000/:0
[ 9354934ms] [WARNING] The resource https://i.ytimg.com/vi/haisvt45Kdc/maxresdefault.jpg was preloaded using link preload but not used within a few seconds from the window's load event. Please make sure it has an appropriate `as` value and it is preloaded intentionally. @ http://localhost:3000/:0
[ 9354934ms] [WARNING] The resource https://i.ytimg.com/vi/VKeF820DlGU/maxresdefault.jpg was preloaded using link preload but not used within a few seconds from the window's load event. Please make sure it has an appropriate `as` value and it is preloaded intentionally. @ http://localhost:3000/:0
[ 9366881ms] [WARNING] The resource https://i.ytimg.com/vi/732dkRJZOLE/maxresdefault.jpg was preloaded using link preload but not used within a few seconds from the window's load event. Please make sure it has an appropriate `as` value and it is preloaded intentionally. @ http://localhost:3000/:0
[ 9366881ms] [WARNING] The resource https://i.ytimg.com/vi/-KnzDx8UV5M/maxresdefault.jpg was preloaded using link preload but not used within a few seconds from the window's load event. Please make sure it has an appropriate `as` value and it is preloaded intentionally. @ http://localhost:3000/:0
[ 9366881ms] [WARNING] The resource https://i.ytimg.com/vi/cXFQuxZF61Q/maxresdefault.jpg was preloaded using link preload but not used within a few seconds from the window's load event. Please make sure it has an appropriate `as` value and it is preloaded intentionally. @ http://localhost:3000/:0
[ 9366881ms] [WARNING] The resource https://i.ytimg.com/vi/haisvt45Kdc/maxresdefault.jpg was preloaded using link preload but not used within a few seconds from the window's load event. Please make sure it has an appropriate `as` value and it is preloaded intentionally. @ http://localhost:3000/:0
[ 9366881ms] [WARNING] The resource https://i.ytimg.com/vi/VKeF820DlGU/maxresdefault.jpg was preloaded using link preload but not used within a few seconds from the window's load event. Please make sure it has an appropriate `as` value and it is preloaded intentionally. @ http://localhost:3000/:0
[ 9382502ms] [LOG] [Fast Refresh] rebuilding @ http://localhost:3000/_next/static/chunks/node_modules_next_dist_f3530cac._.js:2297
[ 9382760ms] [LOG] [Fast Refresh] done in 331ms @ http://localhost:3000/_next/static/chunks/node_modules_next_dist_f3530cac._.js:2297
[ 9385764ms] [WARNING] The resource https://i.ytimg.com/vi/732dkRJZOLE/maxresdefault.jpg was preloaded using link preload but not used within a few seconds from the window's load event. Please make sure it has an appropriate `as` value and it is preloaded intentionally. @ http://localhost:3000/:0
[ 9385764ms] [WARNING] The resource https://i.ytimg.com/vi/-KnzDx8UV5M/maxresdefault.jpg was preloaded using link preload but not used within a few seconds from the window's load event. Please make sure it has an appropriate `as` value and it is preloaded intentionally. @ http://localhost:3000/:0
[ 9385764ms] [WARNING] The resource https://i.ytimg.com/vi/cXFQuxZF61Q/maxresdefault.jpg was preloaded using link preload but not used within a few seconds from the window's load event. Please make sure it has an appropriate `as` value and it is preloaded intentionally. @ http://localhost:3000/:0
[ 9385764ms] [WARNING] The resource https://i.ytimg.com/vi/haisvt45Kdc/maxresdefault.jpg was preloaded using link preload but not used within a few seconds from the window's load event. Please make sure it has an appropriate `as` value and it is preloaded intentionally. @ http://localhost:3000/:0
[ 9385764ms] [WARNING] The resource https://i.ytimg.com/vi/VKeF820DlGU/maxresdefault.jpg was preloaded using link preload but not used within a few seconds from the window's load event. Please make sure it has an appropriate `as` value and it is preloaded intentionally. @ http://localhost:3000/:0
[ 9390385ms] [WARNING] The resource https://i.ytimg.com/vi/732dkRJZOLE/maxresdefault.jpg was preloaded using link preload but not used within a few seconds from the window's load event. Please make sure it has an appropriate `as` value and it is preloaded intentionally. @ http://localhost:3000/:0
[ 9390385ms] [WARNING] The resource https://i.ytimg.com/vi/-KnzDx8UV5M/maxresdefault.jpg was preloaded using link preload but not used within a few seconds from the window's load event. Please make sure it has an appropriate `as` value and it is preloaded intentionally. @ http://localhost:3000/:0
[ 9390385ms] [WARNING] The resource https://i.ytimg.com/vi/cXFQuxZF61Q/maxresdefault.jpg was preloaded using link preload but not used within a few seconds from the window's load event. Please make sure it has an appropriate `as` value and it is preloaded intentionally. @ http://localhost:3000/:0
[ 9390385ms] [WARNING] The resource https://i.ytimg.com/vi/haisvt45Kdc/maxresdefault.jpg was preloaded using link preload but not used within a few seconds from the window's load event. Please make sure it has an appropriate `as` value and it is preloaded intentionally. @ http://localhost:3000/:0
[ 9390385ms] [WARNING] The resource https://i.ytimg.com/vi/VKeF820DlGU/maxresdefault.jpg was preloaded using link preload but not used within a few seconds from the window's load event. Please make sure it has an appropriate `as` value and it is preloaded intentionally. @ http://localhost:3000/:0
[ 9402323ms] [WARNING] The resource https://i.ytimg.com/vi/732dkRJZOLE/maxresdefault.jpg was preloaded using link preload but not used within a few seconds from the window's load event. Please make sure it has an appropriate `as` value and it is preloaded intentionally. @ http://localhost:3000/:0
[ 9402323ms] [WARNING] The resource https://i.ytimg.com/vi/-KnzDx8UV5M/maxresdefault.jpg was preloaded using link preload but not used within a few seconds from the window's load event. Please make sure it has an appropriate `as` value and it is preloaded intentionally. @ http://localhost:3000/:0
[ 9402323ms] [WARNING] The resource https://i.ytimg.com/vi/cXFQuxZF61Q/maxresdefault.jpg was preloaded using link preload but not used within a few seconds from the window's load event. Please make sure it has an appropriate `as` value and it is preloaded intentionally. @ http://localhost:3000/:0
[ 9402323ms] [WARNING] The resource https://i.ytimg.com/vi/haisvt45Kdc/maxresdefault.jpg was preloaded using link preload but not used within a few seconds from the window's load event. Please make sure it has an appropriate `as` value and it is preloaded intentionally. @ http://localhost:3000/:0
[ 9402323ms] [WARNING] The resource https://i.ytimg.com/vi/VKeF820DlGU/maxresdefault.jpg was preloaded using link preload but not used within a few seconds from the window's load event. Please make sure it has an appropriate `as` value and it is preloaded intentionally. @ http://localhost:3000/:0
[ 9406796ms] [LOG] [Fast Refresh] rebuilding @ http://localhost:3000/_next/static/chunks/node_modules_next_dist_f3530cac._.js:2297
[ 9407036ms] [LOG] [Fast Refresh] done in 307ms @ http://localhost:3000/_next/static/chunks/node_modules_next_dist_f3530cac._.js:2297
[ 9410018ms] [WARNING] The resource https://i.ytimg.com/vi/732dkRJZOLE/maxresdefault.jpg was preloaded using link preload but not used within a few seconds from the window's load event. Please make sure it has an appropriate `as` value and it is preloaded intentionally. @ http://localhost:3000/:0
[ 9410018ms] [WARNING] The resource https://i.ytimg.com/vi/-KnzDx8UV5M/maxresdefault.jpg was preloaded using link preload but not used within a few seconds from the window's load event. Please make sure it has an appropriate `as` value and it is preloaded intentionally. @ http://localhost:3000/:0
[ 9410018ms] [WARNING] The resource https://i.ytimg.com/vi/cXFQuxZF61Q/maxresdefault.jpg was preloaded using link preload but not used within a few seconds from the window's load event. Please make sure it has an appropriate `as` value and it is preloaded intentionally. @ http://localhost:3000/:0
[ 9410018ms] [WARNING] The resource https://i.ytimg.com/vi/haisvt45Kdc/maxresdefault.jpg was preloaded using link preload but not used within a few seconds from the window's load event. Please make sure it has an appropriate `as` value and it is preloaded intentionally. @ http://localhost:3000/:0
[ 9410018ms] [WARNING] The resource https://i.ytimg.com/vi/VKeF820DlGU/maxresdefault.jpg was preloaded using link preload but not used within a few seconds from the window's load event. Please make sure it has an appropriate `as` value and it is preloaded intentionally. @ http://localhost:3000/:0
[ 9425839ms] [WARNING] The resource https://i.ytimg.com/vi/732dkRJZOLE/maxresdefault.jpg was preloaded using link preload but not used within a few seconds from the window's load event. Please make sure it has an appropriate `as` value and it is preloaded intentionally. @ http://localhost:3000/:0
[ 9425839ms] [WARNING] The resource https://i.ytimg.com/vi/-KnzDx8UV5M/maxresdefault.jpg was preloaded using link preload but not used within a few seconds from the window's load event. Please make sure it has an appropriate `as` value and it is preloaded intentionally. @ http://localhost:3000/:0
[ 9425839ms] [WARNING] The resource https://i.ytimg.com/vi/cXFQuxZF61Q/maxresdefault.jpg was preloaded using link preload but not used within a few seconds from the window's load event. Please make sure it has an appropriate `as` value and it is preloaded intentionally. @ http://localhost:3000/:0
[ 9425839ms] [WARNING] The resource https://i.ytimg.com/vi/haisvt45Kdc/maxresdefault.jpg was preloaded using link preload but not used within a few seconds from the window's load event. Please make sure it has an appropriate `as` value and it is preloaded intentionally. @ http://localhost:3000/:0
[ 9425839ms] [WARNING] The resource https://i.ytimg.com/vi/VKeF820DlGU/maxresdefault.jpg was preloaded using link preload but not used within a few seconds from the window's load event. Please make sure it has an appropriate `as` value and it is preloaded intentionally. @ http://localhost:3000/:0
[ 9437773ms] [WARNING] The resource https://i.ytimg.com/vi/732dkRJZOLE/maxresdefault.jpg was preloaded using link preload but not used within a few seconds from the window's load event. Please make sure it has an appropriate `as` value and it is preloaded intentionally. @ http://localhost:3000/:0
[ 9437774ms] [WARNING] The resource https://i.ytimg.com/vi/-KnzDx8UV5M/maxresdefault.jpg was preloaded using link preload but not used within a few seconds from the window's load event. Please make sure it has an appropriate `as` value and it is preloaded intentionally. @ http://localhost:3000/:0
[ 9437774ms] [WARNING] The resource https://i.ytimg.com/vi/cXFQuxZF61Q/maxresdefault.jpg was preloaded using link preload but not used within a few seconds from the window's load event. Please make sure it has an appropriate `as` value and it is preloaded intentionally. @ http://localhost:3000/:0
[ 9437774ms] [WARNING] The resource https://i.ytimg.com/vi/haisvt45Kdc/maxresdefault.jpg was preloaded using link preload but not used within a few seconds from the window's load event. Please make sure it has an appropriate `as` value and it is preloaded intentionally. @ http://localhost:3000/:0
[ 9437774ms] [WARNING] The resource https://i.ytimg.com/vi/VKeF820DlGU/maxresdefault.jpg was preloaded using link preload but not used within a few seconds from the window's load event. Please make sure it has an appropriate `as` value and it is preloaded intentionally. @ http://localhost:3000/:0
[ 9461292ms] [WARNING] The resource https://i.ytimg.com/vi/732dkRJZOLE/maxresdefault.jpg was preloaded using link preload but not used within a few seconds from the window's load event. Please make sure it has an appropriate `as` value and it is preloaded intentionally. @ http://localhost:3000/:0
[ 9461292ms] [WARNING] The resource https://i.ytimg.com/vi/-KnzDx8UV5M/maxresdefault.jpg was preloaded using link preload but not used within a few seconds from the window's load event. Please make sure it has an appropriate `as` value and it is preloaded intentionally. @ http://localhost:3000/:0
[ 9461292ms] [WARNING] The resource https://i.ytimg.com/vi/cXFQuxZF61Q/maxresdefault.jpg was preloaded using link preload but not used within a few seconds from the window's load event. Please make sure it has an appropriate `as` value and it is preloaded intentionally. @ http://localhost:3000/:0
[ 9461292ms] [WARNING] The resource https://i.ytimg.com/vi/haisvt45Kdc/maxresdefault.jpg was preloaded using link preload but not used within a few seconds from the window's load event. Please make sure it has an appropriate `as` value and it is preloaded intentionally. @ http://localhost:3000/:0
[ 9461292ms] [WARNING] The resource https://i.ytimg.com/vi/VKeF820DlGU/maxresdefault.jpg was preloaded using link preload but not used within a few seconds from the window's load event. Please make sure it has an appropriate `as` value and it is preloaded intentionally. @ http://localhost:3000/:0
[ 9473229ms] [WARNING] The resource https://i.ytimg.com/vi/732dkRJZOLE/maxresdefault.jpg was preloaded using link preload but not used within a few seconds from the window's load event. Please make sure it has an appropriate `as` value and it is preloaded intentionally. @ http://localhost:3000/:0
[ 9473229ms] [WARNING] The resource https://i.ytimg.com/vi/-KnzDx8UV5M/maxresdefault.jpg was preloaded using link preload but not used within a few seconds from the window's load event. Please make sure it has an appropriate `as` value and it is preloaded intentionally. @ http://localhost:3000/:0
[ 9473229ms] [WARNING] The resource https://i.ytimg.com/vi/cXFQuxZF61Q/maxresdefault.jpg was preloaded using link preload but not used within a few seconds from the window's load event. Please make sure it has an appropriate `as` value and it is preloaded intentionally. @ http://localhost:3000/:0
[ 9473229ms] [WARNING] The resource https://i.ytimg.com/vi/haisvt45Kdc/maxresdefault.jpg was preloaded using link preload but not used within a few seconds from the window's load event. Please make sure it has an appropriate `as` value and it is preloaded intentionally. @ http://localhost:3000/:0
[ 9473229ms] [WARNING] The resource https://i.ytimg.com/vi/VKeF820DlGU/maxresdefault.jpg was preloaded using link preload but not used within a few seconds from the window's load event. Please make sure it has an appropriate `as` value and it is preloaded intentionally. @ http://localhost:3000/:0
[ 9496720ms] [WARNING] The resource https://i.ytimg.com/vi/732dkRJZOLE/maxresdefault.jpg was preloaded using link preload but not used within a few seconds from the window's load event. Please make sure it has an appropriate `as` value and it is preloaded intentionally. @ http://localhost:3000/:0
[ 9496720ms] [WARNING] The resource https://i.ytimg.com/vi/-KnzDx8UV5M/maxresdefault.jpg was preloaded using link preload but not used within a few seconds from the window's load event. Please make sure it has an appropriate `as` value and it is preloaded intentionally. @ http://localhost:3000/:0
[ 9496720ms] [WARNING] The resource https://i.ytimg.com/vi/cXFQuxZF61Q/maxresdefault.jpg was preloaded using link preload but not used within a few seconds from the window's load event. Please make sure it has an appropriate `as` value and it is preloaded intentionally. @ http://localhost:3000/:0
[ 9496720ms] [WARNING] The resource https://i.ytimg.com/vi/haisvt45Kdc/maxresdefault.jpg was preloaded using link preload but not used within a few seconds from the window's load event. Please make sure it has an appropriate `as` value and it is preloaded intentionally. @ http://localhost:3000/:0
[ 9496720ms] [WARNING] The resource https://i.ytimg.com/vi/VKeF820DlGU/maxresdefault.jpg was preloaded using link preload but not used within a few seconds from the window's load event. Please make sure it has an appropriate `as` value and it is preloaded intentionally. @ http://localhost:3000/:0
[ 9508681ms] [WARNING] The resource https://i.ytimg.com/vi/732dkRJZOLE/maxresdefault.jpg was preloaded using link preload but not used within a few seconds from the window's load event. Please make sure it has an appropriate `as` value and it is preloaded intentionally. @ http://localhost:3000/:0
[ 9508681ms] [WARNING] The resource https://i.ytimg.com/vi/-KnzDx8UV5M/maxresdefault.jpg was preloaded using link preload but not used within a few seconds from the window's load event. Please make sure it has an appropriate `as` value and it is preloaded intentionally. @ http://localhost:3000/:0
[ 9508681ms] [WARNING] The resource https://i.ytimg.com/vi/cXFQuxZF61Q/maxresdefault.jpg was preloaded using link preload but not used within a few seconds from the window's load event. Please make sure it has an appropriate `as` value and it is preloaded intentionally. @ http://localhost:3000/:0
[ 9508681ms] [WARNING] The resource https://i.ytimg.com/vi/haisvt45Kdc/maxresdefault.jpg was preloaded using link preload but not used within a few seconds from the window's load event. Please make sure it has an appropriate `as` value and it is preloaded intentionally. @ http://localhost:3000/:0
[ 9508681ms] [WARNING] The resource https://i.ytimg.com/vi/VKeF820DlGU/maxresdefault.jpg was preloaded using link preload but not used within a few seconds from the window's load event. Please make sure it has an appropriate `as` value and it is preloaded intentionally. @ http://localhost:3000/:0
[ 9532211ms] [WARNING] The resource https://i.ytimg.com/vi/732dkRJZOLE/maxresdefault.jpg was preloaded using link preload but not used within a few seconds from the window's load event. Please make sure it has an appropriate `as` value and it is preloaded intentionally. @ http://localhost:3000/:0
[ 9532212ms] [WARNING] The resource https://i.ytimg.com/vi/-KnzDx8UV5M/maxresdefault.jpg was preloaded using link preload but not used within a few seconds from the window's load event. Please make sure it has an appropriate `as` value and it is preloaded intentionally. @ http://localhost:3000/:0
[ 9532212ms] [WARNING] The resource https://i.ytimg.com/vi/cXFQuxZF61Q/maxresdefault.jpg was preloaded using link preload but not used within a few seconds from the window's load event. Please make sure it has an appropriate `as` value and it is preloaded intentionally. @ http://localhost:3000/:0
[ 9532212ms] [WARNING] The resource https://i.ytimg.com/vi/haisvt45Kdc/maxresdefault.jpg was preloaded using link preload but not used within a few seconds from the window's load event. Please make sure it has an appropriate `as` value and it is preloaded intentionally. @ http://localhost:3000/:0
[ 9532212ms] [WARNING] The resource https://i.ytimg.com/vi/VKeF820DlGU/maxresdefault.jpg was preloaded using link preload but not used within a few seconds from the window's load event. Please make sure it has an appropriate `as` value and it is preloaded intentionally. @ http://localhost:3000/:0
[ 9544150ms] [WARNING] The resource https://i.ytimg.com/vi/732dkRJZOLE/maxresdefault.jpg was preloaded using link preload but not used within a few seconds from the window's load event. Please make sure it has an appropriate `as` value and it is preloaded intentionally. @ http://localhost:3000/:0
[ 9544150ms] [WARNING] The resource https://i.ytimg.com/vi/-KnzDx8UV5M/maxresdefault.jpg was preloaded using link preload but not used within a few seconds from the window's load event. Please make sure it has an appropriate `as` value and it is preloaded intentionally. @ http://localhost:3000/:0
[ 9544150ms] [WARNING] The resource https://i.ytimg.com/vi/cXFQuxZF61Q/maxresdefault.jpg was preloaded using link preload but not used within a few seconds from the window's load event. Please make sure it has an appropriate `as` value and it is preloaded intentionally. @ http://localhost:3000/:0
[ 9544150ms] [WARNING] The resource https://i.ytimg.com/vi/haisvt45Kdc/maxresdefault.jpg was preloaded using link preload but not used within a few seconds from the window's load event. Please make sure it has an appropriate `as` value and it is preloaded intentionally. @ http://localhost:3000/:0
[ 9544150ms] [WARNING] The resource https://i.ytimg.com/vi/VKeF820DlGU/maxresdefault.jpg was preloaded using link preload but not used within a few seconds from the window's load event. Please make sure it has an appropriate `as` value and it is preloaded intentionally. @ http://localhost:3000/:0
[ 9567654ms] [WARNING] The resource https://i.ytimg.com/vi/732dkRJZOLE/maxresdefault.jpg was preloaded using link preload but not used within a few seconds from the window's load event. Please make sure it has an appropriate `as` value and it is preloaded intentionally. @ http://localhost:3000/:0
[ 9567655ms] [WARNING] The resource https://i.ytimg.com/vi/-KnzDx8UV5M/maxresdefault.jpg was preloaded using link preload but not used within a few seconds from the window's load event. Please make sure it has an appropriate `as` value and it is preloaded intentionally. @ http://localhost:3000/:0
[ 9567655ms] [WARNING] The resource https://i.ytimg.com/vi/cXFQuxZF61Q/maxresdefault.jpg was preloaded using link preload but not used within a few seconds from the window's load event. Please make sure it has an appropriate `as` value and it is preloaded intentionally. @ http://localhost:3000/:0
[ 9567655ms] [WARNING] The resource https://i.ytimg.com/vi/haisvt45Kdc/maxresdefault.jpg was preloaded using link preload but not used within a few seconds from the window's load event. Please make sure it has an appropriate `as` value and it is preloaded intentionally. @ http://localhost:3000/:0
[ 9567655ms] [WARNING] The resource https://i.ytimg.com/vi/VKeF820DlGU/maxresdefault.jpg was preloaded using link preload but not used within a few seconds from the window's load event. Please make sure it has an appropriate `as` value and it is preloaded intentionally. @ http://localhost:3000/:0
[ 9579605ms] [WARNING] The resource https://i.ytimg.com/vi/732dkRJZOLE/maxresdefault.jpg was preloaded using link preload but not used within a few seconds from the window's load event. Please make sure it has an appropriate `as` value and it is preloaded intentionally. @ http://localhost:3000/:0
[ 9579605ms] [WARNING] The resource https://i.ytimg.com/vi/-KnzDx8UV5M/maxresdefault.jpg was preloaded using link preload but not used within a few seconds from the window's load event. Please make sure it has an appropriate `as` value and it is preloaded intentionally. @ http://localhost:3000/:0
[ 9579605ms] [WARNING] The resource https://i.ytimg.com/vi/cXFQuxZF61Q/maxresdefault.jpg was preloaded using link preload but not used within a few seconds from the window's load event. Please make sure it has an appropriate `as` value and it is preloaded intentionally. @ http://localhost:3000/:0
[ 9579605ms] [WARNING] The resource https://i.ytimg.com/vi/haisvt45Kdc/maxresdefault.jpg was preloaded using link preload but not used within a few seconds from the window's load event. Please make sure it has an appropriate `as` value and it is preloaded intentionally. @ http://localhost:3000/:0
[ 9579605ms] [WARNING] The resource https://i.ytimg.com/vi/VKeF820DlGU/maxresdefault.jpg was preloaded using link preload but not used within a few seconds from the window's load event. Please make sure it has an appropriate `as` value and it is preloaded intentionally. @ http://localhost:3000/:0
[ 9603087ms] [WARNING] The resource https://i.ytimg.com/vi/732dkRJZOLE/maxresdefault.jpg was preloaded using link preload but not used within a few seconds from the window's load event. Please make sure it has an appropriate `as` value and it is preloaded intentionally. @ http://localhost:3000/:0
[ 9603087ms] [WARNING] The resource https://i.ytimg.com/vi/-KnzDx8UV5M/maxresdefault.jpg was preloaded using link preload but not used within a few seconds from the window's load event. Please make sure it has an appropriate `as` value and it is preloaded intentionally. @ http://localhost:3000/:0
[ 9603087ms] [WARNING] The resource https://i.ytimg.com/vi/cXFQuxZF61Q/maxresdefault.jpg was preloaded using link preload but not used within a few seconds from the window's load event. Please make sure it has an appropriate `as` value and it is preloaded intentionally. @ http://localhost:3000/:0
[ 9603087ms] [WARNING] The resource https://i.ytimg.com/vi/haisvt45Kdc/maxresdefault.jpg was preloaded using link preload but not used within a few seconds from the window's load event. Please make sure it has an appropriate `as` value and it is preloaded intentionally. @ http://localhost:3000/:0
[ 9603087ms] [WARNING] The resource https://i.ytimg.com/vi/VKeF820DlGU/maxresdefault.jpg was preloaded using link preload but not used within a few seconds from the window's load event. Please make sure it has an appropriate `as` value and it is preloaded intentionally. @ http://localhost:3000/:0
[ 9615042ms] [WARNING] The resource https://i.ytimg.com/vi/732dkRJZOLE/maxresdefault.jpg was preloaded using link preload but not used within a few seconds from the window's load event. Please make sure it has an appropriate `as` value and it is preloaded intentionally. @ http://localhost:3000/:0
[ 9615042ms] [WARNING] The resource https://i.ytimg.com/vi/-KnzDx8UV5M/maxresdefault.jpg was preloaded using link preload but not used within a few seconds from the window's load event. Please make sure it has an appropriate `as` value and it is preloaded intentionally. @ http://localhost:3000/:0
[ 9615042ms] [WARNING] The resource https://i.ytimg.com/vi/cXFQuxZF61Q/maxresdefault.jpg was preloaded using link preload but not used within a few seconds from the window's load event. Please make sure it has an appropriate `as` value and it is preloaded intentionally. @ http://localhost:3000/:0
[ 9615042ms] [WARNING] The resource https://i.ytimg.com/vi/haisvt45Kdc/maxresdefault.jpg was preloaded using link preload but not used within a few seconds from the window's load event. Please make sure it has an appropriate `as` value and it is preloaded intentionally. @ http://localhost:3000/:0
[ 9615042ms] [WARNING] The resource https://i.ytimg.com/vi/VKeF820DlGU/maxresdefault.jpg was preloaded using link preload but not used within a few seconds from the window's load event. Please make sure it has an appropriate `as` value and it is preloaded intentionally. @ http://localhost:3000/:0
[ 9638516ms] [WARNING] The resource https://i.ytimg.com/vi/732dkRJZOLE/maxresdefault.jpg was preloaded using link preload but not used within a few seconds from the window's load event. Please make sure it has an appropriate `as` value and it is preloaded intentionally. @ http://localhost:3000/:0
[ 9638516ms] [WARNING] The resource https://i.ytimg.com/vi/-KnzDx8UV5M/maxresdefault.jpg was preloaded using link preload but not used within a few seconds from the window's load event. Please make sure it has an appropriate `as` value and it is preloaded intentionally. @ http://localhost:3000/:0
[ 9638516ms] [WARNING] The resource https://i.ytimg.com/vi/cXFQuxZF61Q/maxresdefault.jpg was preloaded using link preload but not used within a few seconds from the window's load event. Please make sure it has an appropriate `as` value and it is preloaded intentionally. @ http://localhost:3000/:0
[ 9638516ms] [WARNING] The resource https://i.ytimg.com/vi/haisvt45Kdc/maxresdefault.jpg was preloaded using link preload but not used within a few seconds from the window's load event. Please make sure it has an appropriate `as` value and it is preloaded intentionally. @ http://localhost:3000/:0
[ 9638516ms] [WARNING] The resource https://i.ytimg.com/vi/VKeF820DlGU/maxresdefault.jpg was preloaded using link preload but not used within a few seconds from the window's load event. Please make sure it has an appropriate `as` value and it is preloaded intentionally. @ http://localhost:3000/:0
[ 9650435ms] [WARNING] The resource https://i.ytimg.com/vi/732dkRJZOLE/maxresdefault.jpg was preloaded using link preload but not used within a few seconds from the window's load event. Please make sure it has an appropriate `as` value and it is preloaded intentionally. @ http://localhost:3000/:0
[ 9650435ms] [WARNING] The resource https://i.ytimg.com/vi/-KnzDx8UV5M/maxresdefault.jpg was preloaded using link preload but not used within a few seconds from the window's load event. Please make sure it has an appropriate `as` value and it is preloaded intentionally. @ http://localhost:3000/:0
[ 9650435ms] [WARNING] The resource https://i.ytimg.com/vi/cXFQuxZF61Q/maxresdefault.jpg was preloaded using link preload but not used within a few seconds from the window's load event. Please make sure it has an appropriate `as` value and it is preloaded intentionally. @ http://localhost:3000/:0
[ 9650435ms] [WARNING] The resource https://i.ytimg.com/vi/haisvt45Kdc/maxresdefault.jpg was preloaded using link preload but not used within a few seconds from the window's load event. Please make sure it has an appropriate `as` value and it is preloaded intentionally. @ http://localhost:3000/:0
[ 9650435ms] [WARNING] The resource https://i.ytimg.com/vi/VKeF820DlGU/maxresdefault.jpg was preloaded using link preload but not used within a few seconds from the window's load event. Please make sure it has an appropriate `as` value and it is preloaded intentionally. @ http://localhost:3000/:0
[ 9673973ms] [WARNING] The resource https://i.ytimg.com/vi/732dkRJZOLE/maxresdefault.jpg was preloaded using link preload but not used within a few seconds from the window's load event. Please make sure it has an appropriate `as` value and it is preloaded intentionally. @ http://localhost:3000/:0
[ 9673973ms] [WARNING] The resource https://i.ytimg.com/vi/-KnzDx8UV5M/maxresdefault.jpg was preloaded using link preload but not used within a few seconds from the window's load event. Please make sure it has an appropriate `as` value and it is preloaded intentionally. @ http://localhost:3000/:0
[ 9673973ms] [WARNING] The resource https://i.ytimg.com/vi/cXFQuxZF61Q/maxresdefault.jpg was preloaded using link preload but not used within a few seconds from the window's load event. Please make sure it has an appropriate `as` value and it is preloaded intentionally. @ http://localhost:3000/:0
[ 9673973ms] [WARNING] The resource https://i.ytimg.com/vi/haisvt45Kdc/maxresdefault.jpg was preloaded using link preload but not used within a few seconds from the window's load event. Please make sure it has an appropriate `as` value and it is preloaded intentionally. @ http://localhost:3000/:0
[ 9673973ms] [WARNING] The resource https://i.ytimg.com/vi/VKeF820DlGU/maxresdefault.jpg was preloaded using link preload but not used within a few seconds from the window's load event. Please make sure it has an appropriate `as` value and it is preloaded intentionally. @ http://localhost:3000/:0
[ 9685912ms] [WARNING] The resource https://i.ytimg.com/vi/732dkRJZOLE/maxresdefault.jpg was preloaded using link preload but not used within a few seconds from the window's load event. Please make sure it has an appropriate `as` value and it is preloaded intentionally. @ http://localhost:3000/:0
[ 9685912ms] [WARNING] The resource https://i.ytimg.com/vi/-KnzDx8UV5M/maxresdefault.jpg was preloaded using link preload but not used within a few seconds from the window's load event. Please make sure it has an appropriate `as` value and it is preloaded intentionally. @ http://localhost:3000/:0
[ 9685912ms] [WARNING] The resource https://i.ytimg.com/vi/cXFQuxZF61Q/maxresdefault.jpg was preloaded using link preload but not used within a few seconds from the window's load event. Please make sure it has an appropriate `as` value and it is preloaded intentionally. @ http://localhost:3000/:0
[ 9685912ms] [WARNING] The resource https://i.ytimg.com/vi/haisvt45Kdc/maxresdefault.jpg was preloaded using link preload but not used within a few seconds from the window's load event. Please make sure it has an appropriate `as` value and it is preloaded intentionally. @ http://localhost:3000/:0
[ 9685912ms] [WARNING] The resource https://i.ytimg.com/vi/VKeF820DlGU/maxresdefault.jpg was preloaded using link preload but not used within a few seconds from the window's load event. Please make sure it has an appropriate `as` value and it is preloaded intentionally. @ http://localhost:3000/:0
[ 9709413ms] [WARNING] The resource https://i.ytimg.com/vi/732dkRJZOLE/maxresdefault.jpg was preloaded using link preload but not used within a few seconds from the window's load event. Please make sure it has an appropriate `as` value and it is preloaded intentionally. @ http://localhost:3000/:0
[ 9709413ms] [WARNING] The resource https://i.ytimg.com/vi/-KnzDx8UV5M/maxresdefault.jpg was preloaded using link preload but not used within a few seconds from the window's load event. Please make sure it has an appropriate `as` value and it is preloaded intentionally. @ http://localhost:3000/:0
[ 9709413ms] [WARNING] The resource https://i.ytimg.com/vi/cXFQuxZF61Q/maxresdefault.jpg was preloaded using link preload but not used within a few seconds from the window's load event. Please make sure it has an appropriate `as` value and it is preloaded intentionally. @ http://localhost:3000/:0
[ 9709413ms] [WARNING] The resource https://i.ytimg.com/vi/haisvt45Kdc/maxresdefault.jpg was preloaded using link preload but not used within a few seconds from the window's load event. Please make sure it has an appropriate `as` value and it is preloaded intentionally. @ http://localhost:3000/:0
[ 9709413ms] [WARNING] The resource https://i.ytimg.com/vi/VKeF820DlGU/maxresdefault.jpg was preloaded using link preload but not used within a few seconds from the window's load event. Please make sure it has an appropriate `as` value and it is preloaded intentionally. @ http://localhost:3000/:0
[ 9719124ms] [LOG] [Fast Refresh] rebuilding @ http://localhost:3000/_next/static/chunks/node_modules_next_dist_f3530cac._.js:2297
[ 9720438ms] [LOG] [Fast Refresh] done in 1411ms @ http://localhost:3000/_next/static/chunks/node_modules_next_dist_f3530cac._.js:2297
[ 9720629ms] [LOG] [Fast Refresh] rebuilding @ http://localhost:3000/_next/static/chunks/node_modules_next_dist_f3530cac._.js:2297
[ 9721120ms] [LOG] [Fast Refresh] done in 591ms @ http://localhost:3000/_next/static/chunks/node_modules_next_dist_f3530cac._.js:2297
[ 9724308ms] [WARNING] The resource https://i.ytimg.com/vi/732dkRJZOLE/maxresdefault.jpg was preloaded using link preload but not used within a few seconds from the window's load event. Please make sure it has an appropriate `as` value and it is preloaded intentionally. @ http://localhost:3000/:0
[ 9724308ms] [WARNING] The resource https://i.ytimg.com/vi/-KnzDx8UV5M/maxresdefault.jpg was preloaded using link preload but not used within a few seconds from the window's load event. Please make sure it has an appropriate `as` value and it is preloaded intentionally. @ http://localhost:3000/:0
[ 9724309ms] [WARNING] The resource https://i.ytimg.com/vi/cXFQuxZF61Q/maxresdefault.jpg was preloaded using link preload but not used within a few seconds from the window's load event. Please make sure it has an appropriate `as` value and it is preloaded intentionally. @ http://localhost:3000/:0
[ 9724309ms] [WARNING] The resource https://i.ytimg.com/vi/haisvt45Kdc/maxresdefault.jpg was preloaded using link preload but not used within a few seconds from the window's load event. Please make sure it has an appropriate `as` value and it is preloaded intentionally. @ http://localhost:3000/:0
[ 9724309ms] [WARNING] The resource https://i.ytimg.com/vi/VKeF820DlGU/maxresdefault.jpg was preloaded using link preload but not used within a few seconds from the window's load event. Please make sure it has an appropriate `as` value and it is preloaded intentionally. @ http://localhost:3000/:0
[ 9743346ms] [LOG] [Fast Refresh] rebuilding @ http://localhost:3000/_next/static/chunks/node_modules_next_dist_f3530cac._.js:2297
[ 9743702ms] [LOG] [Fast Refresh] done in 459ms @ http://localhost:3000/_next/static/chunks/node_modules_next_dist_f3530cac._.js:2297
[ 9746662ms] [WARNING] The resource https://i.ytimg.com/vi/732dkRJZOLE/maxresdefault.jpg was preloaded using link preload but not used within a few seconds from the window's load event. Please make sure it has an appropriate `as` value and it is preloaded intentionally. @ http://localhost:3000/:0
[ 9746662ms] [WARNING] The resource https://i.ytimg.com/vi/-KnzDx8UV5M/maxresdefault.jpg was preloaded using link preload but not used within a few seconds from the window's load event. Please make sure it has an appropriate `as` value and it is preloaded intentionally. @ http://localhost:3000/:0
[ 9746662ms] [WARNING] The resource https://i.ytimg.com/vi/cXFQuxZF61Q/maxresdefault.jpg was preloaded using link preload but not used within a few seconds from the window's load event. Please make sure it has an appropriate `as` value and it is preloaded intentionally. @ http://localhost:3000/:0
[ 9746662ms] [WARNING] The resource https://i.ytimg.com/vi/haisvt45Kdc/maxresdefault.jpg was preloaded using link preload but not used within a few seconds from the window's load event. Please make sure it has an appropriate `as` value and it is preloaded intentionally. @ http://localhost:3000/:0
[ 9746662ms] [WARNING] The resource https://i.ytimg.com/vi/VKeF820DlGU/maxresdefault.jpg was preloaded using link preload but not used within a few seconds from the window's load event. Please make sure it has an appropriate `as` value and it is preloaded intentionally. @ http://localhost:3000/:0
[ 9756859ms] [WARNING] The resource https://i.ytimg.com/vi/732dkRJZOLE/maxresdefault.jpg was preloaded using link preload but not used within a few seconds from the window's load event. Please make sure it has an appropriate `as` value and it is preloaded intentionally. @ http://localhost:3000/:0
[ 9756859ms] [WARNING] The resource https://i.ytimg.com/vi/-KnzDx8UV5M/maxresdefault.jpg was preloaded using link preload but not used within a few seconds from the window's load event. Please make sure it has an appropriate `as` value and it is preloaded intentionally. @ http://localhost:3000/:0
[ 9756859ms] [WARNING] The resource https://i.ytimg.com/vi/cXFQuxZF61Q/maxresdefault.jpg was preloaded using link preload but not used within a few seconds from the window's load event. Please make sure it has an appropriate `as` value and it is preloaded intentionally. @ http://localhost:3000/:0
[ 9756859ms] [WARNING] The resource https://i.ytimg.com/vi/haisvt45Kdc/maxresdefault.jpg was preloaded using link preload but not used within a few seconds from the window's load event. Please make sure it has an appropriate `as` value and it is preloaded intentionally. @ http://localhost:3000/:0
[ 9756859ms] [WARNING] The resource https://i.ytimg.com/vi/VKeF820DlGU/maxresdefault.jpg was preloaded using link preload but not used within a few seconds from the window's load event. Please make sure it has an appropriate `as` value and it is preloaded intentionally. @ http://localhost:3000/:0
[ 9761462ms] [LOG] [Fast Refresh] rebuilding @ http://localhost:3000/_next/static/chunks/node_modules_next_dist_f3530cac._.js:2297
[ 9761472ms] [LOG] [Fast Refresh] done in 116ms @ http://localhost:3000/_next/static/chunks/node_modules_next_dist_f3530cac._.js:2297
[ 9780379ms] [WARNING] The resource https://i.ytimg.com/vi/732dkRJZOLE/maxresdefault.jpg was preloaded using link preload but not used within a few seconds from the window's load event. Please make sure it has an appropriate `as` value and it is preloaded intentionally. @ http://localhost:3000/:0
[ 9780379ms] [WARNING] The resource https://i.ytimg.com/vi/-KnzDx8UV5M/maxresdefault.jpg was preloaded using link preload but not used within a few seconds from the window's load event. Please make sure it has an appropriate `as` value and it is preloaded intentionally. @ http://localhost:3000/:0
[ 9780379ms] [WARNING] The resource https://i.ytimg.com/vi/cXFQuxZF61Q/maxresdefault.jpg was preloaded using link preload but not used within a few seconds from the window's load event. Please make sure it has an appropriate `as` value and it is preloaded intentionally. @ http://localhost:3000/:0
[ 9780379ms] [WARNING] The resource https://i.ytimg.com/vi/haisvt45Kdc/maxresdefault.jpg was preloaded using link preload but not used within a few seconds from the window's load event. Please make sure it has an appropriate `as` value and it is preloaded intentionally. @ http://localhost:3000/:0
[ 9780379ms] [WARNING] The resource https://i.ytimg.com/vi/VKeF820DlGU/maxresdefault.jpg was preloaded using link preload but not used within a few seconds from the window's load event. Please make sure it has an appropriate `as` value and it is preloaded intentionally. @ http://localhost:3000/:0
[ 9792316ms] [WARNING] The resource https://i.ytimg.com/vi/732dkRJZOLE/maxresdefault.jpg was preloaded using link preload but not used within a few seconds from the window's load event. Please make sure it has an appropriate `as` value and it is preloaded intentionally. @ http://localhost:3000/:0
[ 9792316ms] [WARNING] The resource https://i.ytimg.com/vi/-KnzDx8UV5M/maxresdefault.jpg was preloaded using link preload but not used within a few seconds from the window's load event. Please make sure it has an appropriate `as` value and it is preloaded intentionally. @ http://localhost:3000/:0
[ 9792316ms] [WARNING] The resource https://i.ytimg.com/vi/cXFQuxZF61Q/maxresdefault.jpg was preloaded using link preload but not used within a few seconds from the window's load event. Please make sure it has an appropriate `as` value and it is preloaded intentionally. @ http://localhost:3000/:0
[ 9792316ms] [WARNING] The resource https://i.ytimg.com/vi/haisvt45Kdc/maxresdefault.jpg was preloaded using link preload but not used within a few seconds from the window's load event. Please make sure it has an appropriate `as` value and it is preloaded intentionally. @ http://localhost:3000/:0
[ 9792316ms] [WARNING] The resource https://i.ytimg.com/vi/VKeF820DlGU/maxresdefault.jpg was preloaded using link preload but not used within a few seconds from the window's load event. Please make sure it has an appropriate `as` value and it is preloaded intentionally. @ http://localhost:3000/:0
[ 9815816ms] [WARNING] The resource https://i.ytimg.com/vi/732dkRJZOLE/maxresdefault.jpg was preloaded using link preload but not used within a few seconds from the window's load event. Please make sure it has an appropriate `as` value and it is preloaded intentionally. @ http://localhost:3000/:0
[ 9815817ms] [WARNING] The resource https://i.ytimg.com/vi/-KnzDx8UV5M/maxresdefault.jpg was preloaded using link preload but not used within a few seconds from the window's load event. Please make sure it has an appropriate `as` value and it is preloaded intentionally. @ http://localhost:3000/:0
[ 9815817ms] [WARNING] The resource https://i.ytimg.com/vi/cXFQuxZF61Q/maxresdefault.jpg was preloaded using link preload but not used within a few seconds from the window's load event. Please make sure it has an appropriate `as` value and it is preloaded intentionally. @ http://localhost:3000/:0
[ 9815817ms] [WARNING] The resource https://i.ytimg.com/vi/haisvt45Kdc/maxresdefault.jpg was preloaded using link preload but not used within a few seconds from the window's load event. Please make sure it has an appropriate `as` value and it is preloaded intentionally. @ http://localhost:3000/:0
[ 9815817ms] [WARNING] The resource https://i.ytimg.com/vi/VKeF820DlGU/maxresdefault.jpg was preloaded using link preload but not used within a few seconds from the window's load event. Please make sure it has an appropriate `as` value and it is preloaded intentionally. @ http://localhost:3000/:0
[ 9827763ms] [WARNING] The resource https://i.ytimg.com/vi/732dkRJZOLE/maxresdefault.jpg was preloaded using link preload but not used within a few seconds from the window's load event. Please make sure it has an appropriate `as` value and it is preloaded intentionally. @ http://localhost:3000/:0
[ 9827763ms] [WARNING] The resource https://i.ytimg.com/vi/-KnzDx8UV5M/maxresdefault.jpg was preloaded using link preload but not used within a few seconds from the window's load event. Please make sure it has an appropriate `as` value and it is preloaded intentionally. @ http://localhost:3000/:0
[ 9827763ms] [WARNING] The resource https://i.ytimg.com/vi/cXFQuxZF61Q/maxresdefault.jpg was preloaded using link preload but not used within a few seconds from the window's load event. Please make sure it has an appropriate `as` value and it is preloaded intentionally. @ http://localhost:3000/:0
[ 9827763ms] [WARNING] The resource https://i.ytimg.com/vi/haisvt45Kdc/maxresdefault.jpg was preloaded using link preload but not used within a few seconds from the window's load event. Please make sure it has an appropriate `as` value and it is preloaded intentionally. @ http://localhost:3000/:0
[ 9827763ms] [WARNING] The resource https://i.ytimg.com/vi/VKeF820DlGU/maxresdefault.jpg was preloaded using link preload but not used within a few seconds from the window's load event. Please make sure it has an appropriate `as` value and it is preloaded intentionally. @ http://localhost:3000/:0
[ 9851262ms] [WARNING] The resource https://i.ytimg.com/vi/732dkRJZOLE/maxresdefault.jpg was preloaded using link preload but not used within a few seconds from the window's load event. Please make sure it has an appropriate `as` value and it is preloaded intentionally. @ http://localhost:3000/:0
[ 9851262ms] [WARNING] The resource https://i.ytimg.com/vi/-KnzDx8UV5M/maxresdefault.jpg was preloaded using link preload but not used within a few seconds from the window's load event. Please make sure it has an appropriate `as` value and it is preloaded intentionally. @ http://localhost:3000/:0
[ 9851262ms] [WARNING] The resource https://i.ytimg.com/vi/cXFQuxZF61Q/maxresdefault.jpg was preloaded using link preload but not used within a few seconds from the window's load event. Please make sure it has an appropriate `as` value and it is preloaded intentionally. @ http://localhost:3000/:0
[ 9851262ms] [WARNING] The resource https://i.ytimg.com/vi/haisvt45Kdc/maxresdefault.jpg was preloaded using link preload but not used within a few seconds from the window's load event. Please make sure it has an appropriate `as` value and it is preloaded intentionally. @ http://localhost:3000/:0
[ 9851262ms] [WARNING] The resource https://i.ytimg.com/vi/VKeF820DlGU/maxresdefault.jpg was preloaded using link preload but not used within a few seconds from the window's load event. Please make sure it has an appropriate `as` value and it is preloaded intentionally. @ http://localhost:3000/:0
[ 9860111ms] [LOG] [Fast Refresh] rebuilding @ http://localhost:3000/_next/static/chunks/node_modules_next_dist_f3530cac._.js:2297
[ 9860771ms] [LOG] [Fast Refresh] done in 725ms @ http://localhost:3000/_next/static/chunks/node_modules_next_dist_f3530cac._.js:2297
[ 9863753ms] [WARNING] The resource https://i.ytimg.com/vi/732dkRJZOLE/maxresdefault.jpg was preloaded using link preload but not used within a few seconds from the window's load event. Please make sure it has an appropriate `as` value and it is preloaded intentionally. @ http://localhost:3000/:0
[ 9863753ms] [WARNING] The resource https://i.ytimg.com/vi/-KnzDx8UV5M/maxresdefault.jpg was preloaded using link preload but not used within a few seconds from the window's load event. Please make sure it has an appropriate `as` value and it is preloaded intentionally. @ http://localhost:3000/:0
[ 9863753ms] [WARNING] The resource https://i.ytimg.com/vi/cXFQuxZF61Q/maxresdefault.jpg was preloaded using link preload but not used within a few seconds from the window's load event. Please make sure it has an appropriate `as` value and it is preloaded intentionally. @ http://localhost:3000/:0
[ 9863753ms] [WARNING] The resource https://i.ytimg.com/vi/haisvt45Kdc/maxresdefault.jpg was preloaded using link preload but not used within a few seconds from the window's load event. Please make sure it has an appropriate `as` value and it is preloaded intentionally. @ http://localhost:3000/:0
[ 9863753ms] [WARNING] The resource https://i.ytimg.com/vi/VKeF820DlGU/maxresdefault.jpg was preloaded using link preload but not used within a few seconds from the window's load event. Please make sure it has an appropriate `as` value and it is preloaded intentionally. @ http://localhost:3000/:0
[ 9886724ms] [WARNING] The resource https://i.ytimg.com/vi/732dkRJZOLE/maxresdefault.jpg was preloaded using link preload but not used within a few seconds from the window's load event. Please make sure it has an appropriate `as` value and it is preloaded intentionally. @ http://localhost:3000/:0
[ 9886724ms] [WARNING] The resource https://i.ytimg.com/vi/-KnzDx8UV5M/maxresdefault.jpg was preloaded using link preload but not used within a few seconds from the window's load event. Please make sure it has an appropriate `as` value and it is preloaded intentionally. @ http://localhost:3000/:0
[ 9886724ms] [WARNING] The resource https://i.ytimg.com/vi/cXFQuxZF61Q/maxresdefault.jpg was preloaded using link preload but not used within a few seconds from the window's load event. Please make sure it has an appropriate `as` value and it is preloaded intentionally. @ http://localhost:3000/:0
[ 9886724ms] [WARNING] The resource https://i.ytimg.com/vi/haisvt45Kdc/maxresdefault.jpg was preloaded using link preload but not used within a few seconds from the window's load event. Please make sure it has an appropriate `as` value and it is preloaded intentionally. @ http://localhost:3000/:0
[ 9886724ms] [WARNING] The resource https://i.ytimg.com/vi/VKeF820DlGU/maxresdefault.jpg was preloaded using link preload but not used within a few seconds from the window's load event. Please make sure it has an appropriate `as` value and it is preloaded intentionally. @ http://localhost:3000/:0
[ 9898670ms] [WARNING] The resource https://i.ytimg.com/vi/732dkRJZOLE/maxresdefault.jpg was preloaded using link preload but not used within a few seconds from the window's load event. Please make sure it has an appropriate `as` value and it is preloaded intentionally. @ http://localhost:3000/:0
[ 9898671ms] [WARNING] The resource https://i.ytimg.com/vi/-KnzDx8UV5M/maxresdefault.jpg was preloaded using link preload but not used within a few seconds from the window's load event. Please make sure it has an appropriate `as` value and it is preloaded intentionally. @ http://localhost:3000/:0
[ 9898671ms] [WARNING] The resource https://i.ytimg.com/vi/cXFQuxZF61Q/maxresdefault.jpg was preloaded using link preload but not used within a few seconds from the window's load event. Please make sure it has an appropriate `as` value and it is preloaded intentionally. @ http://localhost:3000/:0
[ 9898671ms] [WARNING] The resource https://i.ytimg.com/vi/haisvt45Kdc/maxresdefault.jpg was preloaded using link preload but not used within a few seconds from the window's load event. Please make sure it has an appropriate `as` value and it is preloaded intentionally. @ http://localhost:3000/:0
[ 9898671ms] [WARNING] The resource https://i.ytimg.com/vi/VKeF820DlGU/maxresdefault.jpg was preloaded using link preload but not used within a few seconds from the window's load event. Please make sure it has an appropriate `as` value and it is preloaded intentionally. @ http://localhost:3000/:0
[ 9922167ms] [WARNING] The resource https://i.ytimg.com/vi/732dkRJZOLE/maxresdefault.jpg was preloaded using link preload but not used within a few seconds from the window's load event. Please make sure it has an appropriate `as` value and it is preloaded intentionally. @ http://localhost:3000/:0
[ 9922167ms] [WARNING] The resource https://i.ytimg.com/vi/-KnzDx8UV5M/maxresdefault.jpg was preloaded using link preload but not used within a few seconds from the window's load event. Please make sure it has an appropriate `as` value and it is preloaded intentionally. @ http://localhost:3000/:0
[ 9922167ms] [WARNING] The resource https://i.ytimg.com/vi/cXFQuxZF61Q/maxresdefault.jpg was preloaded using link preload but not used within a few seconds from the window's load event. Please make sure it has an appropriate `as` value and it is preloaded intentionally. @ http://localhost:3000/:0
[ 9922167ms] [WARNING] The resource https://i.ytimg.com/vi/haisvt45Kdc/maxresdefault.jpg was preloaded using link preload but not used within a few seconds from the window's load event. Please make sure it has an appropriate `as` value and it is preloaded intentionally. @ http://localhost:3000/:0
[ 9922167ms] [WARNING] The resource https://i.ytimg.com/vi/VKeF820DlGU/maxresdefault.jpg was preloaded using link preload but not used within a few seconds from the window's load event. Please make sure it has an appropriate `as` value and it is preloaded intentionally. @ http://localhost:3000/:0
[ 9934098ms] [WARNING] The resource https://i.ytimg.com/vi/732dkRJZOLE/maxresdefault.jpg was preloaded using link preload but not used within a few seconds from the window's load event. Please make sure it has an appropriate `as` value and it is preloaded intentionally. @ http://localhost:3000/:0
[ 9934098ms] [WARNING] The resource https://i.ytimg.com/vi/-KnzDx8UV5M/maxresdefault.jpg was preloaded using link preload but not used within a few seconds from the window's load event. Please make sure it has an appropriate `as` value and it is preloaded intentionally. @ http://localhost:3000/:0
[ 9934098ms] [WARNING] The resource https://i.ytimg.com/vi/cXFQuxZF61Q/maxresdefault.jpg was preloaded using link preload but not used within a few seconds from the window's load event. Please make sure it has an appropriate `as` value and it is preloaded intentionally. @ http://localhost:3000/:0
[ 9934098ms] [WARNING] The resource https://i.ytimg.com/vi/haisvt45Kdc/maxresdefault.jpg was preloaded using link preload but not used within a few seconds from the window's load event. Please make sure it has an appropriate `as` value and it is preloaded intentionally. @ http://localhost:3000/:0
[ 9934098ms] [WARNING] The resource https://i.ytimg.com/vi/VKeF820DlGU/maxresdefault.jpg was preloaded using link preload but not used within a few seconds from the window's load event. Please make sure it has an appropriate `as` value and it is preloaded intentionally. @ http://localhost:3000/:0
[ 9957622ms] [WARNING] The resource https://i.ytimg.com/vi/732dkRJZOLE/maxresdefault.jpg was preloaded using link preload but not used within a few seconds from the window's load event. Please make sure it has an appropriate `as` value and it is preloaded intentionally. @ http://localhost:3000/:0
[ 9957622ms] [WARNING] The resource https://i.ytimg.com/vi/-KnzDx8UV5M/maxresdefault.jpg was preloaded using link preload but not used within a few seconds from the window's load event. Please make sure it has an appropriate `as` value and it is preloaded intentionally. @ http://localhost:3000/:0
[ 9957622ms] [WARNING] The resource https://i.ytimg.com/vi/cXFQuxZF61Q/maxresdefault.jpg was preloaded using link preload but not used within a few seconds from the window's load event. Please make sure it has an appropriate `as` value and it is preloaded intentionally. @ http://localhost:3000/:0
[ 9957622ms] [WARNING] The resource https://i.ytimg.com/vi/haisvt45Kdc/maxresdefault.jpg was preloaded using link preload but not used within a few seconds from the window's load event. Please make sure it has an appropriate `as` value and it is preloaded intentionally. @ http://localhost:3000/:0
[ 9957622ms] [WARNING] The resource https://i.ytimg.com/vi/VKeF820DlGU/maxresdefault.jpg was preloaded using link preload but not used within a few seconds from the window's load event. Please make sure it has an appropriate `as` value and it is preloaded intentionally. @ http://localhost:3000/:0
[ 9969544ms] [WARNING] The resource https://i.ytimg.com/vi/732dkRJZOLE/maxresdefault.jpg was preloaded using link preload but not used within a few seconds from the window's load event. Please make sure it has an appropriate `as` value and it is preloaded intentionally. @ http://localhost:3000/:0
[ 9969544ms] [WARNING] The resource https://i.ytimg.com/vi/-KnzDx8UV5M/maxresdefault.jpg was preloaded using link preload but not used within a few seconds from the window's load event. Please make sure it has an appropriate `as` value and it is preloaded intentionally. @ http://localhost:3000/:0
[ 9969544ms] [WARNING] The resource https://i.ytimg.com/vi/cXFQuxZF61Q/maxresdefault.jpg was preloaded using link preload but not used within a few seconds from the window's load event. Please make sure it has an appropriate `as` value and it is preloaded intentionally. @ http://localhost:3000/:0
[ 9969544ms] [WARNING] The resource https://i.ytimg.com/vi/haisvt45Kdc/maxresdefault.jpg was preloaded using link preload but not used within a few seconds from the window's load event. Please make sure it has an appropriate `as` value and it is preloaded intentionally. @ http://localhost:3000/:0
[ 9969544ms] [WARNING] The resource https://i.ytimg.com/vi/VKeF820DlGU/maxresdefault.jpg was preloaded using link preload but not used within a few seconds from the window's load event. Please make sure it has an appropriate `as` value and it is preloaded intentionally. @ http://localhost:3000/:0
[ 9993072ms] [WARNING] The resource https://i.ytimg.com/vi/732dkRJZOLE/maxresdefault.jpg was preloaded using link preload but not used within a few seconds from the window's load event. Please make sure it has an appropriate `as` value and it is preloaded intentionally. @ http://localhost:3000/:0
[ 9993072ms] [WARNING] The resource https://i.ytimg.com/vi/-KnzDx8UV5M/maxresdefault.jpg was preloaded using link preload but not used within a few seconds from the window's load event. Please make sure it has an appropriate `as` value and it is preloaded intentionally. @ http://localhost:3000/:0
[ 9993072ms] [WARNING] The resource https://i.ytimg.com/vi/cXFQuxZF61Q/maxresdefault.jpg was preloaded using link preload but not used within a few seconds from the window's load event. Please make sure it has an appropriate `as` value and it is preloaded intentionally. @ http://localhost:3000/:0
[ 9993072ms] [WARNING] The resource https://i.ytimg.com/vi/haisvt45Kdc/maxresdefault.jpg was preloaded using link preload but not used within a few seconds from the window's load event. Please make sure it has an appropriate `as` value and it is preloaded intentionally. @ http://localhost:3000/:0
[ 9993072ms] [WARNING] The resource https://i.ytimg.com/vi/VKeF820DlGU/maxresdefault.jpg was preloaded using link preload but not used within a few seconds from the window's load event. Please make sure it has an appropriate `as` value and it is preloaded intentionally. @ http://localhost:3000/:0
[10005005ms] [WARNING] The resource https://i.ytimg.com/vi/732dkRJZOLE/maxresdefault.jpg was preloaded using link preload but not used within a few seconds from the window's load event. Please make sure it has an appropriate `as` value and it is preloaded intentionally. @ http://localhost:3000/:0
[10005005ms] [WARNING] The resource https://i.ytimg.com/vi/-KnzDx8UV5M/maxresdefault.jpg was preloaded using link preload but not used within a few seconds from the window's load event. Please make sure it has an appropriate `as` value and it is preloaded intentionally. @ http://localhost:3000/:0
[10005005ms] [WARNING] The resource https://i.ytimg.com/vi/cXFQuxZF61Q/maxresdefault.jpg was preloaded using link preload but not used within a few seconds from the window's load event. Please make sure it has an appropriate `as` value and it is preloaded intentionally. @ http://localhost:3000/:0
[10005005ms] [WARNING] The resource https://i.ytimg.com/vi/haisvt45Kdc/maxresdefault.jpg was preloaded using link preload but not used within a few seconds from the window's load event. Please make sure it has an appropriate `as` value and it is preloaded intentionally. @ http://localhost:3000/:0
[10005005ms] [WARNING] The resource https://i.ytimg.com/vi/VKeF820DlGU/maxresdefault.jpg was preloaded using link preload but not used within a few seconds from the window's load event. Please make sure it has an appropriate `as` value and it is preloaded intentionally. @ http://localhost:3000/:0
[10008951ms] [LOG] [Fast Refresh] rebuilding @ http://localhost:3000/_next/static/chunks/node_modules_next_dist_f3530cac._.js:2297
[10009355ms] [LOG] [Fast Refresh] done in 480ms @ http://localhost:3000/_next/static/chunks/node_modules_next_dist_f3530cac._.js:2297
[10012361ms] [WARNING] The resource https://i.ytimg.com/vi/732dkRJZOLE/maxresdefault.jpg was preloaded using link preload but not used within a few seconds from the window's load event. Please make sure it has an appropriate `as` value and it is preloaded intentionally. @ http://localhost:3000/:0
[10012361ms] [WARNING] The resource https://i.ytimg.com/vi/-KnzDx8UV5M/maxresdefault.jpg was preloaded using link preload but not used within a few seconds from the window's load event. Please make sure it has an appropriate `as` value and it is preloaded intentionally. @ http://localhost:3000/:0
[10012361ms] [WARNING] The resource https://i.ytimg.com/vi/cXFQuxZF61Q/maxresdefault.jpg was preloaded using link preload but not used within a few seconds from the window's load event. Please make sure it has an appropriate `as` value and it is preloaded intentionally. @ http://localhost:3000/:0
[10012361ms] [WARNING] The resource https://i.ytimg.com/vi/haisvt45Kdc/maxresdefault.jpg was preloaded using link preload but not used within a few seconds from the window's load event. Please make sure it has an appropriate `as` value and it is preloaded intentionally. @ http://localhost:3000/:0
[10012361ms] [WARNING] The resource https://i.ytimg.com/vi/VKeF820DlGU/maxresdefault.jpg was preloaded using link preload but not used within a few seconds from the window's load event. Please make sure it has an appropriate `as` value and it is preloaded intentionally. @ http://localhost:3000/:0
[10028503ms] [WARNING] The resource https://i.ytimg.com/vi/732dkRJZOLE/maxresdefault.jpg was preloaded using link preload but not used within a few seconds from the window's load event. Please make sure it has an appropriate `as` value and it is preloaded intentionally. @ http://localhost:3000/:0
[10028503ms] [WARNING] The resource https://i.ytimg.com/vi/-KnzDx8UV5M/maxresdefault.jpg was preloaded using link preload but not used within a few seconds from the window's load event. Please make sure it has an appropriate `as` value and it is preloaded intentionally. @ http://localhost:3000/:0
[10028503ms] [WARNING] The resource https://i.ytimg.com/vi/cXFQuxZF61Q/maxresdefault.jpg was preloaded using link preload but not used within a few seconds from the window's load event. Please make sure it has an appropriate `as` value and it is preloaded intentionally. @ http://localhost:3000/:0
[10028503ms] [WARNING] The resource https://i.ytimg.com/vi/haisvt45Kdc/maxresdefault.jpg was preloaded using link preload but not used within a few seconds from the window's load event. Please make sure it has an appropriate `as` value and it is preloaded intentionally. @ http://localhost:3000/:0
[10028503ms] [WARNING] The resource https://i.ytimg.com/vi/VKeF820DlGU/maxresdefault.jpg was preloaded using link preload but not used within a few seconds from the window's load event. Please make sure it has an appropriate `as` value and it is preloaded intentionally. @ http://localhost:3000/:0
[10040430ms] [WARNING] The resource https://i.ytimg.com/vi/732dkRJZOLE/maxresdefault.jpg was preloaded using link preload but not used within a few seconds from the window's load event. Please make sure it has an appropriate `as` value and it is preloaded intentionally. @ http://localhost:3000/:0
[10040430ms] [WARNING] The resource https://i.ytimg.com/vi/-KnzDx8UV5M/maxresdefault.jpg was preloaded using link preload but not used within a few seconds from the window's load event. Please make sure it has an appropriate `as` value and it is preloaded intentionally. @ http://localhost:3000/:0
[10040430ms] [WARNING] The resource https://i.ytimg.com/vi/cXFQuxZF61Q/maxresdefault.jpg was preloaded using link preload but not used within a few seconds from the window's load event. Please make sure it has an appropriate `as` value and it is preloaded intentionally. @ http://localhost:3000/:0
[10040430ms] [WARNING] The resource https://i.ytimg.com/vi/haisvt45Kdc/maxresdefault.jpg was preloaded using link preload but not used within a few seconds from the window's load event. Please make sure it has an appropriate `as` value and it is preloaded intentionally. @ http://localhost:3000/:0
[10040430ms] [WARNING] The resource https://i.ytimg.com/vi/VKeF820DlGU/maxresdefault.jpg was preloaded using link preload but not used within a few seconds from the window's load event. Please make sure it has an appropriate `as` value and it is preloaded intentionally. @ http://localhost:3000/:0
[10063945ms] [WARNING] The resource https://i.ytimg.com/vi/732dkRJZOLE/maxresdefault.jpg was preloaded using link preload but not used within a few seconds from the window's load event. Please make sure it has an appropriate `as` value and it is preloaded intentionally. @ http://localhost:3000/:0
[10063946ms] [WARNING] The resource https://i.ytimg.com/vi/-KnzDx8UV5M/maxresdefault.jpg was preloaded using link preload but not used within a few seconds from the window's load event. Please make sure it has an appropriate `as` value and it is preloaded intentionally. @ http://localhost:3000/:0
[10063946ms] [WARNING] The resource https://i.ytimg.com/vi/cXFQuxZF61Q/maxresdefault.jpg was preloaded using link preload but not used within a few seconds from the window's load event. Please make sure it has an appropriate `as` value and it is preloaded intentionally. @ http://localhost:3000/:0
[10063946ms] [WARNING] The resource https://i.ytimg.com/vi/haisvt45Kdc/maxresdefault.jpg was preloaded using link preload but not used within a few seconds from the window's load event. Please make sure it has an appropriate `as` value and it is preloaded intentionally. @ http://localhost:3000/:0
[10063946ms] [WARNING] The resource https://i.ytimg.com/vi/VKeF820DlGU/maxresdefault.jpg was preloaded using link preload but not used within a few seconds from the window's load event. Please make sure it has an appropriate `as` value and it is preloaded intentionally. @ http://localhost:3000/:0
[10075857ms] [WARNING] The resource https://i.ytimg.com/vi/732dkRJZOLE/maxresdefault.jpg was preloaded using link preload but not used within a few seconds from the window's load event. Please make sure it has an appropriate `as` value and it is preloaded intentionally. @ http://localhost:3000/:0
[10075857ms] [WARNING] The resource https://i.ytimg.com/vi/-KnzDx8UV5M/maxresdefault.jpg was preloaded using link preload but not used within a few seconds from the window's load event. Please make sure it has an appropriate `as` value and it is preloaded intentionally. @ http://localhost:3000/:0
[10075857ms] [WARNING] The resource https://i.ytimg.com/vi/cXFQuxZF61Q/maxresdefault.jpg was preloaded using link preload but not used within a few seconds from the window's load event. Please make sure it has an appropriate `as` value and it is preloaded intentionally. @ http://localhost:3000/:0
[10075857ms] [WARNING] The resource https://i.ytimg.com/vi/haisvt45Kdc/maxresdefault.jpg was preloaded using link preload but not used within a few seconds from the window's load event. Please make sure it has an appropriate `as` value and it is preloaded intentionally. @ http://localhost:3000/:0
[10075857ms] [WARNING] The resource https://i.ytimg.com/vi/VKeF820DlGU/maxresdefault.jpg was preloaded using link preload but not used within a few seconds from the window's load event. Please make sure it has an appropriate `as` value and it is preloaded intentionally. @ http://localhost:3000/:0
[10099377ms] [WARNING] The resource https://i.ytimg.com/vi/732dkRJZOLE/maxresdefault.jpg was preloaded using link preload but not used within a few seconds from the window's load event. Please make sure it has an appropriate `as` value and it is preloaded intentionally. @ http://localhost:3000/:0
[10099378ms] [WARNING] The resource https://i.ytimg.com/vi/-KnzDx8UV5M/maxresdefault.jpg was preloaded using link preload but not used within a few seconds from the window's load event. Please make sure it has an appropriate `as` value and it is preloaded intentionally. @ http://localhost:3000/:0
[10099378ms] [WARNING] The resource https://i.ytimg.com/vi/cXFQuxZF61Q/maxresdefault.jpg was preloaded using link preload but not used within a few seconds from the window's load event. Please make sure it has an appropriate `as` value and it is preloaded intentionally. @ http://localhost:3000/:0
[10099378ms] [WARNING] The resource https://i.ytimg.com/vi/haisvt45Kdc/maxresdefault.jpg was preloaded using link preload but not used within a few seconds from the window's load event. Please make sure it has an appropriate `as` value and it is preloaded intentionally. @ http://localhost:3000/:0
[10099378ms] [WARNING] The resource https://i.ytimg.com/vi/VKeF820DlGU/maxresdefault.jpg was preloaded using link preload but not used within a few seconds from the window's load event. Please make sure it has an appropriate `as` value and it is preloaded intentionally. @ http://localhost:3000/:0
[10111321ms] [WARNING] The resource https://i.ytimg.com/vi/732dkRJZOLE/maxresdefault.jpg was preloaded using link preload but not used within a few seconds from the window's load event. Please make sure it has an appropriate `as` value and it is preloaded intentionally. @ http://localhost:3000/:0
[10111322ms] [WARNING] The resource https://i.ytimg.com/vi/-KnzDx8UV5M/maxresdefault.jpg was preloaded using link preload but not used within a few seconds from the window's load event. Please make sure it has an appropriate `as` value and it is preloaded intentionally. @ http://localhost:3000/:0
[10111322ms] [WARNING] The resource https://i.ytimg.com/vi/cXFQuxZF61Q/maxresdefault.jpg was preloaded using link preload but not used within a few seconds from the window's load event. Please make sure it has an appropriate `as` value and it is preloaded intentionally. @ http://localhost:3000/:0
[10111322ms] [WARNING] The resource https://i.ytimg.com/vi/haisvt45Kdc/maxresdefault.jpg was preloaded using link preload but not used within a few seconds from the window's load event. Please make sure it has an appropriate `as` value and it is preloaded intentionally. @ http://localhost:3000/:0
[10111322ms] [WARNING] The resource https://i.ytimg.com/vi/VKeF820DlGU/maxresdefault.jpg was preloaded using link preload but not used within a few seconds from the window's load event. Please make sure it has an appropriate `as` value and it is preloaded intentionally. @ http://localhost:3000/:0
[10115648ms] [LOG] [Fast Refresh] rebuilding @ http://localhost:3000/_next/static/chunks/node_modules_next_dist_f3530cac._.js:2297
[10116043ms] [LOG] [Fast Refresh] done in 440ms @ http://localhost:3000/_next/static/chunks/node_modules_next_dist_f3530cac._.js:2297
[10119044ms] [WARNING] The resource https://i.ytimg.com/vi/732dkRJZOLE/maxresdefault.jpg was preloaded using link preload but not used within a few seconds from the window's load event. Please make sure it has an appropriate `as` value and it is preloaded intentionally. @ http://localhost:3000/:0
[10119044ms] [WARNING] The resource https://i.ytimg.com/vi/-KnzDx8UV5M/maxresdefault.jpg was preloaded using link preload but not used within a few seconds from the window's load event. Please make sure it has an appropriate `as` value and it is preloaded intentionally. @ http://localhost:3000/:0
[10119044ms] [WARNING] The resource https://i.ytimg.com/vi/cXFQuxZF61Q/maxresdefault.jpg was preloaded using link preload but not used within a few seconds from the window's load event. Please make sure it has an appropriate `as` value and it is preloaded intentionally. @ http://localhost:3000/:0
[10119044ms] [WARNING] The resource https://i.ytimg.com/vi/haisvt45Kdc/maxresdefault.jpg was preloaded using link preload but not used within a few seconds from the window's load event. Please make sure it has an appropriate `as` value and it is preloaded intentionally. @ http://localhost:3000/:0
[10119044ms] [WARNING] The resource https://i.ytimg.com/vi/VKeF820DlGU/maxresdefault.jpg was preloaded using link preload but not used within a few seconds from the window's load event. Please make sure it has an appropriate `as` value and it is preloaded intentionally. @ http://localhost:3000/:0
[10124346ms] [LOG] [Fast Refresh] rebuilding @ http://localhost:3000/_next/static/chunks/node_modules_next_dist_f3530cac._.js:2297
[10124565ms] [LOG] [Fast Refresh] done in 309ms @ http://localhost:3000/_next/static/chunks/node_modules_next_dist_f3530cac._.js:2297
[10127575ms] [WARNING] The resource https://i.ytimg.com/vi/732dkRJZOLE/maxresdefault.jpg was preloaded using link preload but not used within a few seconds from the window's load event. Please make sure it has an appropriate `as` value and it is preloaded intentionally. @ http://localhost:3000/:0
[10127576ms] [WARNING] The resource https://i.ytimg.com/vi/-KnzDx8UV5M/maxresdefault.jpg was preloaded using link preload but not used within a few seconds from the window's load event. Please make sure it has an appropriate `as` value and it is preloaded intentionally. @ http://localhost:3000/:0
[10127576ms] [WARNING] The resource https://i.ytimg.com/vi/cXFQuxZF61Q/maxresdefault.jpg was preloaded using link preload but not used within a few seconds from the window's load event. Please make sure it has an appropriate `as` value and it is preloaded intentionally. @ http://localhost:3000/:0
[10127576ms] [WARNING] The resource https://i.ytimg.com/vi/haisvt45Kdc/maxresdefault.jpg was preloaded using link preload but not used within a few seconds from the window's load event. Please make sure it has an appropriate `as` value and it is preloaded intentionally. @ http://localhost:3000/:0
[10127576ms] [WARNING] The resource https://i.ytimg.com/vi/VKeF820DlGU/maxresdefault.jpg was preloaded using link preload but not used within a few seconds from the window's load event. Please make sure it has an appropriate `as` value and it is preloaded intentionally. @ http://localhost:3000/:0
[10134841ms] [WARNING] The resource https://i.ytimg.com/vi/732dkRJZOLE/maxresdefault.jpg was preloaded using link preload but not used within a few seconds from the window's load event. Please make sure it has an appropriate `as` value and it is preloaded intentionally. @ http://localhost:3000/:0
[10134841ms] [WARNING] The resource https://i.ytimg.com/vi/-KnzDx8UV5M/maxresdefault.jpg was preloaded using link preload but not used within a few seconds from the window's load event. Please make sure it has an appropriate `as` value and it is preloaded intentionally. @ http://localhost:3000/:0
[10134841ms] [WARNING] The resource https://i.ytimg.com/vi/cXFQuxZF61Q/maxresdefault.jpg was preloaded using link preload but not used within a few seconds from the window's load event. Please make sure it has an appropriate `as` value and it is preloaded intentionally. @ http://localhost:3000/:0
[10134841ms] [WARNING] The resource https://i.ytimg.com/vi/haisvt45Kdc/maxresdefault.jpg was preloaded using link preload but not used within a few seconds from the window's load event. Please make sure it has an appropriate `as` value and it is preloaded intentionally. @ http://localhost:3000/:0
[10134841ms] [WARNING] The resource https://i.ytimg.com/vi/VKeF820DlGU/maxresdefault.jpg was preloaded using link preload but not used within a few seconds from the window's load event. Please make sure it has an appropriate `as` value and it is preloaded intentionally. @ http://localhost:3000/:0
[10146771ms] [WARNING] The resource https://i.ytimg.com/vi/732dkRJZOLE/maxresdefault.jpg was preloaded using link preload but not used within a few seconds from the window's load event. Please make sure it has an appropriate `as` value and it is preloaded intentionally. @ http://localhost:3000/:0
[10146771ms] [WARNING] The resource https://i.ytimg.com/vi/-KnzDx8UV5M/maxresdefault.jpg was preloaded using link preload but not used within a few seconds from the window's load event. Please make sure it has an appropriate `as` value and it is preloaded intentionally. @ http://localhost:3000/:0
[10146771ms] [WARNING] The resource https://i.ytimg.com/vi/cXFQuxZF61Q/maxresdefault.jpg was preloaded using link preload but not used within a few seconds from the window's load event. Please make sure it has an appropriate `as` value and it is preloaded intentionally. @ http://localhost:3000/:0
[10146771ms] [WARNING] The resource https://i.ytimg.com/vi/haisvt45Kdc/maxresdefault.jpg was preloaded using link preload but not used within a few seconds from the window's load event. Please make sure it has an appropriate `as` value and it is preloaded intentionally. @ http://localhost:3000/:0
[10146771ms] [WARNING] The resource https://i.ytimg.com/vi/VKeF820DlGU/maxresdefault.jpg was preloaded using link preload but not used within a few seconds from the window's load event. Please make sure it has an appropriate `as` value and it is preloaded intentionally. @ http://localhost:3000/:0
[10170299ms] [WARNING] The resource https://i.ytimg.com/vi/732dkRJZOLE/maxresdefault.jpg was preloaded using link preload but not used within a few seconds from the window's load event. Please make sure it has an appropriate `as` value and it is preloaded intentionally. @ http://localhost:3000/:0
[10170299ms] [WARNING] The resource https://i.ytimg.com/vi/-KnzDx8UV5M/maxresdefault.jpg was preloaded using link preload but not used within a few seconds from the window's load event. Please make sure it has an appropriate `as` value and it is preloaded intentionally. @ http://localhost:3000/:0
[10170299ms] [WARNING] The resource https://i.ytimg.com/vi/cXFQuxZF61Q/maxresdefault.jpg was preloaded using link preload but not used within a few seconds from the window's load event. Please make sure it has an appropriate `as` value and it is preloaded intentionally. @ http://localhost:3000/:0
[10170299ms] [WARNING] The resource https://i.ytimg.com/vi/haisvt45Kdc/maxresdefault.jpg was preloaded using link preload but not used within a few seconds from the window's load event. Please make sure it has an appropriate `as` value and it is preloaded intentionally. @ http://localhost:3000/:0
[10170299ms] [WARNING] The resource https://i.ytimg.com/vi/VKeF820DlGU/maxresdefault.jpg was preloaded using link preload but not used within a few seconds from the window's load event. Please make sure it has an appropriate `as` value and it is preloaded intentionally. @ http://localhost:3000/:0
[10182211ms] [WARNING] The resource https://i.ytimg.com/vi/732dkRJZOLE/maxresdefault.jpg was preloaded using link preload but not used within a few seconds from the window's load event. Please make sure it has an appropriate `as` value and it is preloaded intentionally. @ http://localhost:3000/:0
[10182211ms] [WARNING] The resource https://i.ytimg.com/vi/-KnzDx8UV5M/maxresdefault.jpg was preloaded using link preload but not used within a few seconds from the window's load event. Please make sure it has an appropriate `as` value and it is preloaded intentionally. @ http://localhost:3000/:0
[10182211ms] [WARNING] The resource https://i.ytimg.com/vi/cXFQuxZF61Q/maxresdefault.jpg was preloaded using link preload but not used within a few seconds from the window's load event. Please make sure it has an appropriate `as` value and it is preloaded intentionally. @ http://localhost:3000/:0
[10182211ms] [WARNING] The resource https://i.ytimg.com/vi/haisvt45Kdc/maxresdefault.jpg was preloaded using link preload but not used within a few seconds from the window's load event. Please make sure it has an appropriate `as` value and it is preloaded intentionally. @ http://localhost:3000/:0
[10182211ms] [WARNING] The resource https://i.ytimg.com/vi/VKeF820DlGU/maxresdefault.jpg was preloaded using link preload but not used within a few seconds from the window's load event. Please make sure it has an appropriate `as` value and it is preloaded intentionally. @ http://localhost:3000/:0
[10205705ms] [WARNING] The resource https://i.ytimg.com/vi/732dkRJZOLE/maxresdefault.jpg was preloaded using link preload but not used within a few seconds from the window's load event. Please make sure it has an appropriate `as` value and it is preloaded intentionally. @ http://localhost:3000/:0
[10205705ms] [WARNING] The resource https://i.ytimg.com/vi/-KnzDx8UV5M/maxresdefault.jpg was preloaded using link preload but not used within a few seconds from the window's load event. Please make sure it has an appropriate `as` value and it is preloaded intentionally. @ http://localhost:3000/:0
[10205705ms] [WARNING] The resource https://i.ytimg.com/vi/cXFQuxZF61Q/maxresdefault.jpg was preloaded using link preload but not used within a few seconds from the window's load event. Please make sure it has an appropriate `as` value and it is preloaded intentionally. @ http://localhost:3000/:0
[10205705ms] [WARNING] The resource https://i.ytimg.com/vi/haisvt45Kdc/maxresdefault.jpg was preloaded using link preload but not used within a few seconds from the window's load event. Please make sure it has an appropriate `as` value and it is preloaded intentionally. @ http://localhost:3000/:0
[10205705ms] [WARNING] The resource https://i.ytimg.com/vi/VKeF820DlGU/maxresdefault.jpg was preloaded using link preload but not used within a few seconds from the window's load event. Please make sure it has an appropriate `as` value and it is preloaded intentionally. @ http://localhost:3000/:0
[10217628ms] [WARNING] The resource https://i.ytimg.com/vi/732dkRJZOLE/maxresdefault.jpg was preloaded using link preload but not used within a few seconds from the window's load event. Please make sure it has an appropriate `as` value and it is preloaded intentionally. @ http://localhost:3000/:0
[10217628ms] [WARNING] The resource https://i.ytimg.com/vi/-KnzDx8UV5M/maxresdefault.jpg was preloaded using link preload but not used within a few seconds from the window's load event. Please make sure it has an appropriate `as` value and it is preloaded intentionally. @ http://localhost:3000/:0
[10217628ms] [WARNING] The resource https://i.ytimg.com/vi/cXFQuxZF61Q/maxresdefault.jpg was preloaded using link preload but not used within a few seconds from the window's load event. Please make sure it has an appropriate `as` value and it is preloaded intentionally. @ http://localhost:3000/:0
[10217628ms] [WARNING] The resource https://i.ytimg.com/vi/haisvt45Kdc/maxresdefault.jpg was preloaded using link preload but not used within a few seconds from the window's load event. Please make sure it has an appropriate `as` value and it is preloaded intentionally. @ http://localhost:3000/:0
[10217628ms] [WARNING] The resource https://i.ytimg.com/vi/VKeF820DlGU/maxresdefault.jpg was preloaded using link preload but not used within a few seconds from the window's load event. Please make sure it has an appropriate `as` value and it is preloaded intentionally. @ http://localhost:3000/:0
[10229766ms] [LOG] [Fast Refresh] rebuilding @ http://localhost:3000/_next/static/chunks/node_modules_next_dist_f3530cac._.js:2297
[10230245ms] [LOG] [Fast Refresh] done in 585ms @ http://localhost:3000/_next/static/chunks/node_modules_next_dist_f3530cac._.js:2297
[10233065ms] [WARNING] The resource https://i.ytimg.com/vi/732dkRJZOLE/maxresdefault.jpg was preloaded using link preload but not used within a few seconds from the window's load event. Please make sure it has an appropriate `as` value and it is preloaded intentionally. @ http://localhost:3000/:0
[10233065ms] [WARNING] The resource https://i.ytimg.com/vi/-KnzDx8UV5M/maxresdefault.jpg was preloaded using link preload but not used within a few seconds from the window's load event. Please make sure it has an appropriate `as` value and it is preloaded intentionally. @ http://localhost:3000/:0
[10233065ms] [WARNING] The resource https://i.ytimg.com/vi/cXFQuxZF61Q/maxresdefault.jpg was preloaded using link preload but not used within a few seconds from the window's load event. Please make sure it has an appropriate `as` value and it is preloaded intentionally. @ http://localhost:3000/:0
[10233065ms] [WARNING] The resource https://i.ytimg.com/vi/haisvt45Kdc/maxresdefault.jpg was preloaded using link preload but not used within a few seconds from the window's load event. Please make sure it has an appropriate `as` value and it is preloaded intentionally. @ http://localhost:3000/:0
[10233065ms] [WARNING] The resource https://i.ytimg.com/vi/VKeF820DlGU/maxresdefault.jpg was preloaded using link preload but not used within a few seconds from the window's load event. Please make sure it has an appropriate `as` value and it is preloaded intentionally. @ http://localhost:3000/:0
[10241171ms] [WARNING] The resource https://i.ytimg.com/vi/732dkRJZOLE/maxresdefault.jpg was preloaded using link preload but not used within a few seconds from the window's load event. Please make sure it has an appropriate `as` value and it is preloaded intentionally. @ http://localhost:3000/:0
[10241171ms] [WARNING] The resource https://i.ytimg.com/vi/-KnzDx8UV5M/maxresdefault.jpg was preloaded using link preload but not used within a few seconds from the window's load event. Please make sure it has an appropriate `as` value and it is preloaded intentionally. @ http://localhost:3000/:0
[10241171ms] [WARNING] The resource https://i.ytimg.com/vi/cXFQuxZF61Q/maxresdefault.jpg was preloaded using link preload but not used within a few seconds from the window's load event. Please make sure it has an appropriate `as` value and it is preloaded intentionally. @ http://localhost:3000/:0
[10241171ms] [WARNING] The resource https://i.ytimg.com/vi/haisvt45Kdc/maxresdefault.jpg was preloaded using link preload but not used within a few seconds from the window's load event. Please make sure it has an appropriate `as` value and it is preloaded intentionally. @ http://localhost:3000/:0
[10241171ms] [WARNING] The resource https://i.ytimg.com/vi/VKeF820DlGU/maxresdefault.jpg was preloaded using link preload but not used within a few seconds from the window's load event. Please make sure it has an appropriate `as` value and it is preloaded intentionally. @ http://localhost:3000/:0
[10244344ms] [LOG] [Fast Refresh] rebuilding @ http://localhost:3000/_next/static/chunks/node_modules_next_dist_f3530cac._.js:2297
[10244852ms] [LOG] [Fast Refresh] done in 608ms @ http://localhost:3000/_next/static/chunks/node_modules_next_dist_f3530cac._.js:2297
[10247650ms] [WARNING] The resource https://i.ytimg.com/vi/732dkRJZOLE/maxresdefault.jpg was preloaded using link preload but not used within a few seconds from the window's load event. Please make sure it has an appropriate `as` value and it is preloaded intentionally. @ http://localhost:3000/:0
[10247650ms] [WARNING] The resource https://i.ytimg.com/vi/-KnzDx8UV5M/maxresdefault.jpg was preloaded using link preload but not used within a few seconds from the window's load event. Please make sure it has an appropriate `as` value and it is preloaded intentionally. @ http://localhost:3000/:0
[10247650ms] [WARNING] The resource https://i.ytimg.com/vi/cXFQuxZF61Q/maxresdefault.jpg was preloaded using link preload but not used within a few seconds from the window's load event. Please make sure it has an appropriate `as` value and it is preloaded intentionally. @ http://localhost:3000/:0
[10247650ms] [WARNING] The resource https://i.ytimg.com/vi/haisvt45Kdc/maxresdefault.jpg was preloaded using link preload but not used within a few seconds from the window's load event. Please make sure it has an appropriate `as` value and it is preloaded intentionally. @ http://localhost:3000/:0
[10247650ms] [WARNING] The resource https://i.ytimg.com/vi/VKeF820DlGU/maxresdefault.jpg was preloaded using link preload but not used within a few seconds from the window's load event. Please make sure it has an appropriate `as` value and it is preloaded intentionally. @ http://localhost:3000/:0
[10253106ms] [WARNING] The resource https://i.ytimg.com/vi/732dkRJZOLE/maxresdefault.jpg was preloaded using link preload but not used within a few seconds from the window's load event. Please make sure it has an appropriate `as` value and it is preloaded intentionally. @ http://localhost:3000/:0
[10253106ms] [WARNING] The resource https://i.ytimg.com/vi/-KnzDx8UV5M/maxresdefault.jpg was preloaded using link preload but not used within a few seconds from the window's load event. Please make sure it has an appropriate `as` value and it is preloaded intentionally. @ http://localhost:3000/:0
[10253106ms] [WARNING] The resource https://i.ytimg.com/vi/cXFQuxZF61Q/maxresdefault.jpg was preloaded using link preload but not used within a few seconds from the window's load event. Please make sure it has an appropriate `as` value and it is preloaded intentionally. @ http://localhost:3000/:0
[10253106ms] [WARNING] The resource https://i.ytimg.com/vi/haisvt45Kdc/maxresdefault.jpg was preloaded using link preload but not used within a few seconds from the window's load event. Please make sure it has an appropriate `as` value and it is preloaded intentionally. @ http://localhost:3000/:0
[10253106ms] [WARNING] The resource https://i.ytimg.com/vi/VKeF820DlGU/maxresdefault.jpg was preloaded using link preload but not used within a few seconds from the window's load event. Please make sure it has an appropriate `as` value and it is preloaded intentionally. @ http://localhost:3000/:0
[10276610ms] [WARNING] The resource https://i.ytimg.com/vi/732dkRJZOLE/maxresdefault.jpg was preloaded using link preload but not used within a few seconds from the window's load event. Please make sure it has an appropriate `as` value and it is preloaded intentionally. @ http://localhost:3000/:0
[10276610ms] [WARNING] The resource https://i.ytimg.com/vi/-KnzDx8UV5M/maxresdefault.jpg was preloaded using link preload but not used within a few seconds from the window's load event. Please make sure it has an appropriate `as` value and it is preloaded intentionally. @ http://localhost:3000/:0
[10276610ms] [WARNING] The resource https://i.ytimg.com/vi/cXFQuxZF61Q/maxresdefault.jpg was preloaded using link preload but not used within a few seconds from the window's load event. Please make sure it has an appropriate `as` value and it is preloaded intentionally. @ http://localhost:3000/:0
[10276610ms] [WARNING] The resource https://i.ytimg.com/vi/haisvt45Kdc/maxresdefault.jpg was preloaded using link preload but not used within a few seconds from the window's load event. Please make sure it has an appropriate `as` value and it is preloaded intentionally. @ http://localhost:3000/:0
[10276610ms] [WARNING] The resource https://i.ytimg.com/vi/VKeF820DlGU/maxresdefault.jpg was preloaded using link preload but not used within a few seconds from the window's load event. Please make sure it has an appropriate `as` value and it is preloaded intentionally. @ http://localhost:3000/:0
[10288581ms] [WARNING] The resource https://i.ytimg.com/vi/732dkRJZOLE/maxresdefault.jpg was preloaded using link preload but not used within a few seconds from the window's load event. Please make sure it has an appropriate `as` value and it is preloaded intentionally. @ http://localhost:3000/:0
[10288581ms] [WARNING] The resource https://i.ytimg.com/vi/-KnzDx8UV5M/maxresdefault.jpg was preloaded using link preload but not used within a few seconds from the window's load event. Please make sure it has an appropriate `as` value and it is preloaded intentionally. @ http://localhost:3000/:0
[10288581ms] [WARNING] The resource https://i.ytimg.com/vi/cXFQuxZF61Q/maxresdefault.jpg was preloaded using link preload but not used within a few seconds from the window's load event. Please make sure it has an appropriate `as` value and it is preloaded intentionally. @ http://localhost:3000/:0
[10288581ms] [WARNING] The resource https://i.ytimg.com/vi/haisvt45Kdc/maxresdefault.jpg was preloaded using link preload but not used within a few seconds from the window's load event. Please make sure it has an appropriate `as` value and it is preloaded intentionally. @ http://localhost:3000/:0
[10288581ms] [WARNING] The resource https://i.ytimg.com/vi/VKeF820DlGU/maxresdefault.jpg was preloaded using link preload but not used within a few seconds from the window's load event. Please make sure it has an appropriate `as` value and it is preloaded intentionally. @ http://localhost:3000/:0
[10290668ms] [LOG] [Fast Refresh] rebuilding @ http://localhost:3000/_next/static/chunks/node_modules_next_dist_f3530cac._.js:2297
[10290724ms] [LOG] [Fast Refresh] done in 164ms @ http://localhost:3000/_next/static/chunks/node_modules_next_dist_f3530cac._.js:2297
[10298232ms] [LOG] [Fast Refresh] rebuilding @ http://localhost:3000/_next/static/chunks/node_modules_next_dist_f3530cac._.js:2297
[10298255ms] [LOG] [Fast Refresh] done in 126ms @ http://localhost:3000/_next/static/chunks/node_modules_next_dist_f3530cac._.js:2297
[10312044ms] [WARNING] The resource https://i.ytimg.com/vi/732dkRJZOLE/maxresdefault.jpg was preloaded using link preload but not used within a few seconds from the window's load event. Please make sure it has an appropriate `as` value and it is preloaded intentionally. @ http://localhost:3000/:0
[10312044ms] [WARNING] The resource https://i.ytimg.com/vi/-KnzDx8UV5M/maxresdefault.jpg was preloaded using link preload but not used within a few seconds from the window's load event. Please make sure it has an appropriate `as` value and it is preloaded intentionally. @ http://localhost:3000/:0
[10312044ms] [WARNING] The resource https://i.ytimg.com/vi/cXFQuxZF61Q/maxresdefault.jpg was preloaded using link preload but not used within a few seconds from the window's load event. Please make sure it has an appropriate `as` value and it is preloaded intentionally. @ http://localhost:3000/:0
[10312044ms] [WARNING] The resource https://i.ytimg.com/vi/haisvt45Kdc/maxresdefault.jpg was preloaded using link preload but not used within a few seconds from the window's load event. Please make sure it has an appropriate `as` value and it is preloaded intentionally. @ http://localhost:3000/:0
[10312044ms] [WARNING] The resource https://i.ytimg.com/vi/VKeF820DlGU/maxresdefault.jpg was preloaded using link preload but not used within a few seconds from the window's load event. Please make sure it has an appropriate `as` value and it is preloaded intentionally. @ http://localhost:3000/:0
[10324013ms] [WARNING] The resource https://i.ytimg.com/vi/732dkRJZOLE/maxresdefault.jpg was preloaded using link preload but not used within a few seconds from the window's load event. Please make sure it has an appropriate `as` value and it is preloaded intentionally. @ http://localhost:3000/:0
[10324013ms] [WARNING] The resource https://i.ytimg.com/vi/-KnzDx8UV5M/maxresdefault.jpg was preloaded using link preload but not used within a few seconds from the window's load event. Please make sure it has an appropriate `as` value and it is preloaded intentionally. @ http://localhost:3000/:0
[10324013ms] [WARNING] The resource https://i.ytimg.com/vi/cXFQuxZF61Q/maxresdefault.jpg was preloaded using link preload but not used within a few seconds from the window's load event. Please make sure it has an appropriate `as` value and it is preloaded intentionally. @ http://localhost:3000/:0
[10324013ms] [WARNING] The resource https://i.ytimg.com/vi/haisvt45Kdc/maxresdefault.jpg was preloaded using link preload but not used within a few seconds from the window's load event. Please make sure it has an appropriate `as` value and it is preloaded intentionally. @ http://localhost:3000/:0
[10324013ms] [WARNING] The resource https://i.ytimg.com/vi/VKeF820DlGU/maxresdefault.jpg was preloaded using link preload but not used within a few seconds from the window's load event. Please make sure it has an appropriate `as` value and it is preloaded intentionally. @ http://localhost:3000/:0
[10327453ms] [LOG] [HMR] connected @ http://localhost:3000/_next/static/chunks/node_modules_next_dist_f3530cac._.js:2297
[10330025ms] [INFO] %cDownload the React DevTools for a better development experience: https://react.dev/link/react-devtools font-weight:bold @ http://localhost:3000/_next/static/chunks/node_modules_next_dist_f3530cac._.js:2297
[10330138ms] [LOG] [HMR] connected @ http://localhost:3000/_next/static/chunks/node_modules_next_dist_f3530cac._.js:2297
[10330308ms] [LOG] [Fast Refresh] rebuilding @ http://localhost:3000/_next/static/chunks/node_modules_next_dist_f3530cac._.js:2297
[10330630ms] [LOG] [Fast Refresh] done in 428ms @ http://localhost:3000/_next/static/chunks/node_modules_next_dist_f3530cac._.js:2297
[10333853ms] [WARNING] The resource https://i.ytimg.com/vi/732dkRJZOLE/maxresdefault.jpg was preloaded using link preload but not used within a few seconds from the window's load event. Please make sure it has an appropriate `as` value and it is preloaded intentionally. @ http://localhost:3000/:0
[10333853ms] [WARNING] The resource https://i.ytimg.com/vi/-KnzDx8UV5M/maxresdefault.jpg was preloaded using link preload but not used within a few seconds from the window's load event. Please make sure it has an appropriate `as` value and it is preloaded intentionally. @ http://localhost:3000/:0
[10333853ms] [WARNING] The resource https://i.ytimg.com/vi/cXFQuxZF61Q/maxresdefault.jpg was preloaded using link preload but not used within a few seconds from the window's load event. Please make sure it has an appropriate `as` value and it is preloaded intentionally. @ http://localhost:3000/:0
[10333853ms] [WARNING] The resource https://i.ytimg.com/vi/haisvt45Kdc/maxresdefault.jpg was preloaded using link preload but not used within a few seconds from the window's load event. Please make sure it has an appropriate `as` value and it is preloaded intentionally. @ http://localhost:3000/:0
[10333853ms] [WARNING] The resource https://i.ytimg.com/vi/VKeF820DlGU/maxresdefault.jpg was preloaded using link preload but not used within a few seconds from the window's load event. Please make sure it has an appropriate `as` value and it is preloaded intentionally. @ http://localhost:3000/:0
[10354540ms] [WARNING] The resource https://i.ytimg.com/vi/732dkRJZOLE/maxresdefault.jpg was preloaded using link preload but not used within a few seconds from the window's load event. Please make sure it has an appropriate `as` value and it is preloaded intentionally. @ http://localhost:3000/:0
[10354540ms] [WARNING] The resource https://i.ytimg.com/vi/-KnzDx8UV5M/maxresdefault.jpg was preloaded using link preload but not used within a few seconds from the window's load event. Please make sure it has an appropriate `as` value and it is preloaded intentionally. @ http://localhost:3000/:0
[10354540ms] [WARNING] The resource https://i.ytimg.com/vi/cXFQuxZF61Q/maxresdefault.jpg was preloaded using link preload but not used within a few seconds from the window's load event. Please make sure it has an appropriate `as` value and it is preloaded intentionally. @ http://localhost:3000/:0
[10354540ms] [WARNING] The resource https://i.ytimg.com/vi/haisvt45Kdc/maxresdefault.jpg was preloaded using link preload but not used within a few seconds from the window's load event. Please make sure it has an appropriate `as` value and it is preloaded intentionally. @ http://localhost:3000/:0
[10354540ms] [WARNING] The resource https://i.ytimg.com/vi/VKeF820DlGU/maxresdefault.jpg was preloaded using link preload but not used within a few seconds from the window's load event. Please make sure it has an appropriate `as` value and it is preloaded intentionally. @ http://localhost:3000/:0
[10386812ms] [WARNING] The resource https://i.ytimg.com/vi/732dkRJZOLE/maxresdefault.jpg was preloaded using link preload but not used within a few seconds from the window's load event. Please make sure it has an appropriate `as` value and it is preloaded intentionally. @ http://localhost:3000/:0
[10386812ms] [WARNING] The resource https://i.ytimg.com/vi/-KnzDx8UV5M/maxresdefault.jpg was preloaded using link preload but not used within a few seconds from the window's load event. Please make sure it has an appropriate `as` value and it is preloaded intentionally. @ http://localhost:3000/:0
[10386812ms] [WARNING] The resource https://i.ytimg.com/vi/cXFQuxZF61Q/maxresdefault.jpg was preloaded using link preload but not used within a few seconds from the window's load event. Please make sure it has an appropriate `as` value and it is preloaded intentionally. @ http://localhost:3000/:0
[10386812ms] [WARNING] The resource https://i.ytimg.com/vi/haisvt45Kdc/maxresdefault.jpg was preloaded using link preload but not used within a few seconds from the window's load event. Please make sure it has an appropriate `as` value and it is preloaded intentionally. @ http://localhost:3000/:0
[10386812ms] [WARNING] The resource https://i.ytimg.com/vi/VKeF820DlGU/maxresdefault.jpg was preloaded using link preload but not used within a few seconds from the window's load event. Please make sure it has an appropriate `as` value and it is preloaded intentionally. @ http://localhost:3000/:0
[10404834ms] [WARNING] The resource https://i.ytimg.com/vi/732dkRJZOLE/maxresdefault.jpg was preloaded using link preload but not used within a few seconds from the window's load event. Please make sure it has an appropriate `as` value and it is preloaded intentionally. @ http://localhost:3000/:0
[10404834ms] [WARNING] The resource https://i.ytimg.com/vi/-KnzDx8UV5M/maxresdefault.jpg was preloaded using link preload but not used within a few seconds from the window's load event. Please make sure it has an appropriate `as` value and it is preloaded intentionally. @ http://localhost:3000/:0
[10404834ms] [WARNING] The resource https://i.ytimg.com/vi/cXFQuxZF61Q/maxresdefault.jpg was preloaded using link preload but not used within a few seconds from the window's load event. Please make sure it has an appropriate `as` value and it is preloaded intentionally. @ http://localhost:3000/:0
[10404834ms] [WARNING] The resource https://i.ytimg.com/vi/haisvt45Kdc/maxresdefault.jpg was preloaded using link preload but not used within a few seconds from the window's load event. Please make sure it has an appropriate `as` value and it is preloaded intentionally. @ http://localhost:3000/:0
[10404834ms] [WARNING] The resource https://i.ytimg.com/vi/VKeF820DlGU/maxresdefault.jpg was preloaded using link preload but not used within a few seconds from the window's load event. Please make sure it has an appropriate `as` value and it is preloaded intentionally. @ http://localhost:3000/:0
[10418954ms] [WARNING] The resource https://i.ytimg.com/vi/732dkRJZOLE/maxresdefault.jpg was preloaded using link preload but not used within a few seconds from the window's load event. Please make sure it has an appropriate `as` value and it is preloaded intentionally. @ http://localhost:3000/:0
[10418954ms] [WARNING] The resource https://i.ytimg.com/vi/-KnzDx8UV5M/maxresdefault.jpg was preloaded using link preload but not used within a few seconds from the window's load event. Please make sure it has an appropriate `as` value and it is preloaded intentionally. @ http://localhost:3000/:0
[10418954ms] [WARNING] The resource https://i.ytimg.com/vi/cXFQuxZF61Q/maxresdefault.jpg was preloaded using link preload but not used within a few seconds from the window's load event. Please make sure it has an appropriate `as` value and it is preloaded intentionally. @ http://localhost:3000/:0
[10418954ms] [WARNING] The resource https://i.ytimg.com/vi/haisvt45Kdc/maxresdefault.jpg was preloaded using link preload but not used within a few seconds from the window's load event. Please make sure it has an appropriate `as` value and it is preloaded intentionally. @ http://localhost:3000/:0
[10418954ms] [WARNING] The resource https://i.ytimg.com/vi/VKeF820DlGU/maxresdefault.jpg was preloaded using link preload but not used within a few seconds from the window's load event. Please make sure it has an appropriate `as` value and it is preloaded intentionally. @ http://localhost:3000/:0
[10440191ms] [WARNING] The resource https://i.ytimg.com/vi/732dkRJZOLE/maxresdefault.jpg was preloaded using link preload but not used within a few seconds from the window's load event. Please make sure it has an appropriate `as` value and it is preloaded intentionally. @ http://localhost:3000/:0
[10440191ms] [WARNING] The resource https://i.ytimg.com/vi/-KnzDx8UV5M/maxresdefault.jpg was preloaded using link preload but not used within a few seconds from the window's load event. Please make sure it has an appropriate `as` value and it is preloaded intentionally. @ http://localhost:3000/:0
[10440191ms] [WARNING] The resource https://i.ytimg.com/vi/cXFQuxZF61Q/maxresdefault.jpg was preloaded using link preload but not used within a few seconds from the window's load event. Please make sure it has an appropriate `as` value and it is preloaded intentionally. @ http://localhost:3000/:0
[10440191ms] [WARNING] The resource https://i.ytimg.com/vi/haisvt45Kdc/maxresdefault.jpg was preloaded using link preload but not used within a few seconds from the window's load event. Please make sure it has an appropriate `as` value and it is preloaded intentionally. @ http://localhost:3000/:0
[10440191ms] [WARNING] The resource https://i.ytimg.com/vi/VKeF820DlGU/maxresdefault.jpg was preloaded using link preload but not used within a few seconds from the window's load event. Please make sure it has an appropriate `as` value and it is preloaded intentionally. @ http://localhost:3000/:0
[10452867ms] [WARNING] The resource https://i.ytimg.com/vi/732dkRJZOLE/maxresdefault.jpg was preloaded using link preload but not used within a few seconds from the window's load event. Please make sure it has an appropriate `as` value and it is preloaded intentionally. @ http://localhost:3000/:0
[10452867ms] [WARNING] The resource https://i.ytimg.com/vi/-KnzDx8UV5M/maxresdefault.jpg was preloaded using link preload but not used within a few seconds from the window's load event. Please make sure it has an appropriate `as` value and it is preloaded intentionally. @ http://localhost:3000/:0
[10452867ms] [WARNING] The resource https://i.ytimg.com/vi/cXFQuxZF61Q/maxresdefault.jpg was preloaded using link preload but not used within a few seconds from the window's load event. Please make sure it has an appropriate `as` value and it is preloaded intentionally. @ http://localhost:3000/:0
[10452867ms] [WARNING] The resource https://i.ytimg.com/vi/haisvt45Kdc/maxresdefault.jpg was preloaded using link preload but not used within a few seconds from the window's load event. Please make sure it has an appropriate `as` value and it is preloaded intentionally. @ http://localhost:3000/:0
[10452867ms] [WARNING] The resource https://i.ytimg.com/vi/VKeF820DlGU/maxresdefault.jpg was preloaded using link preload but not used within a few seconds from the window's load event. Please make sure it has an appropriate `as` value and it is preloaded intentionally. @ http://localhost:3000/:0
[10475625ms] [WARNING] The resource https://i.ytimg.com/vi/732dkRJZOLE/maxresdefault.jpg was preloaded using link preload but not used within a few seconds from the window's load event. Please make sure it has an appropriate `as` value and it is preloaded intentionally. @ http://localhost:3000/:0
[10475625ms] [WARNING] The resource https://i.ytimg.com/vi/-KnzDx8UV5M/maxresdefault.jpg was preloaded using link preload but not used within a few seconds from the window's load event. Please make sure it has an appropriate `as` value and it is preloaded intentionally. @ http://localhost:3000/:0
[10475625ms] [WARNING] The resource https://i.ytimg.com/vi/cXFQuxZF61Q/maxresdefault.jpg was preloaded using link preload but not used within a few seconds from the window's load event. Please make sure it has an appropriate `as` value and it is preloaded intentionally. @ http://localhost:3000/:0
[10475625ms] [WARNING] The resource https://i.ytimg.com/vi/haisvt45Kdc/maxresdefault.jpg was preloaded using link preload but not used within a few seconds from the window's load event. Please make sure it has an appropriate `as` value and it is preloaded intentionally. @ http://localhost:3000/:0
[10475625ms] [WARNING] The resource https://i.ytimg.com/vi/VKeF820DlGU/maxresdefault.jpg was preloaded using link preload but not used within a few seconds from the window's load event. Please make sure it has an appropriate `as` value and it is preloaded intentionally. @ http://localhost:3000/:0
[10487575ms] [WARNING] The resource https://i.ytimg.com/vi/732dkRJZOLE/maxresdefault.jpg was preloaded using link preload but not used within a few seconds from the window's load event. Please make sure it has an appropriate `as` value and it is preloaded intentionally. @ http://localhost:3000/:0
[10487575ms] [WARNING] The resource https://i.ytimg.com/vi/-KnzDx8UV5M/maxresdefault.jpg was preloaded using link preload but not used within a few seconds from the window's load event. Please make sure it has an appropriate `as` value and it is preloaded intentionally. @ http://localhost:3000/:0
[10487575ms] [WARNING] The resource https://i.ytimg.com/vi/cXFQuxZF61Q/maxresdefault.jpg was preloaded using link preload but not used within a few seconds from the window's load event. Please make sure it has an appropriate `as` value and it is preloaded intentionally. @ http://localhost:3000/:0
[10487575ms] [WARNING] The resource https://i.ytimg.com/vi/haisvt45Kdc/maxresdefault.jpg was preloaded using link preload but not used within a few seconds from the window's load event. Please make sure it has an appropriate `as` value and it is preloaded intentionally. @ http://localhost:3000/:0
[10487575ms] [WARNING] The resource https://i.ytimg.com/vi/VKeF820DlGU/maxresdefault.jpg was preloaded using link preload but not used within a few seconds from the window's load event. Please make sure it has an appropriate `as` value and it is preloaded intentionally. @ http://localhost:3000/:0
[10511084ms] [WARNING] The resource https://i.ytimg.com/vi/732dkRJZOLE/maxresdefault.jpg was preloaded using link preload but not used within a few seconds from the window's load event. Please make sure it has an appropriate `as` value and it is preloaded intentionally. @ http://localhost:3000/:0
[10511084ms] [WARNING] The resource https://i.ytimg.com/vi/-KnzDx8UV5M/maxresdefault.jpg was preloaded using link preload but not used within a few seconds from the window's load event. Please make sure it has an appropriate `as` value and it is preloaded intentionally. @ http://localhost:3000/:0
[10511084ms] [WARNING] The resource https://i.ytimg.com/vi/cXFQuxZF61Q/maxresdefault.jpg was preloaded using link preload but not used within a few seconds from the window's load event. Please make sure it has an appropriate `as` value and it is preloaded intentionally. @ http://localhost:3000/:0
[10511084ms] [WARNING] The resource https://i.ytimg.com/vi/haisvt45Kdc/maxresdefault.jpg was preloaded using link preload but not used within a few seconds from the window's load event. Please make sure it has an appropriate `as` value and it is preloaded intentionally. @ http://localhost:3000/:0
[10511084ms] [WARNING] The resource https://i.ytimg.com/vi/VKeF820DlGU/maxresdefault.jpg was preloaded using link preload but not used within a few seconds from the window's load event. Please make sure it has an appropriate `as` value and it is preloaded intentionally. @ http://localhost:3000/:0
[10523844ms] [WARNING] The resource https://i.ytimg.com/vi/732dkRJZOLE/maxresdefault.jpg was preloaded using link preload but not used within a few seconds from the window's load event. Please make sure it has an appropriate `as` value and it is preloaded intentionally. @ http://localhost:3000/:0
[10523844ms] [WARNING] The resource https://i.ytimg.com/vi/-KnzDx8UV5M/maxresdefault.jpg was preloaded using link preload but not used within a few seconds from the window's load event. Please make sure it has an appropriate `as` value and it is preloaded intentionally. @ http://localhost:3000/:0
[10523844ms] [WARNING] The resource https://i.ytimg.com/vi/cXFQuxZF61Q/maxresdefault.jpg was preloaded using link preload but not used within a few seconds from the window's load event. Please make sure it has an appropriate `as` value and it is preloaded intentionally. @ http://localhost:3000/:0
[10523844ms] [WARNING] The resource https://i.ytimg.com/vi/haisvt45Kdc/maxresdefault.jpg was preloaded using link preload but not used within a few seconds from the window's load event. Please make sure it has an appropriate `as` value and it is preloaded intentionally. @ http://localhost:3000/:0
[10523844ms] [WARNING] The resource https://i.ytimg.com/vi/VKeF820DlGU/maxresdefault.jpg was preloaded using link preload but not used within a few seconds from the window's load event. Please make sure it has an appropriate `as` value and it is preloaded intentionally. @ http://localhost:3000/:0
[10546509ms] [WARNING] The resource https://i.ytimg.com/vi/732dkRJZOLE/maxresdefault.jpg was preloaded using link preload but not used within a few seconds from the window's load event. Please make sure it has an appropriate `as` value and it is preloaded intentionally. @ http://localhost:3000/:0
[10546509ms] [WARNING] The resource https://i.ytimg.com/vi/-KnzDx8UV5M/maxresdefault.jpg was preloaded using link preload but not used within a few seconds from the window's load event. Please make sure it has an appropriate `as` value and it is preloaded intentionally. @ http://localhost:3000/:0
[10546509ms] [WARNING] The resource https://i.ytimg.com/vi/cXFQuxZF61Q/maxresdefault.jpg was preloaded using link preload but not used within a few seconds from the window's load event. Please make sure it has an appropriate `as` value and it is preloaded intentionally. @ http://localhost:3000/:0
[10546509ms] [WARNING] The resource https://i.ytimg.com/vi/haisvt45Kdc/maxresdefault.jpg was preloaded using link preload but not used within a few seconds from the window's load event. Please make sure it has an appropriate `as` value and it is preloaded intentionally. @ http://localhost:3000/:0
[10546509ms] [WARNING] The resource https://i.ytimg.com/vi/VKeF820DlGU/maxresdefault.jpg was preloaded using link preload but not used within a few seconds from the window's load event. Please make sure it has an appropriate `as` value and it is preloaded intentionally. @ http://localhost:3000/:0
[10558447ms] [WARNING] The resource https://i.ytimg.com/vi/732dkRJZOLE/maxresdefault.jpg was preloaded using link preload but not used within a few seconds from the window's load event. Please make sure it has an appropriate `as` value and it is preloaded intentionally. @ http://localhost:3000/:0
[10558447ms] [WARNING] The resource https://i.ytimg.com/vi/-KnzDx8UV5M/maxresdefault.jpg was preloaded using link preload but not used within a few seconds from the window's load event. Please make sure it has an appropriate `as` value and it is preloaded intentionally. @ http://localhost:3000/:0
[10558447ms] [WARNING] The resource https://i.ytimg.com/vi/cXFQuxZF61Q/maxresdefault.jpg was preloaded using link preload but not used within a few seconds from the window's load event. Please make sure it has an appropriate `as` value and it is preloaded intentionally. @ http://localhost:3000/:0
[10558447ms] [WARNING] The resource https://i.ytimg.com/vi/haisvt45Kdc/maxresdefault.jpg was preloaded using link preload but not used within a few seconds from the window's load event. Please make sure it has an appropriate `as` value and it is preloaded intentionally. @ http://localhost:3000/:0
[10558447ms] [WARNING] The resource https://i.ytimg.com/vi/VKeF820DlGU/maxresdefault.jpg was preloaded using link preload but not used within a few seconds from the window's load event. Please make sure it has an appropriate `as` value and it is preloaded intentionally. @ http://localhost:3000/:0
[10581941ms] [WARNING] The resource https://i.ytimg.com/vi/732dkRJZOLE/maxresdefault.jpg was preloaded using link preload but not used within a few seconds from the window's load event. Please make sure it has an appropriate `as` value and it is preloaded intentionally. @ http://localhost:3000/:0
[10581941ms] [WARNING] The resource https://i.ytimg.com/vi/-KnzDx8UV5M/maxresdefault.jpg was preloaded using link preload but not used within a few seconds from the window's load event. Please make sure it has an appropriate `as` value and it is preloaded intentionally. @ http://localhost:3000/:0
[10581941ms] [WARNING] The resource https://i.ytimg.com/vi/cXFQuxZF61Q/maxresdefault.jpg was preloaded using link preload but not used within a few seconds from the window's load event. Please make sure it has an appropriate `as` value and it is preloaded intentionally. @ http://localhost:3000/:0
[10581941ms] [WARNING] The resource https://i.ytimg.com/vi/haisvt45Kdc/maxresdefault.jpg was preloaded using link preload but not used within a few seconds from the window's load event. Please make sure it has an appropriate `as` value and it is preloaded intentionally. @ http://localhost:3000/:0
[10581941ms] [WARNING] The resource https://i.ytimg.com/vi/VKeF820DlGU/maxresdefault.jpg was preloaded using link preload but not used within a few seconds from the window's load event. Please make sure it has an appropriate `as` value and it is preloaded intentionally. @ http://localhost:3000/:0
[10593887ms] [WARNING] The resource https://i.ytimg.com/vi/732dkRJZOLE/maxresdefault.jpg was preloaded using link preload but not used within a few seconds from the window's load event. Please make sure it has an appropriate `as` value and it is preloaded intentionally. @ http://localhost:3000/:0
[10593887ms] [WARNING] The resource https://i.ytimg.com/vi/-KnzDx8UV5M/maxresdefault.jpg was preloaded using link preload but not used within a few seconds from the window's load event. Please make sure it has an appropriate `as` value and it is preloaded intentionally. @ http://localhost:3000/:0
[10593887ms] [WARNING] The resource https://i.ytimg.com/vi/cXFQuxZF61Q/maxresdefault.jpg was preloaded using link preload but not used within a few seconds from the window's load event. Please make sure it has an appropriate `as` value and it is preloaded intentionally. @ http://localhost:3000/:0
[10593887ms] [WARNING] The resource https://i.ytimg.com/vi/haisvt45Kdc/maxresdefault.jpg was preloaded using link preload but not used within a few seconds from the window's load event. Please make sure it has an appropriate `as` value and it is preloaded intentionally. @ http://localhost:3000/:0
[10593887ms] [WARNING] The resource https://i.ytimg.com/vi/VKeF820DlGU/maxresdefault.jpg was preloaded using link preload but not used within a few seconds from the window's load event. Please make sure it has an appropriate `as` value and it is preloaded intentionally. @ http://localhost:3000/:0
[10617375ms] [WARNING] The resource https://i.ytimg.com/vi/732dkRJZOLE/maxresdefault.jpg was preloaded using link preload but not used within a few seconds from the window's load event. Please make sure it has an appropriate `as` value and it is preloaded intentionally. @ http://localhost:3000/:0
[10617375ms] [WARNING] The resource https://i.ytimg.com/vi/-KnzDx8UV5M/maxresdefault.jpg was preloaded using link preload but not used within a few seconds from the window's load event. Please make sure it has an appropriate `as` value and it is preloaded intentionally. @ http://localhost:3000/:0
[10617375ms] [WARNING] The resource https://i.ytimg.com/vi/cXFQuxZF61Q/maxresdefault.jpg was preloaded using link preload but not used within a few seconds from the window's load event. Please make sure it has an appropriate `as` value and it is preloaded intentionally. @ http://localhost:3000/:0
[10617375ms] [WARNING] The resource https://i.ytimg.com/vi/haisvt45Kdc/maxresdefault.jpg was preloaded using link preload but not used within a few seconds from the window's load event. Please make sure it has an appropriate `as` value and it is preloaded intentionally. @ http://localhost:3000/:0
[10617375ms] [WARNING] The resource https://i.ytimg.com/vi/VKeF820DlGU/maxresdefault.jpg was preloaded using link preload but not used within a few seconds from the window's load event. Please make sure it has an appropriate `as` value and it is preloaded intentionally. @ http://localhost:3000/:0
[10629316ms] [WARNING] The resource https://i.ytimg.com/vi/732dkRJZOLE/maxresdefault.jpg was preloaded using link preload but not used within a few seconds from the window's load event. Please make sure it has an appropriate `as` value and it is preloaded intentionally. @ http://localhost:3000/:0
[10629316ms] [WARNING] The resource https://i.ytimg.com/vi/-KnzDx8UV5M/maxresdefault.jpg was preloaded using link preload but not used within a few seconds from the window's load event. Please make sure it has an appropriate `as` value and it is preloaded intentionally. @ http://localhost:3000/:0
[10629316ms] [WARNING] The resource https://i.ytimg.com/vi/cXFQuxZF61Q/maxresdefault.jpg was preloaded using link preload but not used within a few seconds from the window's load event. Please make sure it has an appropriate `as` value and it is preloaded intentionally. @ http://localhost:3000/:0
[10629316ms] [WARNING] The resource https://i.ytimg.com/vi/haisvt45Kdc/maxresdefault.jpg was preloaded using link preload but not used within a few seconds from the window's load event. Please make sure it has an appropriate `as` value and it is preloaded intentionally. @ http://localhost:3000/:0
[10629316ms] [WARNING] The resource https://i.ytimg.com/vi/VKeF820DlGU/maxresdefault.jpg was preloaded using link preload but not used within a few seconds from the window's load event. Please make sure it has an appropriate `as` value and it is preloaded intentionally. @ http://localhost:3000/:0
[10652823ms] [WARNING] The resource https://i.ytimg.com/vi/732dkRJZOLE/maxresdefault.jpg was preloaded using link preload but not used within a few seconds from the window's load event. Please make sure it has an appropriate `as` value and it is preloaded intentionally. @ http://localhost:3000/:0
[10652823ms] [WARNING] The resource https://i.ytimg.com/vi/-KnzDx8UV5M/maxresdefault.jpg was preloaded using link preload but not used within a few seconds from the window's load event. Please make sure it has an appropriate `as` value and it is preloaded intentionally. @ http://localhost:3000/:0
[10652823ms] [WARNING] The resource https://i.ytimg.com/vi/cXFQuxZF61Q/maxresdefault.jpg was preloaded using link preload but not used within a few seconds from the window's load event. Please make sure it has an appropriate `as` value and it is preloaded intentionally. @ http://localhost:3000/:0
[10652823ms] [WARNING] The resource https://i.ytimg.com/vi/haisvt45Kdc/maxresdefault.jpg was preloaded using link preload but not used within a few seconds from the window's load event. Please make sure it has an appropriate `as` value and it is preloaded intentionally. @ http://localhost:3000/:0
[10652823ms] [WARNING] The resource https://i.ytimg.com/vi/VKeF820DlGU/maxresdefault.jpg was preloaded using link preload but not used within a few seconds from the window's load event. Please make sure it has an appropriate `as` value and it is preloaded intentionally. @ http://localhost:3000/:0
[10664760ms] [WARNING] The resource https://i.ytimg.com/vi/732dkRJZOLE/maxresdefault.jpg was preloaded using link preload but not used within a few seconds from the window's load event. Please make sure it has an appropriate `as` value and it is preloaded intentionally. @ http://localhost:3000/:0
[10664760ms] [WARNING] The resource https://i.ytimg.com/vi/-KnzDx8UV5M/maxresdefault.jpg was preloaded using link preload but not used within a few seconds from the window's load event. Please make sure it has an appropriate `as` value and it is preloaded intentionally. @ http://localhost:3000/:0
[10664760ms] [WARNING] The resource https://i.ytimg.com/vi/cXFQuxZF61Q/maxresdefault.jpg was preloaded using link preload but not used within a few seconds from the window's load event. Please make sure it has an appropriate `as` value and it is preloaded intentionally. @ http://localhost:3000/:0
[10664760ms] [WARNING] The resource https://i.ytimg.com/vi/haisvt45Kdc/maxresdefault.jpg was preloaded using link preload but not used within a few seconds from the window's load event. Please make sure it has an appropriate `as` value and it is preloaded intentionally. @ http://localhost:3000/:0
[10664760ms] [WARNING] The resource https://i.ytimg.com/vi/VKeF820DlGU/maxresdefault.jpg was preloaded using link preload but not used within a few seconds from the window's load event. Please make sure it has an appropriate `as` value and it is preloaded intentionally. @ http://localhost:3000/:0
[10688245ms] [WARNING] The resource https://i.ytimg.com/vi/732dkRJZOLE/maxresdefault.jpg was preloaded using link preload but not used within a few seconds from the window's load event. Please make sure it has an appropriate `as` value and it is preloaded intentionally. @ http://localhost:3000/:0
[10688245ms] [WARNING] The resource https://i.ytimg.com/vi/-KnzDx8UV5M/maxresdefault.jpg was preloaded using link preload but not used within a few seconds from the window's load event. Please make sure it has an appropriate `as` value and it is preloaded intentionally. @ http://localhost:3000/:0
[10688245ms] [WARNING] The resource https://i.ytimg.com/vi/cXFQuxZF61Q/maxresdefault.jpg was preloaded using link preload but not used within a few seconds from the window's load event. Please make sure it has an appropriate `as` value and it is preloaded intentionally. @ http://localhost:3000/:0
[10688245ms] [WARNING] The resource https://i.ytimg.com/vi/haisvt45Kdc/maxresdefault.jpg was preloaded using link preload but not used within a few seconds from the window's load event. Please make sure it has an appropriate `as` value and it is preloaded intentionally. @ http://localhost:3000/:0
[10688245ms] [WARNING] The resource https://i.ytimg.com/vi/VKeF820DlGU/maxresdefault.jpg was preloaded using link preload but not used within a few seconds from the window's load event. Please make sure it has an appropriate `as` value and it is preloaded intentionally. @ http://localhost:3000/:0
[10700184ms] [WARNING] The resource https://i.ytimg.com/vi/732dkRJZOLE/maxresdefault.jpg was preloaded using link preload but not used within a few seconds from the window's load event. Please make sure it has an appropriate `as` value and it is preloaded intentionally. @ http://localhost:3000/:0
[10700185ms] [WARNING] The resource https://i.ytimg.com/vi/-KnzDx8UV5M/maxresdefault.jpg was preloaded using link preload but not used within a few seconds from the window's load event. Please make sure it has an appropriate `as` value and it is preloaded intentionally. @ http://localhost:3000/:0
[10700185ms] [WARNING] The resource https://i.ytimg.com/vi/cXFQuxZF61Q/maxresdefault.jpg was preloaded using link preload but not used within a few seconds from the window's load event. Please make sure it has an appropriate `as` value and it is preloaded intentionally. @ http://localhost:3000/:0
[10700185ms] [WARNING] The resource https://i.ytimg.com/vi/haisvt45Kdc/maxresdefault.jpg was preloaded using link preload but not used within a few seconds from the window's load event. Please make sure it has an appropriate `as` value and it is preloaded intentionally. @ http://localhost:3000/:0
[10700185ms] [WARNING] The resource https://i.ytimg.com/vi/VKeF820DlGU/maxresdefault.jpg was preloaded using link preload but not used within a few seconds from the window's load event. Please make sure it has an appropriate `as` value and it is preloaded intentionally. @ http://localhost:3000/:0
[10723699ms] [WARNING] The resource https://i.ytimg.com/vi/732dkRJZOLE/maxresdefault.jpg was preloaded using link preload but not used within a few seconds from the window's load event. Please make sure it has an appropriate `as` value and it is preloaded intentionally. @ http://localhost:3000/:0
[10723700ms] [WARNING] The resource https://i.ytimg.com/vi/-KnzDx8UV5M/maxresdefault.jpg was preloaded using link preload but not used within a few seconds from the window's load event. Please make sure it has an appropriate `as` value and it is preloaded intentionally. @ http://localhost:3000/:0
[10723700ms] [WARNING] The resource https://i.ytimg.com/vi/cXFQuxZF61Q/maxresdefault.jpg was preloaded using link preload but not used within a few seconds from the window's load event. Please make sure it has an appropriate `as` value and it is preloaded intentionally. @ http://localhost:3000/:0
[10723700ms] [WARNING] The resource https://i.ytimg.com/vi/haisvt45Kdc/maxresdefault.jpg was preloaded using link preload but not used within a few seconds from the window's load event. Please make sure it has an appropriate `as` value and it is preloaded intentionally. @ http://localhost:3000/:0
[10723700ms] [WARNING] The resource https://i.ytimg.com/vi/VKeF820DlGU/maxresdefault.jpg was preloaded using link preload but not used within a few seconds from the window's load event. Please make sure it has an appropriate `as` value and it is preloaded intentionally. @ http://localhost:3000/:0
[10735638ms] [WARNING] The resource https://i.ytimg.com/vi/732dkRJZOLE/maxresdefault.jpg was preloaded using link preload but not used within a few seconds from the window's load event. Please make sure it has an appropriate `as` value and it is preloaded intentionally. @ http://localhost:3000/:0
[10735638ms] [WARNING] The resource https://i.ytimg.com/vi/-KnzDx8UV5M/maxresdefault.jpg was preloaded using link preload but not used within a few seconds from the window's load event. Please make sure it has an appropriate `as` value and it is preloaded intentionally. @ http://localhost:3000/:0
[10735638ms] [WARNING] The resource https://i.ytimg.com/vi/cXFQuxZF61Q/maxresdefault.jpg was preloaded using link preload but not used within a few seconds from the window's load event. Please make sure it has an appropriate `as` value and it is preloaded intentionally. @ http://localhost:3000/:0
[10735638ms] [WARNING] The resource https://i.ytimg.com/vi/haisvt45Kdc/maxresdefault.jpg was preloaded using link preload but not used within a few seconds from the window's load event. Please make sure it has an appropriate `as` value and it is preloaded intentionally. @ http://localhost:3000/:0
[10735638ms] [WARNING] The resource https://i.ytimg.com/vi/VKeF820DlGU/maxresdefault.jpg was preloaded using link preload but not used within a few seconds from the window's load event. Please make sure it has an appropriate `as` value and it is preloaded intentionally. @ http://localhost:3000/:0
[10744248ms] [LOG] [Fast Refresh] rebuilding @ http://localhost:3000/_next/static/chunks/node_modules_next_dist_f3530cac._.js:2297
[10745106ms] [LOG] [Fast Refresh] done in 883ms @ http://localhost:3000/_next/static/chunks/node_modules_next_dist_f3530cac._.js:2297
[10748110ms] [WARNING] The resource https://i.ytimg.com/vi/732dkRJZOLE/maxresdefault.jpg was preloaded using link preload but not used within a few seconds from the window's load event. Please make sure it has an appropriate `as` value and it is preloaded intentionally. @ http://localhost:3000/:0
[10748110ms] [WARNING] The resource https://i.ytimg.com/vi/-KnzDx8UV5M/maxresdefault.jpg was preloaded using link preload but not used within a few seconds from the window's load event. Please make sure it has an appropriate `as` value and it is preloaded intentionally. @ http://localhost:3000/:0
[10748110ms] [WARNING] The resource https://i.ytimg.com/vi/cXFQuxZF61Q/maxresdefault.jpg was preloaded using link preload but not used within a few seconds from the window's load event. Please make sure it has an appropriate `as` value and it is preloaded intentionally. @ http://localhost:3000/:0
[10748110ms] [WARNING] The resource https://i.ytimg.com/vi/haisvt45Kdc/maxresdefault.jpg was preloaded using link preload but not used within a few seconds from the window's load event. Please make sure it has an appropriate `as` value and it is preloaded intentionally. @ http://localhost:3000/:0
[10748110ms] [WARNING] The resource https://i.ytimg.com/vi/VKeF820DlGU/maxresdefault.jpg was preloaded using link preload but not used within a few seconds from the window's load event. Please make sure it has an appropriate `as` value and it is preloaded intentionally. @ http://localhost:3000/:0
[10759146ms] [WARNING] The resource https://i.ytimg.com/vi/732dkRJZOLE/maxresdefault.jpg was preloaded using link preload but not used within a few seconds from the window's load event. Please make sure it has an appropriate `as` value and it is preloaded intentionally. @ http://localhost:3000/:0
[10759146ms] [WARNING] The resource https://i.ytimg.com/vi/-KnzDx8UV5M/maxresdefault.jpg was preloaded using link preload but not used within a few seconds from the window's load event. Please make sure it has an appropriate `as` value and it is preloaded intentionally. @ http://localhost:3000/:0
[10759146ms] [WARNING] The resource https://i.ytimg.com/vi/cXFQuxZF61Q/maxresdefault.jpg was preloaded using link preload but not used within a few seconds from the window's load event. Please make sure it has an appropriate `as` value and it is preloaded intentionally. @ http://localhost:3000/:0
[10759146ms] [WARNING] The resource https://i.ytimg.com/vi/haisvt45Kdc/maxresdefault.jpg was preloaded using link preload but not used within a few seconds from the window's load event. Please make sure it has an appropriate `as` value and it is preloaded intentionally. @ http://localhost:3000/:0
[10759146ms] [WARNING] The resource https://i.ytimg.com/vi/VKeF820DlGU/maxresdefault.jpg was preloaded using link preload but not used within a few seconds from the window's load event. Please make sure it has an appropriate `as` value and it is preloaded intentionally. @ http://localhost:3000/:0
[10771092ms] [WARNING] The resource https://i.ytimg.com/vi/732dkRJZOLE/maxresdefault.jpg was preloaded using link preload but not used within a few seconds from the window's load event. Please make sure it has an appropriate `as` value and it is preloaded intentionally. @ http://localhost:3000/:0
[10771092ms] [WARNING] The resource https://i.ytimg.com/vi/-KnzDx8UV5M/maxresdefault.jpg was preloaded using link preload but not used within a few seconds from the window's load event. Please make sure it has an appropriate `as` value and it is preloaded intentionally. @ http://localhost:3000/:0
[10771092ms] [WARNING] The resource https://i.ytimg.com/vi/cXFQuxZF61Q/maxresdefault.jpg was preloaded using link preload but not used within a few seconds from the window's load event. Please make sure it has an appropriate `as` value and it is preloaded intentionally. @ http://localhost:3000/:0
[10771092ms] [WARNING] The resource https://i.ytimg.com/vi/haisvt45Kdc/maxresdefault.jpg was preloaded using link preload but not used within a few seconds from the window's load event. Please make sure it has an appropriate `as` value and it is preloaded intentionally. @ http://localhost:3000/:0
[10771092ms] [WARNING] The resource https://i.ytimg.com/vi/VKeF820DlGU/maxresdefault.jpg was preloaded using link preload but not used within a few seconds from the window's load event. Please make sure it has an appropriate `as` value and it is preloaded intentionally. @ http://localhost:3000/:0
[10794594ms] [WARNING] The resource https://i.ytimg.com/vi/732dkRJZOLE/maxresdefault.jpg was preloaded using link preload but not used within a few seconds from the window's load event. Please make sure it has an appropriate `as` value and it is preloaded intentionally. @ http://localhost:3000/:0
[10794594ms] [WARNING] The resource https://i.ytimg.com/vi/-KnzDx8UV5M/maxresdefault.jpg was preloaded using link preload but not used within a few seconds from the window's load event. Please make sure it has an appropriate `as` value and it is preloaded intentionally. @ http://localhost:3000/:0
[10794594ms] [WARNING] The resource https://i.ytimg.com/vi/cXFQuxZF61Q/maxresdefault.jpg was preloaded using link preload but not used within a few seconds from the window's load event. Please make sure it has an appropriate `as` value and it is preloaded intentionally. @ http://localhost:3000/:0
[10794594ms] [WARNING] The resource https://i.ytimg.com/vi/haisvt45Kdc/maxresdefault.jpg was preloaded using link preload but not used within a few seconds from the window's load event. Please make sure it has an appropriate `as` value and it is preloaded intentionally. @ http://localhost:3000/:0
[10794594ms] [WARNING] The resource https://i.ytimg.com/vi/VKeF820DlGU/maxresdefault.jpg was preloaded using link preload but not used within a few seconds from the window's load event. Please make sure it has an appropriate `as` value and it is preloaded intentionally. @ http://localhost:3000/:0
[10806570ms] [WARNING] The resource https://i.ytimg.com/vi/732dkRJZOLE/maxresdefault.jpg was preloaded using link preload but not used within a few seconds from the window's load event. Please make sure it has an appropriate `as` value and it is preloaded intentionally. @ http://localhost:3000/:0
[10806570ms] [WARNING] The resource https://i.ytimg.com/vi/-KnzDx8UV5M/maxresdefault.jpg was preloaded using link preload but not used within a few seconds from the window's load event. Please make sure it has an appropriate `as` value and it is preloaded intentionally. @ http://localhost:3000/:0
[10806570ms] [WARNING] The resource https://i.ytimg.com/vi/cXFQuxZF61Q/maxresdefault.jpg was preloaded using link preload but not used within a few seconds from the window's load event. Please make sure it has an appropriate `as` value and it is preloaded intentionally. @ http://localhost:3000/:0
[10806570ms] [WARNING] The resource https://i.ytimg.com/vi/haisvt45Kdc/maxresdefault.jpg was preloaded using link preload but not used within a few seconds from the window's load event. Please make sure it has an appropriate `as` value and it is preloaded intentionally. @ http://localhost:3000/:0
[10806570ms] [WARNING] The resource https://i.ytimg.com/vi/VKeF820DlGU/maxresdefault.jpg was preloaded using link preload but not used within a few seconds from the window's load event. Please make sure it has an appropriate `as` value and it is preloaded intentionally. @ http://localhost:3000/:0
[10830045ms] [WARNING] The resource https://i.ytimg.com/vi/732dkRJZOLE/maxresdefault.jpg was preloaded using link preload but not used within a few seconds from the window's load event. Please make sure it has an appropriate `as` value and it is preloaded intentionally. @ http://localhost:3000/:0
[10830046ms] [WARNING] The resource https://i.ytimg.com/vi/-KnzDx8UV5M/maxresdefault.jpg was preloaded using link preload but not used within a few seconds from the window's load event. Please make sure it has an appropriate `as` value and it is preloaded intentionally. @ http://localhost:3000/:0
[10830046ms] [WARNING] The resource https://i.ytimg.com/vi/cXFQuxZF61Q/maxresdefault.jpg was preloaded using link preload but not used within a few seconds from the window's load event. Please make sure it has an appropriate `as` value and it is preloaded intentionally. @ http://localhost:3000/:0
[10830046ms] [WARNING] The resource https://i.ytimg.com/vi/haisvt45Kdc/maxresdefault.jpg was preloaded using link preload but not used within a few seconds from the window's load event. Please make sure it has an appropriate `as` value and it is preloaded intentionally. @ http://localhost:3000/:0
[10830046ms] [WARNING] The resource https://i.ytimg.com/vi/VKeF820DlGU/maxresdefault.jpg was preloaded using link preload but not used within a few seconds from the window's load event. Please make sure it has an appropriate `as` value and it is preloaded intentionally. @ http://localhost:3000/:0
[10841987ms] [WARNING] The resource https://i.ytimg.com/vi/732dkRJZOLE/maxresdefault.jpg was preloaded using link preload but not used within a few seconds from the window's load event. Please make sure it has an appropriate `as` value and it is preloaded intentionally. @ http://localhost:3000/:0
[10841987ms] [WARNING] The resource https://i.ytimg.com/vi/-KnzDx8UV5M/maxresdefault.jpg was preloaded using link preload but not used within a few seconds from the window's load event. Please make sure it has an appropriate `as` value and it is preloaded intentionally. @ http://localhost:3000/:0
[10841987ms] [WARNING] The resource https://i.ytimg.com/vi/cXFQuxZF61Q/maxresdefault.jpg was preloaded using link preload but not used within a few seconds from the window's load event. Please make sure it has an appropriate `as` value and it is preloaded intentionally. @ http://localhost:3000/:0
[10841987ms] [WARNING] The resource https://i.ytimg.com/vi/haisvt45Kdc/maxresdefault.jpg was preloaded using link preload but not used within a few seconds from the window's load event. Please make sure it has an appropriate `as` value and it is preloaded intentionally. @ http://localhost:3000/:0
[10841987ms] [WARNING] The resource https://i.ytimg.com/vi/VKeF820DlGU/maxresdefault.jpg was preloaded using link preload but not used within a few seconds from the window's load event. Please make sure it has an appropriate `as` value and it is preloaded intentionally. @ http://localhost:3000/:0
[10865503ms] [WARNING] The resource https://i.ytimg.com/vi/732dkRJZOLE/maxresdefault.jpg was preloaded using link preload but not used within a few seconds from the window's load event. Please make sure it has an appropriate `as` value and it is preloaded intentionally. @ http://localhost:3000/:0
[10865504ms] [WARNING] The resource https://i.ytimg.com/vi/-KnzDx8UV5M/maxresdefault.jpg was preloaded using link preload but not used within a few seconds from the window's load event. Please make sure it has an appropriate `as` value and it is preloaded intentionally. @ http://localhost:3000/:0
[10865504ms] [WARNING] The resource https://i.ytimg.com/vi/cXFQuxZF61Q/maxresdefault.jpg was preloaded using link preload but not used within a few seconds from the window's load event. Please make sure it has an appropriate `as` value and it is preloaded intentionally. @ http://localhost:3000/:0
[10865504ms] [WARNING] The resource https://i.ytimg.com/vi/haisvt45Kdc/maxresdefault.jpg was preloaded using link preload but not used within a few seconds from the window's load event. Please make sure it has an appropriate `as` value and it is preloaded intentionally. @ http://localhost:3000/:0
[10865504ms] [WARNING] The resource https://i.ytimg.com/vi/VKeF820DlGU/maxresdefault.jpg was preloaded using link preload but not used within a few seconds from the window's load event. Please make sure it has an appropriate `as` value and it is preloaded intentionally. @ http://localhost:3000/:0
[10877457ms] [WARNING] The resource https://i.ytimg.com/vi/732dkRJZOLE/maxresdefault.jpg was preloaded using link preload but not used within a few seconds from the window's load event. Please make sure it has an appropriate `as` value and it is preloaded intentionally. @ http://localhost:3000/:0
[10877457ms] [WARNING] The resource https://i.ytimg.com/vi/-KnzDx8UV5M/maxresdefault.jpg was preloaded using link preload but not used within a few seconds from the window's load event. Please make sure it has an appropriate `as` value and it is preloaded intentionally. @ http://localhost:3000/:0
[10877457ms] [WARNING] The resource https://i.ytimg.com/vi/cXFQuxZF61Q/maxresdefault.jpg was preloaded using link preload but not used within a few seconds from the window's load event. Please make sure it has an appropriate `as` value and it is preloaded intentionally. @ http://localhost:3000/:0
[10877458ms] [WARNING] The resource https://i.ytimg.com/vi/haisvt45Kdc/maxresdefault.jpg was preloaded using link preload but not used within a few seconds from the window's load event. Please make sure it has an appropriate `as` value and it is preloaded intentionally. @ http://localhost:3000/:0
[10877458ms] [WARNING] The resource https://i.ytimg.com/vi/VKeF820DlGU/maxresdefault.jpg was preloaded using link preload but not used within a few seconds from the window's load event. Please make sure it has an appropriate `as` value and it is preloaded intentionally. @ http://localhost:3000/:0
[10900930ms] [WARNING] The resource https://i.ytimg.com/vi/732dkRJZOLE/maxresdefault.jpg was preloaded using link preload but not used within a few seconds from the window's load event. Please make sure it has an appropriate `as` value and it is preloaded intentionally. @ http://localhost:3000/:0
[10900930ms] [WARNING] The resource https://i.ytimg.com/vi/-KnzDx8UV5M/maxresdefault.jpg was preloaded using link preload but not used within a few seconds from the window's load event. Please make sure it has an appropriate `as` value and it is preloaded intentionally. @ http://localhost:3000/:0
[10900930ms] [WARNING] The resource https://i.ytimg.com/vi/cXFQuxZF61Q/maxresdefault.jpg was preloaded using link preload but not used within a few seconds from the window's load event. Please make sure it has an appropriate `as` value and it is preloaded intentionally. @ http://localhost:3000/:0
[10900930ms] [WARNING] The resource https://i.ytimg.com/vi/haisvt45Kdc/maxresdefault.jpg was preloaded using link preload but not used within a few seconds from the window's load event. Please make sure it has an appropriate `as` value and it is preloaded intentionally. @ http://localhost:3000/:0
[10900930ms] [WARNING] The resource https://i.ytimg.com/vi/VKeF820DlGU/maxresdefault.jpg was preloaded using link preload but not used within a few seconds from the window's load event. Please make sure it has an appropriate `as` value and it is preloaded intentionally. @ http://localhost:3000/:0
[10912848ms] [WARNING] The resource https://i.ytimg.com/vi/732dkRJZOLE/maxresdefault.jpg was preloaded using link preload but not used within a few seconds from the window's load event. Please make sure it has an appropriate `as` value and it is preloaded intentionally. @ http://localhost:3000/:0
[10912848ms] [WARNING] The resource https://i.ytimg.com/vi/-KnzDx8UV5M/maxresdefault.jpg was preloaded using link preload but not used within a few seconds from the window's load event. Please make sure it has an appropriate `as` value and it is preloaded intentionally. @ http://localhost:3000/:0
[10912848ms] [WARNING] The resource https://i.ytimg.com/vi/cXFQuxZF61Q/maxresdefault.jpg was preloaded using link preload but not used within a few seconds from the window's load event. Please make sure it has an appropriate `as` value and it is preloaded intentionally. @ http://localhost:3000/:0
[10912848ms] [WARNING] The resource https://i.ytimg.com/vi/haisvt45Kdc/maxresdefault.jpg was preloaded using link preload but not used within a few seconds from the window's load event. Please make sure it has an appropriate `as` value and it is preloaded intentionally. @ http://localhost:3000/:0
[10912848ms] [WARNING] The resource https://i.ytimg.com/vi/VKeF820DlGU/maxresdefault.jpg was preloaded using link preload but not used within a few seconds from the window's load event. Please make sure it has an appropriate `as` value and it is preloaded intentionally. @ http://localhost:3000/:0
[10936360ms] [WARNING] The resource https://i.ytimg.com/vi/732dkRJZOLE/maxresdefault.jpg was preloaded using link preload but not used within a few seconds from the window's load event. Please make sure it has an appropriate `as` value and it is preloaded intentionally. @ http://localhost:3000/:0
[10936360ms] [WARNING] The resource https://i.ytimg.com/vi/-KnzDx8UV5M/maxresdefault.jpg was preloaded using link preload but not used within a few seconds from the window's load event. Please make sure it has an appropriate `as` value and it is preloaded intentionally. @ http://localhost:3000/:0
[10936360ms] [WARNING] The resource https://i.ytimg.com/vi/cXFQuxZF61Q/maxresdefault.jpg was preloaded using link preload but not used within a few seconds from the window's load event. Please make sure it has an appropriate `as` value and it is preloaded intentionally. @ http://localhost:3000/:0
[10936360ms] [WARNING] The resource https://i.ytimg.com/vi/haisvt45Kdc/maxresdefault.jpg was preloaded using link preload but not used within a few seconds from the window's load event. Please make sure it has an appropriate `as` value and it is preloaded intentionally. @ http://localhost:3000/:0
[10936360ms] [WARNING] The resource https://i.ytimg.com/vi/VKeF820DlGU/maxresdefault.jpg was preloaded using link preload but not used within a few seconds from the window's load event. Please make sure it has an appropriate `as` value and it is preloaded intentionally. @ http://localhost:3000/:0
[10948286ms] [WARNING] The resource https://i.ytimg.com/vi/732dkRJZOLE/maxresdefault.jpg was preloaded using link preload but not used within a few seconds from the window's load event. Please make sure it has an appropriate `as` value and it is preloaded intentionally. @ http://localhost:3000/:0
[10948286ms] [WARNING] The resource https://i.ytimg.com/vi/-KnzDx8UV5M/maxresdefault.jpg was preloaded using link preload but not used within a few seconds from the window's load event. Please make sure it has an appropriate `as` value and it is preloaded intentionally. @ http://localhost:3000/:0
[10948286ms] [WARNING] The resource https://i.ytimg.com/vi/cXFQuxZF61Q/maxresdefault.jpg was preloaded using link preload but not used within a few seconds from the window's load event. Please make sure it has an appropriate `as` value and it is preloaded intentionally. @ http://localhost:3000/:0
[10948286ms] [WARNING] The resource https://i.ytimg.com/vi/haisvt45Kdc/maxresdefault.jpg was preloaded using link preload but not used within a few seconds from the window's load event. Please make sure it has an appropriate `as` value and it is preloaded intentionally. @ http://localhost:3000/:0
[10948286ms] [WARNING] The resource https://i.ytimg.com/vi/VKeF820DlGU/maxresdefault.jpg was preloaded using link preload but not used within a few seconds from the window's load event. Please make sure it has an appropriate `as` value and it is preloaded intentionally. @ http://localhost:3000/:0
[10971798ms] [WARNING] The resource https://i.ytimg.com/vi/732dkRJZOLE/maxresdefault.jpg was preloaded using link preload but not used within a few seconds from the window's load event. Please make sure it has an appropriate `as` value and it is preloaded intentionally. @ http://localhost:3000/:0
[10971798ms] [WARNING] The resource https://i.ytimg.com/vi/-KnzDx8UV5M/maxresdefault.jpg was preloaded using link preload but not used within a few seconds from the window's load event. Please make sure it has an appropriate `as` value and it is preloaded intentionally. @ http://localhost:3000/:0
[10971798ms] [WARNING] The resource https://i.ytimg.com/vi/cXFQuxZF61Q/maxresdefault.jpg was preloaded using link preload but not used within a few seconds from the window's load event. Please make sure it has an appropriate `as` value and it is preloaded intentionally. @ http://localhost:3000/:0
[10971798ms] [WARNING] The resource https://i.ytimg.com/vi/haisvt45Kdc/maxresdefault.jpg was preloaded using link preload but not used within a few seconds from the window's load event. Please make sure it has an appropriate `as` value and it is preloaded intentionally. @ http://localhost:3000/:0
[10971798ms] [WARNING] The resource https://i.ytimg.com/vi/VKeF820DlGU/maxresdefault.jpg was preloaded using link preload but not used within a few seconds from the window's load event. Please make sure it has an appropriate `as` value and it is preloaded intentionally. @ http://localhost:3000/:0
[10983750ms] [WARNING] The resource https://i.ytimg.com/vi/732dkRJZOLE/maxresdefault.jpg was preloaded using link preload but not used within a few seconds from the window's load event. Please make sure it has an appropriate `as` value and it is preloaded intentionally. @ http://localhost:3000/:0
[10983750ms] [WARNING] The resource https://i.ytimg.com/vi/-KnzDx8UV5M/maxresdefault.jpg was preloaded using link preload but not used within a few seconds from the window's load event. Please make sure it has an appropriate `as` value and it is preloaded intentionally. @ http://localhost:3000/:0
[10983750ms] [WARNING] The resource https://i.ytimg.com/vi/cXFQuxZF61Q/maxresdefault.jpg was preloaded using link preload but not used within a few seconds from the window's load event. Please make sure it has an appropriate `as` value and it is preloaded intentionally. @ http://localhost:3000/:0
[10983750ms] [WARNING] The resource https://i.ytimg.com/vi/haisvt45Kdc/maxresdefault.jpg was preloaded using link preload but not used within a few seconds from the window's load event. Please make sure it has an appropriate `as` value and it is preloaded intentionally. @ http://localhost:3000/:0
[10983750ms] [WARNING] The resource https://i.ytimg.com/vi/VKeF820DlGU/maxresdefault.jpg was preloaded using link preload but not used within a few seconds from the window's load event. Please make sure it has an appropriate `as` value and it is preloaded intentionally. @ http://localhost:3000/:0
[11007235ms] [WARNING] The resource https://i.ytimg.com/vi/732dkRJZOLE/maxresdefault.jpg was preloaded using link preload but not used within a few seconds from the window's load event. Please make sure it has an appropriate `as` value and it is preloaded intentionally. @ http://localhost:3000/:0
[11007235ms] [WARNING] The resource https://i.ytimg.com/vi/-KnzDx8UV5M/maxresdefault.jpg was preloaded using link preload but not used within a few seconds from the window's load event. Please make sure it has an appropriate `as` value and it is preloaded intentionally. @ http://localhost:3000/:0
[11007235ms] [WARNING] The resource https://i.ytimg.com/vi/cXFQuxZF61Q/maxresdefault.jpg was preloaded using link preload but not used within a few seconds from the window's load event. Please make sure it has an appropriate `as` value and it is preloaded intentionally. @ http://localhost:3000/:0
[11007235ms] [WARNING] The resource https://i.ytimg.com/vi/haisvt45Kdc/maxresdefault.jpg was preloaded using link preload but not used within a few seconds from the window's load event. Please make sure it has an appropriate `as` value and it is preloaded intentionally. @ http://localhost:3000/:0
[11007235ms] [WARNING] The resource https://i.ytimg.com/vi/VKeF820DlGU/maxresdefault.jpg was preloaded using link preload but not used within a few seconds from the window's load event. Please make sure it has an appropriate `as` value and it is preloaded intentionally. @ http://localhost:3000/:0
[11019176ms] [WARNING] The resource https://i.ytimg.com/vi/732dkRJZOLE/maxresdefault.jpg was preloaded using link preload but not used within a few seconds from the window's load event. Please make sure it has an appropriate `as` value and it is preloaded intentionally. @ http://localhost:3000/:0
[11019176ms] [WARNING] The resource https://i.ytimg.com/vi/-KnzDx8UV5M/maxresdefault.jpg was preloaded using link preload but not used within a few seconds from the window's load event. Please make sure it has an appropriate `as` value and it is preloaded intentionally. @ http://localhost:3000/:0
[11019176ms] [WARNING] The resource https://i.ytimg.com/vi/cXFQuxZF61Q/maxresdefault.jpg was preloaded using link preload but not used within a few seconds from the window's load event. Please make sure it has an appropriate `as` value and it is preloaded intentionally. @ http://localhost:3000/:0
[11019176ms] [WARNING] The resource https://i.ytimg.com/vi/haisvt45Kdc/maxresdefault.jpg was preloaded using link preload but not used within a few seconds from the window's load event. Please make sure it has an appropriate `as` value and it is preloaded intentionally. @ http://localhost:3000/:0
[11019176ms] [WARNING] The resource https://i.ytimg.com/vi/VKeF820DlGU/maxresdefault.jpg was preloaded using link preload but not used within a few seconds from the window's load event. Please make sure it has an appropriate `as` value and it is preloaded intentionally. @ http://localhost:3000/:0
[11042672ms] [WARNING] The resource https://i.ytimg.com/vi/732dkRJZOLE/maxresdefault.jpg was preloaded using link preload but not used within a few seconds from the window's load event. Please make sure it has an appropriate `as` value and it is preloaded intentionally. @ http://localhost:3000/:0
[11042672ms] [WARNING] The resource https://i.ytimg.com/vi/-KnzDx8UV5M/maxresdefault.jpg was preloaded using link preload but not used within a few seconds from the window's load event. Please make sure it has an appropriate `as` value and it is preloaded intentionally. @ http://localhost:3000/:0
[11042672ms] [WARNING] The resource https://i.ytimg.com/vi/cXFQuxZF61Q/maxresdefault.jpg was preloaded using link preload but not used within a few seconds from the window's load event. Please make sure it has an appropriate `as` value and it is preloaded intentionally. @ http://localhost:3000/:0
[11042672ms] [WARNING] The resource https://i.ytimg.com/vi/haisvt45Kdc/maxresdefault.jpg was preloaded using link preload but not used within a few seconds from the window's load event. Please make sure it has an appropriate `as` value and it is preloaded intentionally. @ http://localhost:3000/:0
[11042672ms] [WARNING] The resource https://i.ytimg.com/vi/VKeF820DlGU/maxresdefault.jpg was preloaded using link preload but not used within a few seconds from the window's load event. Please make sure it has an appropriate `as` value and it is preloaded intentionally. @ http://localhost:3000/:0
[11049301ms] [LOG] [Fast Refresh] rebuilding @ http://localhost:3000/_next/static/chunks/node_modules_next_dist_f3530cac._.js:2297
[11049411ms] [LOG] [Fast Refresh] done in 213ms @ http://localhost:3000/_next/static/chunks/node_modules_next_dist_f3530cac._.js:2297
[11052435ms] [LOG] [Fast Refresh] rebuilding @ http://localhost:3000/_next/static/chunks/node_modules_next_dist_f3530cac._.js:2297
[11052639ms] [LOG] [Fast Refresh] done in 310ms @ http://localhost:3000/_next/static/chunks/node_modules_next_dist_f3530cac._.js:2297
[11054629ms] [WARNING] The resource https://i.ytimg.com/vi/732dkRJZOLE/maxresdefault.jpg was preloaded using link preload but not used within a few seconds from the window's load event. Please make sure it has an appropriate `as` value and it is preloaded intentionally. @ http://localhost:3000/:0
[11054629ms] [WARNING] The resource https://i.ytimg.com/vi/-KnzDx8UV5M/maxresdefault.jpg was preloaded using link preload but not used within a few seconds from the window's load event. Please make sure it has an appropriate `as` value and it is preloaded intentionally. @ http://localhost:3000/:0
[11054629ms] [WARNING] The resource https://i.ytimg.com/vi/cXFQuxZF61Q/maxresdefault.jpg was preloaded using link preload but not used within a few seconds from the window's load event. Please make sure it has an appropriate `as` value and it is preloaded intentionally. @ http://localhost:3000/:0
[11054629ms] [WARNING] The resource https://i.ytimg.com/vi/haisvt45Kdc/maxresdefault.jpg was preloaded using link preload but not used within a few seconds from the window's load event. Please make sure it has an appropriate `as` value and it is preloaded intentionally. @ http://localhost:3000/:0
[11054629ms] [WARNING] The resource https://i.ytimg.com/vi/VKeF820DlGU/maxresdefault.jpg was preloaded using link preload but not used within a few seconds from the window's load event. Please make sure it has an appropriate `as` value and it is preloaded intentionally. @ http://localhost:3000/:0
[11078114ms] [WARNING] The resource https://i.ytimg.com/vi/732dkRJZOLE/maxresdefault.jpg was preloaded using link preload but not used within a few seconds from the window's load event. Please make sure it has an appropriate `as` value and it is preloaded intentionally. @ http://localhost:3000/:0
[11078114ms] [WARNING] The resource https://i.ytimg.com/vi/-KnzDx8UV5M/maxresdefault.jpg was preloaded using link preload but not used within a few seconds from the window's load event. Please make sure it has an appropriate `as` value and it is preloaded intentionally. @ http://localhost:3000/:0
[11078114ms] [WARNING] The resource https://i.ytimg.com/vi/cXFQuxZF61Q/maxresdefault.jpg was preloaded using link preload but not used within a few seconds from the window's load event. Please make sure it has an appropriate `as` value and it is preloaded intentionally. @ http://localhost:3000/:0
[11078114ms] [WARNING] The resource https://i.ytimg.com/vi/haisvt45Kdc/maxresdefault.jpg was preloaded using link preload but not used within a few seconds from the window's load event. Please make sure it has an appropriate `as` value and it is preloaded intentionally. @ http://localhost:3000/:0
[11078114ms] [WARNING] The resource https://i.ytimg.com/vi/VKeF820DlGU/maxresdefault.jpg was preloaded using link preload but not used within a few seconds from the window's load event. Please make sure it has an appropriate `as` value and it is preloaded intentionally. @ http://localhost:3000/:0
[11090065ms] [WARNING] The resource https://i.ytimg.com/vi/732dkRJZOLE/maxresdefault.jpg was preloaded using link preload but not used within a few seconds from the window's load event. Please make sure it has an appropriate `as` value and it is preloaded intentionally. @ http://localhost:3000/:0
[11090065ms] [WARNING] The resource https://i.ytimg.com/vi/-KnzDx8UV5M/maxresdefault.jpg was preloaded using link preload but not used within a few seconds from the window's load event. Please make sure it has an appropriate `as` value and it is preloaded intentionally. @ http://localhost:3000/:0
[11090065ms] [WARNING] The resource https://i.ytimg.com/vi/cXFQuxZF61Q/maxresdefault.jpg was preloaded using link preload but not used within a few seconds from the window's load event. Please make sure it has an appropriate `as` value and it is preloaded intentionally. @ http://localhost:3000/:0
[11090065ms] [WARNING] The resource https://i.ytimg.com/vi/haisvt45Kdc/maxresdefault.jpg was preloaded using link preload but not used within a few seconds from the window's load event. Please make sure it has an appropriate `as` value and it is preloaded intentionally. @ http://localhost:3000/:0
[11090065ms] [WARNING] The resource https://i.ytimg.com/vi/VKeF820DlGU/maxresdefault.jpg was preloaded using link preload but not used within a few seconds from the window's load event. Please make sure it has an appropriate `as` value and it is preloaded intentionally. @ http://localhost:3000/:0
[11113596ms] [WARNING] The resource https://i.ytimg.com/vi/732dkRJZOLE/maxresdefault.jpg was preloaded using link preload but not used within a few seconds from the window's load event. Please make sure it has an appropriate `as` value and it is preloaded intentionally. @ http://localhost:3000/:0
[11113596ms] [WARNING] The resource https://i.ytimg.com/vi/-KnzDx8UV5M/maxresdefault.jpg was preloaded using link preload but not used within a few seconds from the window's load event. Please make sure it has an appropriate `as` value and it is preloaded intentionally. @ http://localhost:3000/:0
[11113596ms] [WARNING] The resource https://i.ytimg.com/vi/cXFQuxZF61Q/maxresdefault.jpg was preloaded using link preload but not used within a few seconds from the window's load event. Please make sure it has an appropriate `as` value and it is preloaded intentionally. @ http://localhost:3000/:0
[11113596ms] [WARNING] The resource https://i.ytimg.com/vi/haisvt45Kdc/maxresdefault.jpg was preloaded using link preload but not used within a few seconds from the window's load event. Please make sure it has an appropriate `as` value and it is preloaded intentionally. @ http://localhost:3000/:0
[11113596ms] [WARNING] The resource https://i.ytimg.com/vi/VKeF820DlGU/maxresdefault.jpg was preloaded using link preload but not used within a few seconds from the window's load event. Please make sure it has an appropriate `as` value and it is preloaded intentionally. @ http://localhost:3000/:0
[11125526ms] [WARNING] The resource https://i.ytimg.com/vi/732dkRJZOLE/maxresdefault.jpg was preloaded using link preload but not used within a few seconds from the window's load event. Please make sure it has an appropriate `as` value and it is preloaded intentionally. @ http://localhost:3000/:0
[11125526ms] [WARNING] The resource https://i.ytimg.com/vi/-KnzDx8UV5M/maxresdefault.jpg was preloaded using link preload but not used within a few seconds from the window's load event. Please make sure it has an appropriate `as` value and it is preloaded intentionally. @ http://localhost:3000/:0
[11125526ms] [WARNING] The resource https://i.ytimg.com/vi/cXFQuxZF61Q/maxresdefault.jpg was preloaded using link preload but not used within a few seconds from the window's load event. Please make sure it has an appropriate `as` value and it is preloaded intentionally. @ http://localhost:3000/:0
[11125526ms] [WARNING] The resource https://i.ytimg.com/vi/haisvt45Kdc/maxresdefault.jpg was preloaded using link preload but not used within a few seconds from the window's load event. Please make sure it has an appropriate `as` value and it is preloaded intentionally. @ http://localhost:3000/:0
[11125526ms] [WARNING] The resource https://i.ytimg.com/vi/VKeF820DlGU/maxresdefault.jpg was preloaded using link preload but not used within a few seconds from the window's load event. Please make sure it has an appropriate `as` value and it is preloaded intentionally. @ http://localhost:3000/:0
[11140114ms] [ERROR] WebSocket connection to 'ws://localhost:3000/_next/webpack-hmr?id=TSXK9Fu7FGJbUR4gR5P5L' failed: Error in connection establishment: net::ERR_CONNECTION_REFUSED @ http://localhost:3000/_next/static/chunks/node_modules_next_dist_client_17643121._.js:10878
[11144832ms] [LOG] [HMR] connected @ http://localhost:3000/_next/static/chunks/node_modules_next_dist_f3530cac._.js:2297
[11147575ms] [INFO] %cDownload the React DevTools for a better development experience: https://react.dev/link/react-devtools font-weight:bold @ http://localhost:3000/_next/static/chunks/node_modules_next_dist_f3530cac._.js:2297
[11147762ms] [LOG] [HMR] connected @ http://localhost:3000/_next/static/chunks/node_modules_next_dist_f3530cac._.js:2297
[11151275ms] [WARNING] The resource https://i.ytimg.com/vi/732dkRJZOLE/maxresdefault.jpg was preloaded using link preload but not used within a few seconds from the window's load event. Please make sure it has an appropriate `as` value and it is preloaded intentionally. @ http://localhost:3000/:0
[11151275ms] [WARNING] The resource https://i.ytimg.com/vi/-KnzDx8UV5M/maxresdefault.jpg was preloaded using link preload but not used within a few seconds from the window's load event. Please make sure it has an appropriate `as` value and it is preloaded intentionally. @ http://localhost:3000/:0
[11151275ms] [WARNING] The resource https://i.ytimg.com/vi/cXFQuxZF61Q/maxresdefault.jpg was preloaded using link preload but not used within a few seconds from the window's load event. Please make sure it has an appropriate `as` value and it is preloaded intentionally. @ http://localhost:3000/:0
[11151275ms] [WARNING] The resource https://i.ytimg.com/vi/haisvt45Kdc/maxresdefault.jpg was preloaded using link preload but not used within a few seconds from the window's load event. Please make sure it has an appropriate `as` value and it is preloaded intentionally. @ http://localhost:3000/:0
[11151275ms] [WARNING] The resource https://i.ytimg.com/vi/VKeF820DlGU/maxresdefault.jpg was preloaded using link preload but not used within a few seconds from the window's load event. Please make sure it has an appropriate `as` value and it is preloaded intentionally. @ http://localhost:3000/:0
[11171786ms] [WARNING] The resource https://i.ytimg.com/vi/732dkRJZOLE/maxresdefault.jpg was preloaded using link preload but not used within a few seconds from the window's load event. Please make sure it has an appropriate `as` value and it is preloaded intentionally. @ http://localhost:3000/:0
[11171786ms] [WARNING] The resource https://i.ytimg.com/vi/-KnzDx8UV5M/maxresdefault.jpg was preloaded using link preload but not used within a few seconds from the window's load event. Please make sure it has an appropriate `as` value and it is preloaded intentionally. @ http://localhost:3000/:0
[11171786ms] [WARNING] The resource https://i.ytimg.com/vi/cXFQuxZF61Q/maxresdefault.jpg was preloaded using link preload but not used within a few seconds from the window's load event. Please make sure it has an appropriate `as` value and it is preloaded intentionally. @ http://localhost:3000/:0
[11171786ms] [WARNING] The resource https://i.ytimg.com/vi/haisvt45Kdc/maxresdefault.jpg was preloaded using link preload but not used within a few seconds from the window's load event. Please make sure it has an appropriate `as` value and it is preloaded intentionally. @ http://localhost:3000/:0
[11171786ms] [WARNING] The resource https://i.ytimg.com/vi/VKeF820DlGU/maxresdefault.jpg was preloaded using link preload but not used within a few seconds from the window's load event. Please make sure it has an appropriate `as` value and it is preloaded intentionally. @ http://localhost:3000/:0
[11180353ms] [LOG] [Fast Refresh] rebuilding @ http://localhost:3000/_next/static/chunks/node_modules_next_dist_f3530cac._.js:2297
[11180988ms] [LOG] [Fast Refresh] done in 740ms @ http://localhost:3000/_next/static/chunks/node_modules_next_dist_f3530cac._.js:2297
[11181905ms] [LOG] [Fast Refresh] rebuilding @ http://localhost:3000/_next/static/chunks/node_modules_next_dist_f3530cac._.js:2297
[11182027ms] [LOG] [Fast Refresh] done in 227ms @ http://localhost:3000/_next/static/chunks/node_modules_next_dist_f3530cac._.js:2297
[11182156ms] [LOG] [Fast Refresh] rebuilding @ http://localhost:3000/_next/static/chunks/node_modules_next_dist_f3530cac._.js:2297
[11182178ms] [LOG] [Fast Refresh] done in 131ms @ http://localhost:3000/_next/static/chunks/node_modules_next_dist_f3530cac._.js:2297
[11183658ms] [WARNING] The resource https://i.ytimg.com/vi/732dkRJZOLE/maxresdefault.jpg was preloaded using link preload but not used within a few seconds from the window's load event. Please make sure it has an appropriate `as` value and it is preloaded intentionally. @ http://localhost:3000/:0
[11183658ms] [WARNING] The resource https://i.ytimg.com/vi/-KnzDx8UV5M/maxresdefault.jpg was preloaded using link preload but not used within a few seconds from the window's load event. Please make sure it has an appropriate `as` value and it is preloaded intentionally. @ http://localhost:3000/:0
[11183658ms] [WARNING] The resource https://i.ytimg.com/vi/cXFQuxZF61Q/maxresdefault.jpg was preloaded using link preload but not used within a few seconds from the window's load event. Please make sure it has an appropriate `as` value and it is preloaded intentionally. @ http://localhost:3000/:0
[11183658ms] [WARNING] The resource https://i.ytimg.com/vi/haisvt45Kdc/maxresdefault.jpg was preloaded using link preload but not used within a few seconds from the window's load event. Please make sure it has an appropriate `as` value and it is preloaded intentionally. @ http://localhost:3000/:0
[11183658ms] [WARNING] The resource https://i.ytimg.com/vi/VKeF820DlGU/maxresdefault.jpg was preloaded using link preload but not used within a few seconds from the window's load event. Please make sure it has an appropriate `as` value and it is preloaded intentionally. @ http://localhost:3000/:0
[11204224ms] [WARNING] The resource https://i.ytimg.com/vi/732dkRJZOLE/maxresdefault.jpg was preloaded using link preload but not used within a few seconds from the window's load event. Please make sure it has an appropriate `as` value and it is preloaded intentionally. @ http://localhost:3000/:0
[11204224ms] [WARNING] The resource https://i.ytimg.com/vi/-KnzDx8UV5M/maxresdefault.jpg was preloaded using link preload but not used within a few seconds from the window's load event. Please make sure it has an appropriate `as` value and it is preloaded intentionally. @ http://localhost:3000/:0
[11204224ms] [WARNING] The resource https://i.ytimg.com/vi/cXFQuxZF61Q/maxresdefault.jpg was preloaded using link preload but not used within a few seconds from the window's load event. Please make sure it has an appropriate `as` value and it is preloaded intentionally. @ http://localhost:3000/:0
[11204224ms] [WARNING] The resource https://i.ytimg.com/vi/haisvt45Kdc/maxresdefault.jpg was preloaded using link preload but not used within a few seconds from the window's load event. Please make sure it has an appropriate `as` value and it is preloaded intentionally. @ http://localhost:3000/:0
[11204224ms] [WARNING] The resource https://i.ytimg.com/vi/VKeF820DlGU/maxresdefault.jpg was preloaded using link preload but not used within a few seconds from the window's load event. Please make sure it has an appropriate `as` value and it is preloaded intentionally. @ http://localhost:3000/:0
[11222306ms] [WARNING] The resource https://i.ytimg.com/vi/732dkRJZOLE/maxresdefault.jpg was preloaded using link preload but not used within a few seconds from the window's load event. Please make sure it has an appropriate `as` value and it is preloaded intentionally. @ http://localhost:3000/:0
[11222306ms] [WARNING] The resource https://i.ytimg.com/vi/-KnzDx8UV5M/maxresdefault.jpg was preloaded using link preload but not used within a few seconds from the window's load event. Please make sure it has an appropriate `as` value and it is preloaded intentionally. @ http://localhost:3000/:0
[11222306ms] [WARNING] The resource https://i.ytimg.com/vi/cXFQuxZF61Q/maxresdefault.jpg was preloaded using link preload but not used within a few seconds from the window's load event. Please make sure it has an appropriate `as` value and it is preloaded intentionally. @ http://localhost:3000/:0
[11222306ms] [WARNING] The resource https://i.ytimg.com/vi/haisvt45Kdc/maxresdefault.jpg was preloaded using link preload but not used within a few seconds from the window's load event. Please make sure it has an appropriate `as` value and it is preloaded intentionally. @ http://localhost:3000/:0
[11222306ms] [WARNING] The resource https://i.ytimg.com/vi/VKeF820DlGU/maxresdefault.jpg was preloaded using link preload but not used within a few seconds from the window's load event. Please make sure it has an appropriate `as` value and it is preloaded intentionally. @ http://localhost:3000/:0
[11224732ms] [LOG] [Fast Refresh] rebuilding @ http://localhost:3000/_next/static/chunks/node_modules_next_dist_f3530cac._.js:2297
[11225018ms] [LOG] [Fast Refresh] done in 358ms @ http://localhost:3000/_next/static/chunks/node_modules_next_dist_f3530cac._.js:2297
[11228015ms] [WARNING] The resource https://i.ytimg.com/vi/732dkRJZOLE/maxresdefault.jpg was preloaded using link preload but not used within a few seconds from the window's load event. Please make sure it has an appropriate `as` value and it is preloaded intentionally. @ http://localhost:3000/:0
[11228015ms] [WARNING] The resource https://i.ytimg.com/vi/-KnzDx8UV5M/maxresdefault.jpg was preloaded using link preload but not used within a few seconds from the window's load event. Please make sure it has an appropriate `as` value and it is preloaded intentionally. @ http://localhost:3000/:0
[11228015ms] [WARNING] The resource https://i.ytimg.com/vi/cXFQuxZF61Q/maxresdefault.jpg was preloaded using link preload but not used within a few seconds from the window's load event. Please make sure it has an appropriate `as` value and it is preloaded intentionally. @ http://localhost:3000/:0
[11228015ms] [WARNING] The resource https://i.ytimg.com/vi/haisvt45Kdc/maxresdefault.jpg was preloaded using link preload but not used within a few seconds from the window's load event. Please make sure it has an appropriate `as` value and it is preloaded intentionally. @ http://localhost:3000/:0
[11228015ms] [WARNING] The resource https://i.ytimg.com/vi/VKeF820DlGU/maxresdefault.jpg was preloaded using link preload but not used within a few seconds from the window's load event. Please make sure it has an appropriate `as` value and it is preloaded intentionally. @ http://localhost:3000/:0
[11228929ms] [LOG] [Fast Refresh] rebuilding @ http://localhost:3000/_next/static/chunks/node_modules_next_dist_f3530cac._.js:2297
[11228954ms] [LOG] [Fast Refresh] done in 127ms @ http://localhost:3000/_next/static/chunks/node_modules_next_dist_f3530cac._.js:2297
[11235759ms] [WARNING] The resource https://i.ytimg.com/vi/732dkRJZOLE/maxresdefault.jpg was preloaded using link preload but not used within a few seconds from the window's load event. Please make sure it has an appropriate `as` value and it is preloaded intentionally. @ http://localhost:3000/:0
[11235760ms] [WARNING] The resource https://i.ytimg.com/vi/-KnzDx8UV5M/maxresdefault.jpg was preloaded using link preload but not used within a few seconds from the window's load event. Please make sure it has an appropriate `as` value and it is preloaded intentionally. @ http://localhost:3000/:0
[11235760ms] [WARNING] The resource https://i.ytimg.com/vi/cXFQuxZF61Q/maxresdefault.jpg was preloaded using link preload but not used within a few seconds from the window's load event. Please make sure it has an appropriate `as` value and it is preloaded intentionally. @ http://localhost:3000/:0
[11235760ms] [WARNING] The resource https://i.ytimg.com/vi/haisvt45Kdc/maxresdefault.jpg was preloaded using link preload but not used within a few seconds from the window's load event. Please make sure it has an appropriate `as` value and it is preloaded intentionally. @ http://localhost:3000/:0
[11235760ms] [WARNING] The resource https://i.ytimg.com/vi/VKeF820DlGU/maxresdefault.jpg was preloaded using link preload but not used within a few seconds from the window's load event. Please make sure it has an appropriate `as` value and it is preloaded intentionally. @ http://localhost:3000/:0
[11237245ms] [LOG] [Fast Refresh] rebuilding @ http://localhost:3000/_next/static/chunks/node_modules_next_dist_f3530cac._.js:2297
[11237584ms] [LOG] [Fast Refresh] done in 448ms @ http://localhost:3000/_next/static/chunks/node_modules_next_dist_f3530cac._.js:2297
[11240539ms] [WARNING] The resource https://i.ytimg.com/vi/732dkRJZOLE/maxresdefault.jpg was preloaded using link preload but not used within a few seconds from the window's load event. Please make sure it has an appropriate `as` value and it is preloaded intentionally. @ http://localhost:3000/:0
[11240540ms] [WARNING] The resource https://i.ytimg.com/vi/-KnzDx8UV5M/maxresdefault.jpg was preloaded using link preload but not used within a few seconds from the window's load event. Please make sure it has an appropriate `as` value and it is preloaded intentionally. @ http://localhost:3000/:0
[11240540ms] [WARNING] The resource https://i.ytimg.com/vi/cXFQuxZF61Q/maxresdefault.jpg was preloaded using link preload but not used within a few seconds from the window's load event. Please make sure it has an appropriate `as` value and it is preloaded intentionally. @ http://localhost:3000/:0
[11240540ms] [WARNING] The resource https://i.ytimg.com/vi/haisvt45Kdc/maxresdefault.jpg was preloaded using link preload but not used within a few seconds from the window's load event. Please make sure it has an appropriate `as` value and it is preloaded intentionally. @ http://localhost:3000/:0
[11240540ms] [WARNING] The resource https://i.ytimg.com/vi/VKeF820DlGU/maxresdefault.jpg was preloaded using link preload but not used within a few seconds from the window's load event. Please make sure it has an appropriate `as` value and it is preloaded intentionally. @ http://localhost:3000/:0
[11243590ms] [LOG] [Fast Refresh] rebuilding @ http://localhost:3000/_next/static/chunks/node_modules_next_dist_f3530cac._.js:2297
[11243898ms] [LOG] [Fast Refresh] done in 359ms @ http://localhost:3000/_next/static/chunks/node_modules_next_dist_f3530cac._.js:2297
[11246880ms] [WARNING] The resource https://i.ytimg.com/vi/732dkRJZOLE/maxresdefault.jpg was preloaded using link preload but not used within a few seconds from the window's load event. Please make sure it has an appropriate `as` value and it is preloaded intentionally. @ http://localhost:3000/:0
[11246880ms] [WARNING] The resource https://i.ytimg.com/vi/-KnzDx8UV5M/maxresdefault.jpg was preloaded using link preload but not used within a few seconds from the window's load event. Please make sure it has an appropriate `as` value and it is preloaded intentionally. @ http://localhost:3000/:0
[11246880ms] [WARNING] The resource https://i.ytimg.com/vi/cXFQuxZF61Q/maxresdefault.jpg was preloaded using link preload but not used within a few seconds from the window's load event. Please make sure it has an appropriate `as` value and it is preloaded intentionally. @ http://localhost:3000/:0
[11246880ms] [WARNING] The resource https://i.ytimg.com/vi/haisvt45Kdc/maxresdefault.jpg was preloaded using link preload but not used within a few seconds from the window's load event. Please make sure it has an appropriate `as` value and it is preloaded intentionally. @ http://localhost:3000/:0
[11246880ms] [WARNING] The resource https://i.ytimg.com/vi/VKeF820DlGU/maxresdefault.jpg was preloaded using link preload but not used within a few seconds from the window's load event. Please make sure it has an appropriate `as` value and it is preloaded intentionally. @ http://localhost:3000/:0
[11247819ms] [LOG] [Fast Refresh] rebuilding @ http://localhost:3000/_next/static/chunks/node_modules_next_dist_f3530cac._.js:2297
[11247963ms] [LOG] [Fast Refresh] done in 249ms @ http://localhost:3000/_next/static/chunks/node_modules_next_dist_f3530cac._.js:2297
[11257669ms] [WARNING] The resource https://i.ytimg.com/vi/732dkRJZOLE/maxresdefault.jpg was preloaded using link preload but not used within a few seconds from the window's load event. Please make sure it has an appropriate `as` value and it is preloaded intentionally. @ http://localhost:3000/:0
[11257669ms] [WARNING] The resource https://i.ytimg.com/vi/-KnzDx8UV5M/maxresdefault.jpg was preloaded using link preload but not used within a few seconds from the window's load event. Please make sure it has an appropriate `as` value and it is preloaded intentionally. @ http://localhost:3000/:0
[11257669ms] [WARNING] The resource https://i.ytimg.com/vi/cXFQuxZF61Q/maxresdefault.jpg was preloaded using link preload but not used within a few seconds from the window's load event. Please make sure it has an appropriate `as` value and it is preloaded intentionally. @ http://localhost:3000/:0
[11257669ms] [WARNING] The resource https://i.ytimg.com/vi/haisvt45Kdc/maxresdefault.jpg was preloaded using link preload but not used within a few seconds from the window's load event. Please make sure it has an appropriate `as` value and it is preloaded intentionally. @ http://localhost:3000/:0
[11257669ms] [WARNING] The resource https://i.ytimg.com/vi/VKeF820DlGU/maxresdefault.jpg was preloaded using link preload but not used within a few seconds from the window's load event. Please make sure it has an appropriate `as` value and it is preloaded intentionally. @ http://localhost:3000/:0
[11269525ms] [WARNING] The resource https://i.ytimg.com/vi/732dkRJZOLE/maxresdefault.jpg was preloaded using link preload but not used within a few seconds from the window's load event. Please make sure it has an appropriate `as` value and it is preloaded intentionally. @ http://localhost:3000/:0
[11269525ms] [WARNING] The resource https://i.ytimg.com/vi/-KnzDx8UV5M/maxresdefault.jpg was preloaded using link preload but not used within a few seconds from the window's load event. Please make sure it has an appropriate `as` value and it is preloaded intentionally. @ http://localhost:3000/:0
[11269525ms] [WARNING] The resource https://i.ytimg.com/vi/cXFQuxZF61Q/maxresdefault.jpg was preloaded using link preload but not used within a few seconds from the window's load event. Please make sure it has an appropriate `as` value and it is preloaded intentionally. @ http://localhost:3000/:0
[11269525ms] [WARNING] The resource https://i.ytimg.com/vi/haisvt45Kdc/maxresdefault.jpg was preloaded using link preload but not used within a few seconds from the window's load event. Please make sure it has an appropriate `as` value and it is preloaded intentionally. @ http://localhost:3000/:0
[11269525ms] [WARNING] The resource https://i.ytimg.com/vi/VKeF820DlGU/maxresdefault.jpg was preloaded using link preload but not used within a few seconds from the window's load event. Please make sure it has an appropriate `as` value and it is preloaded intentionally. @ http://localhost:3000/:0
[11273919ms] [LOG] [Fast Refresh] rebuilding @ http://localhost:3000/_next/static/chunks/node_modules_next_dist_f3530cac._.js:2297
[11274020ms] [LOG] [Fast Refresh] done in 202ms @ http://localhost:3000/_next/static/chunks/node_modules_next_dist_f3530cac._.js:2297
[11286835ms] [LOG] [Fast Refresh] rebuilding @ http://localhost:3000/_next/static/chunks/node_modules_next_dist_f3530cac._.js:2297
[11287163ms] [LOG] [Fast Refresh] done in 435ms @ http://localhost:3000/_next/static/chunks/node_modules_next_dist_f3530cac._.js:2297
[11291270ms] [LOG] [Fast Refresh] rebuilding @ http://localhost:3000/_next/static/chunks/node_modules_next_dist_f3530cac._.js:2297
[11291300ms] [LOG] [Fast Refresh] done in 133ms @ http://localhost:3000/_next/static/chunks/node_modules_next_dist_f3530cac._.js:2297
[11293035ms] [WARNING] The resource https://i.ytimg.com/vi/732dkRJZOLE/maxresdefault.jpg was preloaded using link preload but not used within a few seconds from the window's load event. Please make sure it has an appropriate `as` value and it is preloaded intentionally. @ http://localhost:3000/:0
[11293035ms] [WARNING] The resource https://i.ytimg.com/vi/-KnzDx8UV5M/maxresdefault.jpg was preloaded using link preload but not used within a few seconds from the window's load event. Please make sure it has an appropriate `as` value and it is preloaded intentionally. @ http://localhost:3000/:0
[11293035ms] [WARNING] The resource https://i.ytimg.com/vi/cXFQuxZF61Q/maxresdefault.jpg was preloaded using link preload but not used within a few seconds from the window's load event. Please make sure it has an appropriate `as` value and it is preloaded intentionally. @ http://localhost:3000/:0
[11293035ms] [WARNING] The resource https://i.ytimg.com/vi/haisvt45Kdc/maxresdefault.jpg was preloaded using link preload but not used within a few seconds from the window's load event. Please make sure it has an appropriate `as` value and it is preloaded intentionally. @ http://localhost:3000/:0
[11293035ms] [WARNING] The resource https://i.ytimg.com/vi/VKeF820DlGU/maxresdefault.jpg was preloaded using link preload but not used within a few seconds from the window's load event. Please make sure it has an appropriate `as` value and it is preloaded intentionally. @ http://localhost:3000/:0
[11304989ms] [WARNING] The resource https://i.ytimg.com/vi/732dkRJZOLE/maxresdefault.jpg was preloaded using link preload but not used within a few seconds from the window's load event. Please make sure it has an appropriate `as` value and it is preloaded intentionally. @ http://localhost:3000/:0
[11304989ms] [WARNING] The resource https://i.ytimg.com/vi/-KnzDx8UV5M/maxresdefault.jpg was preloaded using link preload but not used within a few seconds from the window's load event. Please make sure it has an appropriate `as` value and it is preloaded intentionally. @ http://localhost:3000/:0
[11304989ms] [WARNING] The resource https://i.ytimg.com/vi/cXFQuxZF61Q/maxresdefault.jpg was preloaded using link preload but not used within a few seconds from the window's load event. Please make sure it has an appropriate `as` value and it is preloaded intentionally. @ http://localhost:3000/:0
[11304989ms] [WARNING] The resource https://i.ytimg.com/vi/haisvt45Kdc/maxresdefault.jpg was preloaded using link preload but not used within a few seconds from the window's load event. Please make sure it has an appropriate `as` value and it is preloaded intentionally. @ http://localhost:3000/:0
[11304989ms] [WARNING] The resource https://i.ytimg.com/vi/VKeF820DlGU/maxresdefault.jpg was preloaded using link preload but not used within a few seconds from the window's load event. Please make sure it has an appropriate `as` value and it is preloaded intentionally. @ http://localhost:3000/:0
[11316487ms] [LOG] [Fast Refresh] rebuilding @ http://localhost:3000/_next/static/chunks/node_modules_next_dist_f3530cac._.js:2297
[11316704ms] [LOG] [Fast Refresh] done in 319ms @ http://localhost:3000/_next/static/chunks/node_modules_next_dist_f3530cac._.js:2297
[11328491ms] [WARNING] The resource https://i.ytimg.com/vi/732dkRJZOLE/maxresdefault.jpg was preloaded using link preload but not used within a few seconds from the window's load event. Please make sure it has an appropriate `as` value and it is preloaded intentionally. @ http://localhost:3000/:0
[11328491ms] [WARNING] The resource https://i.ytimg.com/vi/-KnzDx8UV5M/maxresdefault.jpg was preloaded using link preload but not used within a few seconds from the window's load event. Please make sure it has an appropriate `as` value and it is preloaded intentionally. @ http://localhost:3000/:0
[11328491ms] [WARNING] The resource https://i.ytimg.com/vi/cXFQuxZF61Q/maxresdefault.jpg was preloaded using link preload but not used within a few seconds from the window's load event. Please make sure it has an appropriate `as` value and it is preloaded intentionally. @ http://localhost:3000/:0
[11328491ms] [WARNING] The resource https://i.ytimg.com/vi/haisvt45Kdc/maxresdefault.jpg was preloaded using link preload but not used within a few seconds from the window's load event. Please make sure it has an appropriate `as` value and it is preloaded intentionally. @ http://localhost:3000/:0
[11328492ms] [WARNING] The resource https://i.ytimg.com/vi/VKeF820DlGU/maxresdefault.jpg was preloaded using link preload but not used within a few seconds from the window's load event. Please make sure it has an appropriate `as` value and it is preloaded intentionally. @ http://localhost:3000/:0
[11337816ms] [LOG] [HMR] connected @ http://localhost:3000/_next/static/chunks/node_modules_next_dist_f3530cac._.js:2297
[11340487ms] [INFO] %cDownload the React DevTools for a better development experience: https://react.dev/link/react-devtools font-weight:bold @ http://localhost:3000/_next/static/chunks/node_modules_next_dist_f3530cac._.js:2297
[11340557ms] [LOG] [HMR] connected @ http://localhost:3000/_next/static/chunks/node_modules_next_dist_f3530cac._.js:2297
[11343936ms] [WARNING] The resource https://i.ytimg.com/vi/732dkRJZOLE/maxresdefault.jpg was preloaded using link preload but not used within a few seconds from the window's load event. Please make sure it has an appropriate `as` value and it is preloaded intentionally. @ http://localhost:3000/:0
[11343936ms] [WARNING] The resource https://i.ytimg.com/vi/-KnzDx8UV5M/maxresdefault.jpg was preloaded using link preload but not used within a few seconds from the window's load event. Please make sure it has an appropriate `as` value and it is preloaded intentionally. @ http://localhost:3000/:0
[11343936ms] [WARNING] The resource https://i.ytimg.com/vi/cXFQuxZF61Q/maxresdefault.jpg was preloaded using link preload but not used within a few seconds from the window's load event. Please make sure it has an appropriate `as` value and it is preloaded intentionally. @ http://localhost:3000/:0
[11343936ms] [WARNING] The resource https://i.ytimg.com/vi/haisvt45Kdc/maxresdefault.jpg was preloaded using link preload but not used within a few seconds from the window's load event. Please make sure it has an appropriate `as` value and it is preloaded intentionally. @ http://localhost:3000/:0
[11343936ms] [WARNING] The resource https://i.ytimg.com/vi/VKeF820DlGU/maxresdefault.jpg was preloaded using link preload but not used within a few seconds from the window's load event. Please make sure it has an appropriate `as` value and it is preloaded intentionally. @ http://localhost:3000/:0
[11351838ms] [LOG] [Fast Refresh] rebuilding @ http://localhost:3000/_next/static/chunks/node_modules_next_dist_f3530cac._.js:2297
[11352151ms] [LOG] [Fast Refresh] done in 368ms @ http://localhost:3000/_next/static/chunks/node_modules_next_dist_f3530cac._.js:2297
[11355130ms] [WARNING] The resource https://i.ytimg.com/vi/732dkRJZOLE/maxresdefault.jpg was preloaded using link preload but not used within a few seconds from the window's load event. Please make sure it has an appropriate `as` value and it is preloaded intentionally. @ http://localhost:3000/:0
[11355130ms] [WARNING] The resource https://i.ytimg.com/vi/-KnzDx8UV5M/maxresdefault.jpg was preloaded using link preload but not used within a few seconds from the window's load event. Please make sure it has an appropriate `as` value and it is preloaded intentionally. @ http://localhost:3000/:0
[11355130ms] [WARNING] The resource https://i.ytimg.com/vi/cXFQuxZF61Q/maxresdefault.jpg was preloaded using link preload but not used within a few seconds from the window's load event. Please make sure it has an appropriate `as` value and it is preloaded intentionally. @ http://localhost:3000/:0
[11355130ms] [WARNING] The resource https://i.ytimg.com/vi/haisvt45Kdc/maxresdefault.jpg was preloaded using link preload but not used within a few seconds from the window's load event. Please make sure it has an appropriate `as` value and it is preloaded intentionally. @ http://localhost:3000/:0
[11355130ms] [WARNING] The resource https://i.ytimg.com/vi/VKeF820DlGU/maxresdefault.jpg was preloaded using link preload but not used within a few seconds from the window's load event. Please make sure it has an appropriate `as` value and it is preloaded intentionally. @ http://localhost:3000/:0
[11355892ms] [LOG] [Fast Refresh] rebuilding @ http://localhost:3000/_next/static/chunks/node_modules_next_dist_f3530cac._.js:2297
[11355897ms] [LOG] [Fast Refresh] done in 107ms @ http://localhost:3000/_next/static/chunks/node_modules_next_dist_f3530cac._.js:2297
[11364634ms] [WARNING] The resource https://i.ytimg.com/vi/732dkRJZOLE/maxresdefault.jpg was preloaded using link preload but not used within a few seconds from the window's load event. Please make sure it has an appropriate `as` value and it is preloaded intentionally. @ http://localhost:3000/:0
[11364634ms] [WARNING] The resource https://i.ytimg.com/vi/-KnzDx8UV5M/maxresdefault.jpg was preloaded using link preload but not used within a few seconds from the window's load event. Please make sure it has an appropriate `as` value and it is preloaded intentionally. @ http://localhost:3000/:0
[11364634ms] [WARNING] The resource https://i.ytimg.com/vi/cXFQuxZF61Q/maxresdefault.jpg was preloaded using link preload but not used within a few seconds from the window's load event. Please make sure it has an appropriate `as` value and it is preloaded intentionally. @ http://localhost:3000/:0
[11364634ms] [WARNING] The resource https://i.ytimg.com/vi/haisvt45Kdc/maxresdefault.jpg was preloaded using link preload but not used within a few seconds from the window's load event. Please make sure it has an appropriate `as` value and it is preloaded intentionally. @ http://localhost:3000/:0
[11364634ms] [WARNING] The resource https://i.ytimg.com/vi/VKeF820DlGU/maxresdefault.jpg was preloaded using link preload but not used within a few seconds from the window's load event. Please make sure it has an appropriate `as` value and it is preloaded intentionally. @ http://localhost:3000/:0
[11396731ms] [WARNING] The resource https://i.ytimg.com/vi/732dkRJZOLE/maxresdefault.jpg was preloaded using link preload but not used within a few seconds from the window's load event. Please make sure it has an appropriate `as` value and it is preloaded intentionally. @ http://localhost:3000/:0
[11396731ms] [WARNING] The resource https://i.ytimg.com/vi/-KnzDx8UV5M/maxresdefault.jpg was preloaded using link preload but not used within a few seconds from the window's load event. Please make sure it has an appropriate `as` value and it is preloaded intentionally. @ http://localhost:3000/:0
[11396731ms] [WARNING] The resource https://i.ytimg.com/vi/cXFQuxZF61Q/maxresdefault.jpg was preloaded using link preload but not used within a few seconds from the window's load event. Please make sure it has an appropriate `as` value and it is preloaded intentionally. @ http://localhost:3000/:0
[11396731ms] [WARNING] The resource https://i.ytimg.com/vi/haisvt45Kdc/maxresdefault.jpg was preloaded using link preload but not used within a few seconds from the window's load event. Please make sure it has an appropriate `as` value and it is preloaded intentionally. @ http://localhost:3000/:0
[11396731ms] [WARNING] The resource https://i.ytimg.com/vi/VKeF820DlGU/maxresdefault.jpg was preloaded using link preload but not used within a few seconds from the window's load event. Please make sure it has an appropriate `as` value and it is preloaded intentionally. @ http://localhost:3000/:0
[11414899ms] [WARNING] The resource https://i.ytimg.com/vi/732dkRJZOLE/maxresdefault.jpg was preloaded using link preload but not used within a few seconds from the window's load event. Please make sure it has an appropriate `as` value and it is preloaded intentionally. @ http://localhost:3000/:0
[11414899ms] [WARNING] The resource https://i.ytimg.com/vi/-KnzDx8UV5M/maxresdefault.jpg was preloaded using link preload but not used within a few seconds from the window's load event. Please make sure it has an appropriate `as` value and it is preloaded intentionally. @ http://localhost:3000/:0
[11414899ms] [WARNING] The resource https://i.ytimg.com/vi/cXFQuxZF61Q/maxresdefault.jpg was preloaded using link preload but not used within a few seconds from the window's load event. Please make sure it has an appropriate `as` value and it is preloaded intentionally. @ http://localhost:3000/:0
[11414899ms] [WARNING] The resource https://i.ytimg.com/vi/haisvt45Kdc/maxresdefault.jpg was preloaded using link preload but not used within a few seconds from the window's load event. Please make sure it has an appropriate `as` value and it is preloaded intentionally. @ http://localhost:3000/:0
[11414899ms] [WARNING] The resource https://i.ytimg.com/vi/VKeF820DlGU/maxresdefault.jpg was preloaded using link preload but not used within a few seconds from the window's load event. Please make sure it has an appropriate `as` value and it is preloaded intentionally. @ http://localhost:3000/:0
[11428334ms] [WARNING] The resource https://i.ytimg.com/vi/732dkRJZOLE/maxresdefault.jpg was preloaded using link preload but not used within a few seconds from the window's load event. Please make sure it has an appropriate `as` value and it is preloaded intentionally. @ http://localhost:3000/:0
[11428334ms] [WARNING] The resource https://i.ytimg.com/vi/-KnzDx8UV5M/maxresdefault.jpg was preloaded using link preload but not used within a few seconds from the window's load event. Please make sure it has an appropriate `as` value and it is preloaded intentionally. @ http://localhost:3000/:0
[11428334ms] [WARNING] The resource https://i.ytimg.com/vi/cXFQuxZF61Q/maxresdefault.jpg was preloaded using link preload but not used within a few seconds from the window's load event. Please make sure it has an appropriate `as` value and it is preloaded intentionally. @ http://localhost:3000/:0
[11428334ms] [WARNING] The resource https://i.ytimg.com/vi/haisvt45Kdc/maxresdefault.jpg was preloaded using link preload but not used within a few seconds from the window's load event. Please make sure it has an appropriate `as` value and it is preloaded intentionally. @ http://localhost:3000/:0
[11428334ms] [WARNING] The resource https://i.ytimg.com/vi/VKeF820DlGU/maxresdefault.jpg was preloaded using link preload but not used within a few seconds from the window's load event. Please make sure it has an appropriate `as` value and it is preloaded intentionally. @ http://localhost:3000/:0
[11450252ms] [WARNING] The resource https://i.ytimg.com/vi/732dkRJZOLE/maxresdefault.jpg was preloaded using link preload but not used within a few seconds from the window's load event. Please make sure it has an appropriate `as` value and it is preloaded intentionally. @ http://localhost:3000/:0
[11450252ms] [WARNING] The resource https://i.ytimg.com/vi/-KnzDx8UV5M/maxresdefault.jpg was preloaded using link preload but not used within a few seconds from the window's load event. Please make sure it has an appropriate `as` value and it is preloaded intentionally. @ http://localhost:3000/:0
[11450252ms] [WARNING] The resource https://i.ytimg.com/vi/cXFQuxZF61Q/maxresdefault.jpg was preloaded using link preload but not used within a few seconds from the window's load event. Please make sure it has an appropriate `as` value and it is preloaded intentionally. @ http://localhost:3000/:0
[11450252ms] [WARNING] The resource https://i.ytimg.com/vi/haisvt45Kdc/maxresdefault.jpg was preloaded using link preload but not used within a few seconds from the window's load event. Please make sure it has an appropriate `as` value and it is preloaded intentionally. @ http://localhost:3000/:0
[11450252ms] [WARNING] The resource https://i.ytimg.com/vi/VKeF820DlGU/maxresdefault.jpg was preloaded using link preload but not used within a few seconds from the window's load event. Please make sure it has an appropriate `as` value and it is preloaded intentionally. @ http://localhost:3000/:0
[11462207ms] [WARNING] The resource https://i.ytimg.com/vi/732dkRJZOLE/maxresdefault.jpg was preloaded using link preload but not used within a few seconds from the window's load event. Please make sure it has an appropriate `as` value and it is preloaded intentionally. @ http://localhost:3000/:0
[11462207ms] [WARNING] The resource https://i.ytimg.com/vi/-KnzDx8UV5M/maxresdefault.jpg was preloaded using link preload but not used within a few seconds from the window's load event. Please make sure it has an appropriate `as` value and it is preloaded intentionally. @ http://localhost:3000/:0
[11462207ms] [WARNING] The resource https://i.ytimg.com/vi/cXFQuxZF61Q/maxresdefault.jpg was preloaded using link preload but not used within a few seconds from the window's load event. Please make sure it has an appropriate `as` value and it is preloaded intentionally. @ http://localhost:3000/:0
[11462207ms] [WARNING] The resource https://i.ytimg.com/vi/haisvt45Kdc/maxresdefault.jpg was preloaded using link preload but not used within a few seconds from the window's load event. Please make sure it has an appropriate `as` value and it is preloaded intentionally. @ http://localhost:3000/:0
[11462207ms] [WARNING] The resource https://i.ytimg.com/vi/VKeF820DlGU/maxresdefault.jpg was preloaded using link preload but not used within a few seconds from the window's load event. Please make sure it has an appropriate `as` value and it is preloaded intentionally. @ http://localhost:3000/:0
[11483743ms] [LOG] [Fast Refresh] rebuilding @ http://localhost:3000/_next/static/chunks/node_modules_next_dist_f3530cac._.js:2297
[11483757ms] [LOG] [Fast Refresh] done in 115ms @ http://localhost:3000/_next/static/chunks/node_modules_next_dist_f3530cac._.js:2297
[11485700ms] [WARNING] The resource https://i.ytimg.com/vi/732dkRJZOLE/maxresdefault.jpg was preloaded using link preload but not used within a few seconds from the window's load event. Please make sure it has an appropriate `as` value and it is preloaded intentionally. @ http://localhost:3000/:0
[11485700ms] [WARNING] The resource https://i.ytimg.com/vi/-KnzDx8UV5M/maxresdefault.jpg was preloaded using link preload but not used within a few seconds from the window's load event. Please make sure it has an appropriate `as` value and it is preloaded intentionally. @ http://localhost:3000/:0
[11485700ms] [WARNING] The resource https://i.ytimg.com/vi/cXFQuxZF61Q/maxresdefault.jpg was preloaded using link preload but not used within a few seconds from the window's load event. Please make sure it has an appropriate `as` value and it is preloaded intentionally. @ http://localhost:3000/:0
[11485700ms] [WARNING] The resource https://i.ytimg.com/vi/haisvt45Kdc/maxresdefault.jpg was preloaded using link preload but not used within a few seconds from the window's load event. Please make sure it has an appropriate `as` value and it is preloaded intentionally. @ http://localhost:3000/:0
[11485701ms] [WARNING] The resource https://i.ytimg.com/vi/VKeF820DlGU/maxresdefault.jpg was preloaded using link preload but not used within a few seconds from the window's load event. Please make sure it has an appropriate `as` value and it is preloaded intentionally. @ http://localhost:3000/:0
[11497653ms] [WARNING] The resource https://i.ytimg.com/vi/732dkRJZOLE/maxresdefault.jpg was preloaded using link preload but not used within a few seconds from the window's load event. Please make sure it has an appropriate `as` value and it is preloaded intentionally. @ http://localhost:3000/:0
[11497653ms] [WARNING] The resource https://i.ytimg.com/vi/-KnzDx8UV5M/maxresdefault.jpg was preloaded using link preload but not used within a few seconds from the window's load event. Please make sure it has an appropriate `as` value and it is preloaded intentionally. @ http://localhost:3000/:0
[11497653ms] [WARNING] The resource https://i.ytimg.com/vi/cXFQuxZF61Q/maxresdefault.jpg was preloaded using link preload but not used within a few seconds from the window's load event. Please make sure it has an appropriate `as` value and it is preloaded intentionally. @ http://localhost:3000/:0
[11497653ms] [WARNING] The resource https://i.ytimg.com/vi/haisvt45Kdc/maxresdefault.jpg was preloaded using link preload but not used within a few seconds from the window's load event. Please make sure it has an appropriate `as` value and it is preloaded intentionally. @ http://localhost:3000/:0
[11497653ms] [WARNING] The resource https://i.ytimg.com/vi/VKeF820DlGU/maxresdefault.jpg was preloaded using link preload but not used within a few seconds from the window's load event. Please make sure it has an appropriate `as` value and it is preloaded intentionally. @ http://localhost:3000/:0
[11521136ms] [WARNING] The resource https://i.ytimg.com/vi/732dkRJZOLE/maxresdefault.jpg was preloaded using link preload but not used within a few seconds from the window's load event. Please make sure it has an appropriate `as` value and it is preloaded intentionally. @ http://localhost:3000/:0
[11521136ms] [WARNING] The resource https://i.ytimg.com/vi/-KnzDx8UV5M/maxresdefault.jpg was preloaded using link preload but not used within a few seconds from the window's load event. Please make sure it has an appropriate `as` value and it is preloaded intentionally. @ http://localhost:3000/:0
[11521136ms] [WARNING] The resource https://i.ytimg.com/vi/cXFQuxZF61Q/maxresdefault.jpg was preloaded using link preload but not used within a few seconds from the window's load event. Please make sure it has an appropriate `as` value and it is preloaded intentionally. @ http://localhost:3000/:0
[11521136ms] [WARNING] The resource https://i.ytimg.com/vi/haisvt45Kdc/maxresdefault.jpg was preloaded using link preload but not used within a few seconds from the window's load event. Please make sure it has an appropriate `as` value and it is preloaded intentionally. @ http://localhost:3000/:0
[11521136ms] [WARNING] The resource https://i.ytimg.com/vi/VKeF820DlGU/maxresdefault.jpg was preloaded using link preload but not used within a few seconds from the window's load event. Please make sure it has an appropriate `as` value and it is preloaded intentionally. @ http://localhost:3000/:0
[11533092ms] [WARNING] The resource https://i.ytimg.com/vi/732dkRJZOLE/maxresdefault.jpg was preloaded using link preload but not used within a few seconds from the window's load event. Please make sure it has an appropriate `as` value and it is preloaded intentionally. @ http://localhost:3000/:0
[11533092ms] [WARNING] The resource https://i.ytimg.com/vi/-KnzDx8UV5M/maxresdefault.jpg was preloaded using link preload but not used within a few seconds from the window's load event. Please make sure it has an appropriate `as` value and it is preloaded intentionally. @ http://localhost:3000/:0
[11533092ms] [WARNING] The resource https://i.ytimg.com/vi/cXFQuxZF61Q/maxresdefault.jpg was preloaded using link preload but not used within a few seconds from the window's load event. Please make sure it has an appropriate `as` value and it is preloaded intentionally. @ http://localhost:3000/:0
[11533092ms] [WARNING] The resource https://i.ytimg.com/vi/haisvt45Kdc/maxresdefault.jpg was preloaded using link preload but not used within a few seconds from the window's load event. Please make sure it has an appropriate `as` value and it is preloaded intentionally. @ http://localhost:3000/:0
[11533092ms] [WARNING] The resource https://i.ytimg.com/vi/VKeF820DlGU/maxresdefault.jpg was preloaded using link preload but not used within a few seconds from the window's load event. Please make sure it has an appropriate `as` value and it is preloaded intentionally. @ http://localhost:3000/:0
[11556564ms] [WARNING] The resource https://i.ytimg.com/vi/732dkRJZOLE/maxresdefault.jpg was preloaded using link preload but not used within a few seconds from the window's load event. Please make sure it has an appropriate `as` value and it is preloaded intentionally. @ http://localhost:3000/:0
[11556565ms] [WARNING] The resource https://i.ytimg.com/vi/-KnzDx8UV5M/maxresdefault.jpg was preloaded using link preload but not used within a few seconds from the window's load event. Please make sure it has an appropriate `as` value and it is preloaded intentionally. @ http://localhost:3000/:0
[11556565ms] [WARNING] The resource https://i.ytimg.com/vi/cXFQuxZF61Q/maxresdefault.jpg was preloaded using link preload but not used within a few seconds from the window's load event. Please make sure it has an appropriate `as` value and it is preloaded intentionally. @ http://localhost:3000/:0
[11556565ms] [WARNING] The resource https://i.ytimg.com/vi/haisvt45Kdc/maxresdefault.jpg was preloaded using link preload but not used within a few seconds from the window's load event. Please make sure it has an appropriate `as` value and it is preloaded intentionally. @ http://localhost:3000/:0
[11556565ms] [WARNING] The resource https://i.ytimg.com/vi/VKeF820DlGU/maxresdefault.jpg was preloaded using link preload but not used within a few seconds from the window's load event. Please make sure it has an appropriate `as` value and it is preloaded intentionally. @ http://localhost:3000/:0
[11568509ms] [WARNING] The resource https://i.ytimg.com/vi/732dkRJZOLE/maxresdefault.jpg was preloaded using link preload but not used within a few seconds from the window's load event. Please make sure it has an appropriate `as` value and it is preloaded intentionally. @ http://localhost:3000/:0
[11568509ms] [WARNING] The resource https://i.ytimg.com/vi/-KnzDx8UV5M/maxresdefault.jpg was preloaded using link preload but not used within a few seconds from the window's load event. Please make sure it has an appropriate `as` value and it is preloaded intentionally. @ http://localhost:3000/:0
[11568509ms] [WARNING] The resource https://i.ytimg.com/vi/cXFQuxZF61Q/maxresdefault.jpg was preloaded using link preload but not used within a few seconds from the window's load event. Please make sure it has an appropriate `as` value and it is preloaded intentionally. @ http://localhost:3000/:0
[11568509ms] [WARNING] The resource https://i.ytimg.com/vi/haisvt45Kdc/maxresdefault.jpg was preloaded using link preload but not used within a few seconds from the window's load event. Please make sure it has an appropriate `as` value and it is preloaded intentionally. @ http://localhost:3000/:0
[11568509ms] [WARNING] The resource https://i.ytimg.com/vi/VKeF820DlGU/maxresdefault.jpg was preloaded using link preload but not used within a few seconds from the window's load event. Please make sure it has an appropriate `as` value and it is preloaded intentionally. @ http://localhost:3000/:0
[11576027ms] [LOG] [Fast Refresh] rebuilding @ http://localhost:3000/_next/static/chunks/node_modules_next_dist_f3530cac._.js:2297
[11576344ms] [LOG] [Fast Refresh] done in 385ms @ http://localhost:3000/_next/static/chunks/node_modules_next_dist_f3530cac._.js:2297
[11579345ms] [WARNING] The resource https://i.ytimg.com/vi/732dkRJZOLE/maxresdefault.jpg was preloaded using link preload but not used within a few seconds from the window's load event. Please make sure it has an appropriate `as` value and it is preloaded intentionally. @ http://localhost:3000/:0
[11579345ms] [WARNING] The resource https://i.ytimg.com/vi/-KnzDx8UV5M/maxresdefault.jpg was preloaded using link preload but not used within a few seconds from the window's load event. Please make sure it has an appropriate `as` value and it is preloaded intentionally. @ http://localhost:3000/:0
[11579345ms] [WARNING] The resource https://i.ytimg.com/vi/cXFQuxZF61Q/maxresdefault.jpg was preloaded using link preload but not used within a few seconds from the window's load event. Please make sure it has an appropriate `as` value and it is preloaded intentionally. @ http://localhost:3000/:0
[11579345ms] [WARNING] The resource https://i.ytimg.com/vi/haisvt45Kdc/maxresdefault.jpg was preloaded using link preload but not used within a few seconds from the window's load event. Please make sure it has an appropriate `as` value and it is preloaded intentionally. @ http://localhost:3000/:0
[11579345ms] [WARNING] The resource https://i.ytimg.com/vi/VKeF820DlGU/maxresdefault.jpg was preloaded using link preload but not used within a few seconds from the window's load event. Please make sure it has an appropriate `as` value and it is preloaded intentionally. @ http://localhost:3000/:0
[11591998ms] [WARNING] The resource https://i.ytimg.com/vi/732dkRJZOLE/maxresdefault.jpg was preloaded using link preload but not used within a few seconds from the window's load event. Please make sure it has an appropriate `as` value and it is preloaded intentionally. @ http://localhost:3000/:0
[11591998ms] [WARNING] The resource https://i.ytimg.com/vi/-KnzDx8UV5M/maxresdefault.jpg was preloaded using link preload but not used within a few seconds from the window's load event. Please make sure it has an appropriate `as` value and it is preloaded intentionally. @ http://localhost:3000/:0
[11591998ms] [WARNING] The resource https://i.ytimg.com/vi/cXFQuxZF61Q/maxresdefault.jpg was preloaded using link preload but not used within a few seconds from the window's load event. Please make sure it has an appropriate `as` value and it is preloaded intentionally. @ http://localhost:3000/:0
[11591998ms] [WARNING] The resource https://i.ytimg.com/vi/haisvt45Kdc/maxresdefault.jpg was preloaded using link preload but not used within a few seconds from the window's load event. Please make sure it has an appropriate `as` value and it is preloaded intentionally. @ http://localhost:3000/:0
[11591998ms] [WARNING] The resource https://i.ytimg.com/vi/VKeF820DlGU/maxresdefault.jpg was preloaded using link preload but not used within a few seconds from the window's load event. Please make sure it has an appropriate `as` value and it is preloaded intentionally. @ http://localhost:3000/:0
[11603943ms] [WARNING] The resource https://i.ytimg.com/vi/732dkRJZOLE/maxresdefault.jpg was preloaded using link preload but not used within a few seconds from the window's load event. Please make sure it has an appropriate `as` value and it is preloaded intentionally. @ http://localhost:3000/:0
[11603943ms] [WARNING] The resource https://i.ytimg.com/vi/-KnzDx8UV5M/maxresdefault.jpg was preloaded using link preload but not used within a few seconds from the window's load event. Please make sure it has an appropriate `as` value and it is preloaded intentionally. @ http://localhost:3000/:0
[11603943ms] [WARNING] The resource https://i.ytimg.com/vi/cXFQuxZF61Q/maxresdefault.jpg was preloaded using link preload but not used within a few seconds from the window's load event. Please make sure it has an appropriate `as` value and it is preloaded intentionally. @ http://localhost:3000/:0
[11603943ms] [WARNING] The resource https://i.ytimg.com/vi/haisvt45Kdc/maxresdefault.jpg was preloaded using link preload but not used within a few seconds from the window's load event. Please make sure it has an appropriate `as` value and it is preloaded intentionally. @ http://localhost:3000/:0
[11603943ms] [WARNING] The resource https://i.ytimg.com/vi/VKeF820DlGU/maxresdefault.jpg was preloaded using link preload but not used within a few seconds from the window's load event. Please make sure it has an appropriate `as` value and it is preloaded intentionally. @ http://localhost:3000/:0
[11627440ms] [WARNING] The resource https://i.ytimg.com/vi/732dkRJZOLE/maxresdefault.jpg was preloaded using link preload but not used within a few seconds from the window's load event. Please make sure it has an appropriate `as` value and it is preloaded intentionally. @ http://localhost:3000/:0
[11627440ms] [WARNING] The resource https://i.ytimg.com/vi/-KnzDx8UV5M/maxresdefault.jpg was preloaded using link preload but not used within a few seconds from the window's load event. Please make sure it has an appropriate `as` value and it is preloaded intentionally. @ http://localhost:3000/:0
[11627440ms] [WARNING] The resource https://i.ytimg.com/vi/cXFQuxZF61Q/maxresdefault.jpg was preloaded using link preload but not used within a few seconds from the window's load event. Please make sure it has an appropriate `as` value and it is preloaded intentionally. @ http://localhost:3000/:0
[11627440ms] [WARNING] The resource https://i.ytimg.com/vi/haisvt45Kdc/maxresdefault.jpg was preloaded using link preload but not used within a few seconds from the window's load event. Please make sure it has an appropriate `as` value and it is preloaded intentionally. @ http://localhost:3000/:0
[11627440ms] [WARNING] The resource https://i.ytimg.com/vi/VKeF820DlGU/maxresdefault.jpg was preloaded using link preload but not used within a few seconds from the window's load event. Please make sure it has an appropriate `as` value and it is preloaded intentionally. @ http://localhost:3000/:0
[11639394ms] [WARNING] The resource https://i.ytimg.com/vi/732dkRJZOLE/maxresdefault.jpg was preloaded using link preload but not used within a few seconds from the window's load event. Please make sure it has an appropriate `as` value and it is preloaded intentionally. @ http://localhost:3000/:0
[11639394ms] [WARNING] The resource https://i.ytimg.com/vi/-KnzDx8UV5M/maxresdefault.jpg was preloaded using link preload but not used within a few seconds from the window's load event. Please make sure it has an appropriate `as` value and it is preloaded intentionally. @ http://localhost:3000/:0
[11639394ms] [WARNING] The resource https://i.ytimg.com/vi/cXFQuxZF61Q/maxresdefault.jpg was preloaded using link preload but not used within a few seconds from the window's load event. Please make sure it has an appropriate `as` value and it is preloaded intentionally. @ http://localhost:3000/:0
[11639395ms] [WARNING] The resource https://i.ytimg.com/vi/haisvt45Kdc/maxresdefault.jpg was preloaded using link preload but not used within a few seconds from the window's load event. Please make sure it has an appropriate `as` value and it is preloaded intentionally. @ http://localhost:3000/:0
[11639395ms] [WARNING] The resource https://i.ytimg.com/vi/VKeF820DlGU/maxresdefault.jpg was preloaded using link preload but not used within a few seconds from the window's load event. Please make sure it has an appropriate `as` value and it is preloaded intentionally. @ http://localhost:3000/:0
[11662877ms] [WARNING] The resource https://i.ytimg.com/vi/732dkRJZOLE/maxresdefault.jpg was preloaded using link preload but not used within a few seconds from the window's load event. Please make sure it has an appropriate `as` value and it is preloaded intentionally. @ http://localhost:3000/:0
[11662877ms] [WARNING] The resource https://i.ytimg.com/vi/-KnzDx8UV5M/maxresdefault.jpg was preloaded using link preload but not used within a few seconds from the window's load event. Please make sure it has an appropriate `as` value and it is preloaded intentionally. @ http://localhost:3000/:0
[11662877ms] [WARNING] The resource https://i.ytimg.com/vi/cXFQuxZF61Q/maxresdefault.jpg was preloaded using link preload but not used within a few seconds from the window's load event. Please make sure it has an appropriate `as` value and it is preloaded intentionally. @ http://localhost:3000/:0
[11662877ms] [WARNING] The resource https://i.ytimg.com/vi/haisvt45Kdc/maxresdefault.jpg was preloaded using link preload but not used within a few seconds from the window's load event. Please make sure it has an appropriate `as` value and it is preloaded intentionally. @ http://localhost:3000/:0
[11662878ms] [WARNING] The resource https://i.ytimg.com/vi/VKeF820DlGU/maxresdefault.jpg was preloaded using link preload but not used within a few seconds from the window's load event. Please make sure it has an appropriate `as` value and it is preloaded intentionally. @ http://localhost:3000/:0
[11674815ms] [WARNING] The resource https://i.ytimg.com/vi/732dkRJZOLE/maxresdefault.jpg was preloaded using link preload but not used within a few seconds from the window's load event. Please make sure it has an appropriate `as` value and it is preloaded intentionally. @ http://localhost:3000/:0
[11674815ms] [WARNING] The resource https://i.ytimg.com/vi/-KnzDx8UV5M/maxresdefault.jpg was preloaded using link preload but not used within a few seconds from the window's load event. Please make sure it has an appropriate `as` value and it is preloaded intentionally. @ http://localhost:3000/:0
[11674815ms] [WARNING] The resource https://i.ytimg.com/vi/cXFQuxZF61Q/maxresdefault.jpg was preloaded using link preload but not used within a few seconds from the window's load event. Please make sure it has an appropriate `as` value and it is preloaded intentionally. @ http://localhost:3000/:0
[11674815ms] [WARNING] The resource https://i.ytimg.com/vi/haisvt45Kdc/maxresdefault.jpg was preloaded using link preload but not used within a few seconds from the window's load event. Please make sure it has an appropriate `as` value and it is preloaded intentionally. @ http://localhost:3000/:0
[11674815ms] [WARNING] The resource https://i.ytimg.com/vi/VKeF820DlGU/maxresdefault.jpg was preloaded using link preload but not used within a few seconds from the window's load event. Please make sure it has an appropriate `as` value and it is preloaded intentionally. @ http://localhost:3000/:0
[11698339ms] [WARNING] The resource https://i.ytimg.com/vi/732dkRJZOLE/maxresdefault.jpg was preloaded using link preload but not used within a few seconds from the window's load event. Please make sure it has an appropriate `as` value and it is preloaded intentionally. @ http://localhost:3000/:0
[11698339ms] [WARNING] The resource https://i.ytimg.com/vi/-KnzDx8UV5M/maxresdefault.jpg was preloaded using link preload but not used within a few seconds from the window's load event. Please make sure it has an appropriate `as` value and it is preloaded intentionally. @ http://localhost:3000/:0
[11698339ms] [WARNING] The resource https://i.ytimg.com/vi/cXFQuxZF61Q/maxresdefault.jpg was preloaded using link preload but not used within a few seconds from the window's load event. Please make sure it has an appropriate `as` value and it is preloaded intentionally. @ http://localhost:3000/:0
[11698339ms] [WARNING] The resource https://i.ytimg.com/vi/haisvt45Kdc/maxresdefault.jpg was preloaded using link preload but not used within a few seconds from the window's load event. Please make sure it has an appropriate `as` value and it is preloaded intentionally. @ http://localhost:3000/:0
[11698339ms] [WARNING] The resource https://i.ytimg.com/vi/VKeF820DlGU/maxresdefault.jpg was preloaded using link preload but not used within a few seconds from the window's load event. Please make sure it has an appropriate `as` value and it is preloaded intentionally. @ http://localhost:3000/:0
[11710266ms] [WARNING] The resource https://i.ytimg.com/vi/732dkRJZOLE/maxresdefault.jpg was preloaded using link preload but not used within a few seconds from the window's load event. Please make sure it has an appropriate `as` value and it is preloaded intentionally. @ http://localhost:3000/:0
[11710266ms] [WARNING] The resource https://i.ytimg.com/vi/-KnzDx8UV5M/maxresdefault.jpg was preloaded using link preload but not used within a few seconds from the window's load event. Please make sure it has an appropriate `as` value and it is preloaded intentionally. @ http://localhost:3000/:0
[11710266ms] [WARNING] The resource https://i.ytimg.com/vi/cXFQuxZF61Q/maxresdefault.jpg was preloaded using link preload but not used within a few seconds from the window's load event. Please make sure it has an appropriate `as` value and it is preloaded intentionally. @ http://localhost:3000/:0
[11710266ms] [WARNING] The resource https://i.ytimg.com/vi/haisvt45Kdc/maxresdefault.jpg was preloaded using link preload but not used within a few seconds from the window's load event. Please make sure it has an appropriate `as` value and it is preloaded intentionally. @ http://localhost:3000/:0
[11710266ms] [WARNING] The resource https://i.ytimg.com/vi/VKeF820DlGU/maxresdefault.jpg was preloaded using link preload but not used within a few seconds from the window's load event. Please make sure it has an appropriate `as` value and it is preloaded intentionally. @ http://localhost:3000/:0
[11733788ms] [WARNING] The resource https://i.ytimg.com/vi/732dkRJZOLE/maxresdefault.jpg was preloaded using link preload but not used within a few seconds from the window's load event. Please make sure it has an appropriate `as` value and it is preloaded intentionally. @ http://localhost:3000/:0
[11733788ms] [WARNING] The resource https://i.ytimg.com/vi/-KnzDx8UV5M/maxresdefault.jpg was preloaded using link preload but not used within a few seconds from the window's load event. Please make sure it has an appropriate `as` value and it is preloaded intentionally. @ http://localhost:3000/:0
[11733788ms] [WARNING] The resource https://i.ytimg.com/vi/cXFQuxZF61Q/maxresdefault.jpg was preloaded using link preload but not used within a few seconds from the window's load event. Please make sure it has an appropriate `as` value and it is preloaded intentionally. @ http://localhost:3000/:0
[11733788ms] [WARNING] The resource https://i.ytimg.com/vi/haisvt45Kdc/maxresdefault.jpg was preloaded using link preload but not used within a few seconds from the window's load event. Please make sure it has an appropriate `as` value and it is preloaded intentionally. @ http://localhost:3000/:0
[11733788ms] [WARNING] The resource https://i.ytimg.com/vi/VKeF820DlGU/maxresdefault.jpg was preloaded using link preload but not used within a few seconds from the window's load event. Please make sure it has an appropriate `as` value and it is preloaded intentionally. @ http://localhost:3000/:0
[11745744ms] [WARNING] The resource https://i.ytimg.com/vi/732dkRJZOLE/maxresdefault.jpg was preloaded using link preload but not used within a few seconds from the window's load event. Please make sure it has an appropriate `as` value and it is preloaded intentionally. @ http://localhost:3000/:0
[11745744ms] [WARNING] The resource https://i.ytimg.com/vi/-KnzDx8UV5M/maxresdefault.jpg was preloaded using link preload but not used within a few seconds from the window's load event. Please make sure it has an appropriate `as` value and it is preloaded intentionally. @ http://localhost:3000/:0
[11745744ms] [WARNING] The resource https://i.ytimg.com/vi/cXFQuxZF61Q/maxresdefault.jpg was preloaded using link preload but not used within a few seconds from the window's load event. Please make sure it has an appropriate `as` value and it is preloaded intentionally. @ http://localhost:3000/:0
[11745744ms] [WARNING] The resource https://i.ytimg.com/vi/haisvt45Kdc/maxresdefault.jpg was preloaded using link preload but not used within a few seconds from the window's load event. Please make sure it has an appropriate `as` value and it is preloaded intentionally. @ http://localhost:3000/:0
[11745744ms] [WARNING] The resource https://i.ytimg.com/vi/VKeF820DlGU/maxresdefault.jpg was preloaded using link preload but not used within a few seconds from the window's load event. Please make sure it has an appropriate `as` value and it is preloaded intentionally. @ http://localhost:3000/:0
[11769223ms] [WARNING] The resource https://i.ytimg.com/vi/732dkRJZOLE/maxresdefault.jpg was preloaded using link preload but not used within a few seconds from the window's load event. Please make sure it has an appropriate `as` value and it is preloaded intentionally. @ http://localhost:3000/:0
[11769223ms] [WARNING] The resource https://i.ytimg.com/vi/-KnzDx8UV5M/maxresdefault.jpg was preloaded using link preload but not used within a few seconds from the window's load event. Please make sure it has an appropriate `as` value and it is preloaded intentionally. @ http://localhost:3000/:0
[11769223ms] [WARNING] The resource https://i.ytimg.com/vi/cXFQuxZF61Q/maxresdefault.jpg was preloaded using link preload but not used within a few seconds from the window's load event. Please make sure it has an appropriate `as` value and it is preloaded intentionally. @ http://localhost:3000/:0
[11769223ms] [WARNING] The resource https://i.ytimg.com/vi/haisvt45Kdc/maxresdefault.jpg was preloaded using link preload but not used within a few seconds from the window's load event. Please make sure it has an appropriate `as` value and it is preloaded intentionally. @ http://localhost:3000/:0
[11769223ms] [WARNING] The resource https://i.ytimg.com/vi/VKeF820DlGU/maxresdefault.jpg was preloaded using link preload but not used within a few seconds from the window's load event. Please make sure it has an appropriate `as` value and it is preloaded intentionally. @ http://localhost:3000/:0
[11781166ms] [WARNING] The resource https://i.ytimg.com/vi/732dkRJZOLE/maxresdefault.jpg was preloaded using link preload but not used within a few seconds from the window's load event. Please make sure it has an appropriate `as` value and it is preloaded intentionally. @ http://localhost:3000/:0
[11781166ms] [WARNING] The resource https://i.ytimg.com/vi/-KnzDx8UV5M/maxresdefault.jpg was preloaded using link preload but not used within a few seconds from the window's load event. Please make sure it has an appropriate `as` value and it is preloaded intentionally. @ http://localhost:3000/:0
[11781166ms] [WARNING] The resource https://i.ytimg.com/vi/cXFQuxZF61Q/maxresdefault.jpg was preloaded using link preload but not used within a few seconds from the window's load event. Please make sure it has an appropriate `as` value and it is preloaded intentionally. @ http://localhost:3000/:0
[11781166ms] [WARNING] The resource https://i.ytimg.com/vi/haisvt45Kdc/maxresdefault.jpg was preloaded using link preload but not used within a few seconds from the window's load event. Please make sure it has an appropriate `as` value and it is preloaded intentionally. @ http://localhost:3000/:0
[11781166ms] [WARNING] The resource https://i.ytimg.com/vi/VKeF820DlGU/maxresdefault.jpg was preloaded using link preload but not used within a few seconds from the window's load event. Please make sure it has an appropriate `as` value and it is preloaded intentionally. @ http://localhost:3000/:0
[11804641ms] [WARNING] The resource https://i.ytimg.com/vi/732dkRJZOLE/maxresdefault.jpg was preloaded using link preload but not used within a few seconds from the window's load event. Please make sure it has an appropriate `as` value and it is preloaded intentionally. @ http://localhost:3000/:0
[11804641ms] [WARNING] The resource https://i.ytimg.com/vi/-KnzDx8UV5M/maxresdefault.jpg was preloaded using link preload but not used within a few seconds from the window's load event. Please make sure it has an appropriate `as` value and it is preloaded intentionally. @ http://localhost:3000/:0
[11804641ms] [WARNING] The resource https://i.ytimg.com/vi/cXFQuxZF61Q/maxresdefault.jpg was preloaded using link preload but not used within a few seconds from the window's load event. Please make sure it has an appropriate `as` value and it is preloaded intentionally. @ http://localhost:3000/:0
[11804641ms] [WARNING] The resource https://i.ytimg.com/vi/haisvt45Kdc/maxresdefault.jpg was preloaded using link preload but not used within a few seconds from the window's load event. Please make sure it has an appropriate `as` value and it is preloaded intentionally. @ http://localhost:3000/:0
[11804641ms] [WARNING] The resource https://i.ytimg.com/vi/VKeF820DlGU/maxresdefault.jpg was preloaded using link preload but not used within a few seconds from the window's load event. Please make sure it has an appropriate `as` value and it is preloaded intentionally. @ http://localhost:3000/:0
[11816613ms] [WARNING] The resource https://i.ytimg.com/vi/732dkRJZOLE/maxresdefault.jpg was preloaded using link preload but not used within a few seconds from the window's load event. Please make sure it has an appropriate `as` value and it is preloaded intentionally. @ http://localhost:3000/:0
[11816613ms] [WARNING] The resource https://i.ytimg.com/vi/-KnzDx8UV5M/maxresdefault.jpg was preloaded using link preload but not used within a few seconds from the window's load event. Please make sure it has an appropriate `as` value and it is preloaded intentionally. @ http://localhost:3000/:0
[11816613ms] [WARNING] The resource https://i.ytimg.com/vi/cXFQuxZF61Q/maxresdefault.jpg was preloaded using link preload but not used within a few seconds from the window's load event. Please make sure it has an appropriate `as` value and it is preloaded intentionally. @ http://localhost:3000/:0
[11816613ms] [WARNING] The resource https://i.ytimg.com/vi/haisvt45Kdc/maxresdefault.jpg was preloaded using link preload but not used within a few seconds from the window's load event. Please make sure it has an appropriate `as` value and it is preloaded intentionally. @ http://localhost:3000/:0
[11816613ms] [WARNING] The resource https://i.ytimg.com/vi/VKeF820DlGU/maxresdefault.jpg was preloaded using link preload but not used within a few seconds from the window's load event. Please make sure it has an appropriate `as` value and it is preloaded intentionally. @ http://localhost:3000/:0
[11840089ms] [WARNING] The resource https://i.ytimg.com/vi/732dkRJZOLE/maxresdefault.jpg was preloaded using link preload but not used within a few seconds from the window's load event. Please make sure it has an appropriate `as` value and it is preloaded intentionally. @ http://localhost:3000/:0
[11840089ms] [WARNING] The resource https://i.ytimg.com/vi/-KnzDx8UV5M/maxresdefault.jpg was preloaded using link preload but not used within a few seconds from the window's load event. Please make sure it has an appropriate `as` value and it is preloaded intentionally. @ http://localhost:3000/:0
[11840089ms] [WARNING] The resource https://i.ytimg.com/vi/cXFQuxZF61Q/maxresdefault.jpg was preloaded using link preload but not used within a few seconds from the window's load event. Please make sure it has an appropriate `as` value and it is preloaded intentionally. @ http://localhost:3000/:0
[11840089ms] [WARNING] The resource https://i.ytimg.com/vi/haisvt45Kdc/maxresdefault.jpg was preloaded using link preload but not used within a few seconds from the window's load event. Please make sure it has an appropriate `as` value and it is preloaded intentionally. @ http://localhost:3000/:0
[11840089ms] [WARNING] The resource https://i.ytimg.com/vi/VKeF820DlGU/maxresdefault.jpg was preloaded using link preload but not used within a few seconds from the window's load event. Please make sure it has an appropriate `as` value and it is preloaded intentionally. @ http://localhost:3000/:0
[11852053ms] [WARNING] The resource https://i.ytimg.com/vi/732dkRJZOLE/maxresdefault.jpg was preloaded using link preload but not used within a few seconds from the window's load event. Please make sure it has an appropriate `as` value and it is preloaded intentionally. @ http://localhost:3000/:0
[11852054ms] [WARNING] The resource https://i.ytimg.com/vi/-KnzDx8UV5M/maxresdefault.jpg was preloaded using link preload but not used within a few seconds from the window's load event. Please make sure it has an appropriate `as` value and it is preloaded intentionally. @ http://localhost:3000/:0
[11852054ms] [WARNING] The resource https://i.ytimg.com/vi/cXFQuxZF61Q/maxresdefault.jpg was preloaded using link preload but not used within a few seconds from the window's load event. Please make sure it has an appropriate `as` value and it is preloaded intentionally. @ http://localhost:3000/:0
[11852054ms] [WARNING] The resource https://i.ytimg.com/vi/haisvt45Kdc/maxresdefault.jpg was preloaded using link preload but not used within a few seconds from the window's load event. Please make sure it has an appropriate `as` value and it is preloaded intentionally. @ http://localhost:3000/:0
[11852054ms] [WARNING] The resource https://i.ytimg.com/vi/VKeF820DlGU/maxresdefault.jpg was preloaded using link preload but not used within a few seconds from the window's load event. Please make sure it has an appropriate `as` value and it is preloaded intentionally. @ http://localhost:3000/:0
[11875567ms] [WARNING] The resource https://i.ytimg.com/vi/732dkRJZOLE/maxresdefault.jpg was preloaded using link preload but not used within a few seconds from the window's load event. Please make sure it has an appropriate `as` value and it is preloaded intentionally. @ http://localhost:3000/:0
[11875568ms] [WARNING] The resource https://i.ytimg.com/vi/-KnzDx8UV5M/maxresdefault.jpg was preloaded using link preload but not used within a few seconds from the window's load event. Please make sure it has an appropriate `as` value and it is preloaded intentionally. @ http://localhost:3000/:0
[11875568ms] [WARNING] The resource https://i.ytimg.com/vi/cXFQuxZF61Q/maxresdefault.jpg was preloaded using link preload but not used within a few seconds from the window's load event. Please make sure it has an appropriate `as` value and it is preloaded intentionally. @ http://localhost:3000/:0
[11875568ms] [WARNING] The resource https://i.ytimg.com/vi/haisvt45Kdc/maxresdefault.jpg was preloaded using link preload but not used within a few seconds from the window's load event. Please make sure it has an appropriate `as` value and it is preloaded intentionally. @ http://localhost:3000/:0
[11875568ms] [WARNING] The resource https://i.ytimg.com/vi/VKeF820DlGU/maxresdefault.jpg was preloaded using link preload but not used within a few seconds from the window's load event. Please make sure it has an appropriate `as` value and it is preloaded intentionally. @ http://localhost:3000/:0
[11887496ms] [WARNING] The resource https://i.ytimg.com/vi/732dkRJZOLE/maxresdefault.jpg was preloaded using link preload but not used within a few seconds from the window's load event. Please make sure it has an appropriate `as` value and it is preloaded intentionally. @ http://localhost:3000/:0
[11887496ms] [WARNING] The resource https://i.ytimg.com/vi/-KnzDx8UV5M/maxresdefault.jpg was preloaded using link preload but not used within a few seconds from the window's load event. Please make sure it has an appropriate `as` value and it is preloaded intentionally. @ http://localhost:3000/:0
[11887497ms] [WARNING] The resource https://i.ytimg.com/vi/cXFQuxZF61Q/maxresdefault.jpg was preloaded using link preload but not used within a few seconds from the window's load event. Please make sure it has an appropriate `as` value and it is preloaded intentionally. @ http://localhost:3000/:0
[11887497ms] [WARNING] The resource https://i.ytimg.com/vi/haisvt45Kdc/maxresdefault.jpg was preloaded using link preload but not used within a few seconds from the window's load event. Please make sure it has an appropriate `as` value and it is preloaded intentionally. @ http://localhost:3000/:0
[11887497ms] [WARNING] The resource https://i.ytimg.com/vi/VKeF820DlGU/maxresdefault.jpg was preloaded using link preload but not used within a few seconds from the window's load event. Please make sure it has an appropriate `as` value and it is preloaded intentionally. @ http://localhost:3000/:0
[11911000ms] [WARNING] The resource https://i.ytimg.com/vi/732dkRJZOLE/maxresdefault.jpg was preloaded using link preload but not used within a few seconds from the window's load event. Please make sure it has an appropriate `as` value and it is preloaded intentionally. @ http://localhost:3000/:0
[11911000ms] [WARNING] The resource https://i.ytimg.com/vi/-KnzDx8UV5M/maxresdefault.jpg was preloaded using link preload but not used within a few seconds from the window's load event. Please make sure it has an appropriate `as` value and it is preloaded intentionally. @ http://localhost:3000/:0
[11911000ms] [WARNING] The resource https://i.ytimg.com/vi/cXFQuxZF61Q/maxresdefault.jpg was preloaded using link preload but not used within a few seconds from the window's load event. Please make sure it has an appropriate `as` value and it is preloaded intentionally. @ http://localhost:3000/:0
[11911000ms] [WARNING] The resource https://i.ytimg.com/vi/haisvt45Kdc/maxresdefault.jpg was preloaded using link preload but not used within a few seconds from the window's load event. Please make sure it has an appropriate `as` value and it is preloaded intentionally. @ http://localhost:3000/:0
[11911000ms] [WARNING] The resource https://i.ytimg.com/vi/VKeF820DlGU/maxresdefault.jpg was preloaded using link preload but not used within a few seconds from the window's load event. Please make sure it has an appropriate `as` value and it is preloaded intentionally. @ http://localhost:3000/:0
[11922947ms] [WARNING] The resource https://i.ytimg.com/vi/732dkRJZOLE/maxresdefault.jpg was preloaded using link preload but not used within a few seconds from the window's load event. Please make sure it has an appropriate `as` value and it is preloaded intentionally. @ http://localhost:3000/:0
[11922947ms] [WARNING] The resource https://i.ytimg.com/vi/-KnzDx8UV5M/maxresdefault.jpg was preloaded using link preload but not used within a few seconds from the window's load event. Please make sure it has an appropriate `as` value and it is preloaded intentionally. @ http://localhost:3000/:0
[11922947ms] [WARNING] The resource https://i.ytimg.com/vi/cXFQuxZF61Q/maxresdefault.jpg was preloaded using link preload but not used within a few seconds from the window's load event. Please make sure it has an appropriate `as` value and it is preloaded intentionally. @ http://localhost:3000/:0
[11922947ms] [WARNING] The resource https://i.ytimg.com/vi/haisvt45Kdc/maxresdefault.jpg was preloaded using link preload but not used within a few seconds from the window's load event. Please make sure it has an appropriate `as` value and it is preloaded intentionally. @ http://localhost:3000/:0
[11922947ms] [WARNING] The resource https://i.ytimg.com/vi/VKeF820DlGU/maxresdefault.jpg was preloaded using link preload but not used within a few seconds from the window's load event. Please make sure it has an appropriate `as` value and it is preloaded intentionally. @ http://localhost:3000/:0
[11946436ms] [WARNING] The resource https://i.ytimg.com/vi/732dkRJZOLE/maxresdefault.jpg was preloaded using link preload but not used within a few seconds from the window's load event. Please make sure it has an appropriate `as` value and it is preloaded intentionally. @ http://localhost:3000/:0
[11946436ms] [WARNING] The resource https://i.ytimg.com/vi/-KnzDx8UV5M/maxresdefault.jpg was preloaded using link preload but not used within a few seconds from the window's load event. Please make sure it has an appropriate `as` value and it is preloaded intentionally. @ http://localhost:3000/:0
[11946436ms] [WARNING] The resource https://i.ytimg.com/vi/cXFQuxZF61Q/maxresdefault.jpg was preloaded using link preload but not used within a few seconds from the window's load event. Please make sure it has an appropriate `as` value and it is preloaded intentionally. @ http://localhost:3000/:0
[11946436ms] [WARNING] The resource https://i.ytimg.com/vi/haisvt45Kdc/maxresdefault.jpg was preloaded using link preload but not used within a few seconds from the window's load event. Please make sure it has an appropriate `as` value and it is preloaded intentionally. @ http://localhost:3000/:0
[11946436ms] [WARNING] The resource https://i.ytimg.com/vi/VKeF820DlGU/maxresdefault.jpg was preloaded using link preload but not used within a few seconds from the window's load event. Please make sure it has an appropriate `as` value and it is preloaded intentionally. @ http://localhost:3000/:0
[11958377ms] [WARNING] The resource https://i.ytimg.com/vi/732dkRJZOLE/maxresdefault.jpg was preloaded using link preload but not used within a few seconds from the window's load event. Please make sure it has an appropriate `as` value and it is preloaded intentionally. @ http://localhost:3000/:0
[11958378ms] [WARNING] The resource https://i.ytimg.com/vi/-KnzDx8UV5M/maxresdefault.jpg was preloaded using link preload but not used within a few seconds from the window's load event. Please make sure it has an appropriate `as` value and it is preloaded intentionally. @ http://localhost:3000/:0
[11958378ms] [WARNING] The resource https://i.ytimg.com/vi/cXFQuxZF61Q/maxresdefault.jpg was preloaded using link preload but not used within a few seconds from the window's load event. Please make sure it has an appropriate `as` value and it is preloaded intentionally. @ http://localhost:3000/:0
[11958378ms] [WARNING] The resource https://i.ytimg.com/vi/haisvt45Kdc/maxresdefault.jpg was preloaded using link preload but not used within a few seconds from the window's load event. Please make sure it has an appropriate `as` value and it is preloaded intentionally. @ http://localhost:3000/:0
[11958378ms] [WARNING] The resource https://i.ytimg.com/vi/VKeF820DlGU/maxresdefault.jpg was preloaded using link preload but not used within a few seconds from the window's load event. Please make sure it has an appropriate `as` value and it is preloaded intentionally. @ http://localhost:3000/:0
[11981858ms] [WARNING] The resource https://i.ytimg.com/vi/732dkRJZOLE/maxresdefault.jpg was preloaded using link preload but not used within a few seconds from the window's load event. Please make sure it has an appropriate `as` value and it is preloaded intentionally. @ http://localhost:3000/:0
[11981859ms] [WARNING] The resource https://i.ytimg.com/vi/-KnzDx8UV5M/maxresdefault.jpg was preloaded using link preload but not used within a few seconds from the window's load event. Please make sure it has an appropriate `as` value and it is preloaded intentionally. @ http://localhost:3000/:0
[11981859ms] [WARNING] The resource https://i.ytimg.com/vi/cXFQuxZF61Q/maxresdefault.jpg was preloaded using link preload but not used within a few seconds from the window's load event. Please make sure it has an appropriate `as` value and it is preloaded intentionally. @ http://localhost:3000/:0
[11981859ms] [WARNING] The resource https://i.ytimg.com/vi/haisvt45Kdc/maxresdefault.jpg was preloaded using link preload but not used within a few seconds from the window's load event. Please make sure it has an appropriate `as` value and it is preloaded intentionally. @ http://localhost:3000/:0
[11981859ms] [WARNING] The resource https://i.ytimg.com/vi/VKeF820DlGU/maxresdefault.jpg was preloaded using link preload but not used within a few seconds from the window's load event. Please make sure it has an appropriate `as` value and it is preloaded intentionally. @ http://localhost:3000/:0
[11993831ms] [WARNING] The resource https://i.ytimg.com/vi/732dkRJZOLE/maxresdefault.jpg was preloaded using link preload but not used within a few seconds from the window's load event. Please make sure it has an appropriate `as` value and it is preloaded intentionally. @ http://localhost:3000/:0
[11993831ms] [WARNING] The resource https://i.ytimg.com/vi/-KnzDx8UV5M/maxresdefault.jpg was preloaded using link preload but not used within a few seconds from the window's load event. Please make sure it has an appropriate `as` value and it is preloaded intentionally. @ http://localhost:3000/:0
[11993831ms] [WARNING] The resource https://i.ytimg.com/vi/cXFQuxZF61Q/maxresdefault.jpg was preloaded using link preload but not used within a few seconds from the window's load event. Please make sure it has an appropriate `as` value and it is preloaded intentionally. @ http://localhost:3000/:0
[11993831ms] [WARNING] The resource https://i.ytimg.com/vi/haisvt45Kdc/maxresdefault.jpg was preloaded using link preload but not used within a few seconds from the window's load event. Please make sure it has an appropriate `as` value and it is preloaded intentionally. @ http://localhost:3000/:0
[11993831ms] [WARNING] The resource https://i.ytimg.com/vi/VKeF820DlGU/maxresdefault.jpg was preloaded using link preload but not used within a few seconds from the window's load event. Please make sure it has an appropriate `as` value and it is preloaded intentionally. @ http://localhost:3000/:0
[12017336ms] [WARNING] The resource https://i.ytimg.com/vi/732dkRJZOLE/maxresdefault.jpg was preloaded using link preload but not used within a few seconds from the window's load event. Please make sure it has an appropriate `as` value and it is preloaded intentionally. @ http://localhost:3000/:0
[12017336ms] [WARNING] The resource https://i.ytimg.com/vi/-KnzDx8UV5M/maxresdefault.jpg was preloaded using link preload but not used within a few seconds from the window's load event. Please make sure it has an appropriate `as` value and it is preloaded intentionally. @ http://localhost:3000/:0
[12017336ms] [WARNING] The resource https://i.ytimg.com/vi/cXFQuxZF61Q/maxresdefault.jpg was preloaded using link preload but not used within a few seconds from the window's load event. Please make sure it has an appropriate `as` value and it is preloaded intentionally. @ http://localhost:3000/:0
[12017336ms] [WARNING] The resource https://i.ytimg.com/vi/haisvt45Kdc/maxresdefault.jpg was preloaded using link preload but not used within a few seconds from the window's load event. Please make sure it has an appropriate `as` value and it is preloaded intentionally. @ http://localhost:3000/:0
[12017336ms] [WARNING] The resource https://i.ytimg.com/vi/VKeF820DlGU/maxresdefault.jpg was preloaded using link preload but not used within a few seconds from the window's load event. Please make sure it has an appropriate `as` value and it is preloaded intentionally. @ http://localhost:3000/:0
[12029252ms] [WARNING] The resource https://i.ytimg.com/vi/732dkRJZOLE/maxresdefault.jpg was preloaded using link preload but not used within a few seconds from the window's load event. Please make sure it has an appropriate `as` value and it is preloaded intentionally. @ http://localhost:3000/:0
[12029252ms] [WARNING] The resource https://i.ytimg.com/vi/-KnzDx8UV5M/maxresdefault.jpg was preloaded using link preload but not used within a few seconds from the window's load event. Please make sure it has an appropriate `as` value and it is preloaded intentionally. @ http://localhost:3000/:0
[12029252ms] [WARNING] The resource https://i.ytimg.com/vi/cXFQuxZF61Q/maxresdefault.jpg was preloaded using link preload but not used within a few seconds from the window's load event. Please make sure it has an appropriate `as` value and it is preloaded intentionally. @ http://localhost:3000/:0
[12029252ms] [WARNING] The resource https://i.ytimg.com/vi/haisvt45Kdc/maxresdefault.jpg was preloaded using link preload but not used within a few seconds from the window's load event. Please make sure it has an appropriate `as` value and it is preloaded intentionally. @ http://localhost:3000/:0
[12029252ms] [WARNING] The resource https://i.ytimg.com/vi/VKeF820DlGU/maxresdefault.jpg was preloaded using link preload but not used within a few seconds from the window's load event. Please make sure it has an appropriate `as` value and it is preloaded intentionally. @ http://localhost:3000/:0
[12052751ms] [WARNING] The resource https://i.ytimg.com/vi/732dkRJZOLE/maxresdefault.jpg was preloaded using link preload but not used within a few seconds from the window's load event. Please make sure it has an appropriate `as` value and it is preloaded intentionally. @ http://localhost:3000/:0
[12052751ms] [WARNING] The resource https://i.ytimg.com/vi/-KnzDx8UV5M/maxresdefault.jpg was preloaded using link preload but not used within a few seconds from the window's load event. Please make sure it has an appropriate `as` value and it is preloaded intentionally. @ http://localhost:3000/:0
[12052752ms] [WARNING] The resource https://i.ytimg.com/vi/cXFQuxZF61Q/maxresdefault.jpg was preloaded using link preload but not used within a few seconds from the window's load event. Please make sure it has an appropriate `as` value and it is preloaded intentionally. @ http://localhost:3000/:0
[12052752ms] [WARNING] The resource https://i.ytimg.com/vi/haisvt45Kdc/maxresdefault.jpg was preloaded using link preload but not used within a few seconds from the window's load event. Please make sure it has an appropriate `as` value and it is preloaded intentionally. @ http://localhost:3000/:0
[12052752ms] [WARNING] The resource https://i.ytimg.com/vi/VKeF820DlGU/maxresdefault.jpg was preloaded using link preload but not used within a few seconds from the window's load event. Please make sure it has an appropriate `as` value and it is preloaded intentionally. @ http://localhost:3000/:0
[12064683ms] [WARNING] The resource https://i.ytimg.com/vi/732dkRJZOLE/maxresdefault.jpg was preloaded using link preload but not used within a few seconds from the window's load event. Please make sure it has an appropriate `as` value and it is preloaded intentionally. @ http://localhost:3000/:0
[12064683ms] [WARNING] The resource https://i.ytimg.com/vi/-KnzDx8UV5M/maxresdefault.jpg was preloaded using link preload but not used within a few seconds from the window's load event. Please make sure it has an appropriate `as` value and it is preloaded intentionally. @ http://localhost:3000/:0
[12064683ms] [WARNING] The resource https://i.ytimg.com/vi/cXFQuxZF61Q/maxresdefault.jpg was preloaded using link preload but not used within a few seconds from the window's load event. Please make sure it has an appropriate `as` value and it is preloaded intentionally. @ http://localhost:3000/:0
[12064683ms] [WARNING] The resource https://i.ytimg.com/vi/haisvt45Kdc/maxresdefault.jpg was preloaded using link preload but not used within a few seconds from the window's load event. Please make sure it has an appropriate `as` value and it is preloaded intentionally. @ http://localhost:3000/:0
[12064683ms] [WARNING] The resource https://i.ytimg.com/vi/VKeF820DlGU/maxresdefault.jpg was preloaded using link preload but not used within a few seconds from the window's load event. Please make sure it has an appropriate `as` value and it is preloaded intentionally. @ http://localhost:3000/:0
[12088179ms] [WARNING] The resource https://i.ytimg.com/vi/732dkRJZOLE/maxresdefault.jpg was preloaded using link preload but not used within a few seconds from the window's load event. Please make sure it has an appropriate `as` value and it is preloaded intentionally. @ http://localhost:3000/:0
[12088179ms] [WARNING] The resource https://i.ytimg.com/vi/-KnzDx8UV5M/maxresdefault.jpg was preloaded using link preload but not used within a few seconds from the window's load event. Please make sure it has an appropriate `as` value and it is preloaded intentionally. @ http://localhost:3000/:0
[12088179ms] [WARNING] The resource https://i.ytimg.com/vi/cXFQuxZF61Q/maxresdefault.jpg was preloaded using link preload but not used within a few seconds from the window's load event. Please make sure it has an appropriate `as` value and it is preloaded intentionally. @ http://localhost:3000/:0
[12088179ms] [WARNING] The resource https://i.ytimg.com/vi/haisvt45Kdc/maxresdefault.jpg was preloaded using link preload but not used within a few seconds from the window's load event. Please make sure it has an appropriate `as` value and it is preloaded intentionally. @ http://localhost:3000/:0
[12088179ms] [WARNING] The resource https://i.ytimg.com/vi/VKeF820DlGU/maxresdefault.jpg was preloaded using link preload but not used within a few seconds from the window's load event. Please make sure it has an appropriate `as` value and it is preloaded intentionally. @ http://localhost:3000/:0
[12100121ms] [WARNING] The resource https://i.ytimg.com/vi/732dkRJZOLE/maxresdefault.jpg was preloaded using link preload but not used within a few seconds from the window's load event. Please make sure it has an appropriate `as` value and it is preloaded intentionally. @ http://localhost:3000/:0
[12100121ms] [WARNING] The resource https://i.ytimg.com/vi/-KnzDx8UV5M/maxresdefault.jpg was preloaded using link preload but not used within a few seconds from the window's load event. Please make sure it has an appropriate `as` value and it is preloaded intentionally. @ http://localhost:3000/:0
[12100121ms] [WARNING] The resource https://i.ytimg.com/vi/cXFQuxZF61Q/maxresdefault.jpg was preloaded using link preload but not used within a few seconds from the window's load event. Please make sure it has an appropriate `as` value and it is preloaded intentionally. @ http://localhost:3000/:0
[12100121ms] [WARNING] The resource https://i.ytimg.com/vi/haisvt45Kdc/maxresdefault.jpg was preloaded using link preload but not used within a few seconds from the window's load event. Please make sure it has an appropriate `as` value and it is preloaded intentionally. @ http://localhost:3000/:0
[12100121ms] [WARNING] The resource https://i.ytimg.com/vi/VKeF820DlGU/maxresdefault.jpg was preloaded using link preload but not used within a few seconds from the window's load event. Please make sure it has an appropriate `as` value and it is preloaded intentionally. @ http://localhost:3000/:0
[12123610ms] [WARNING] The resource https://i.ytimg.com/vi/732dkRJZOLE/maxresdefault.jpg was preloaded using link preload but not used within a few seconds from the window's load event. Please make sure it has an appropriate `as` value and it is preloaded intentionally. @ http://localhost:3000/:0
[12123610ms] [WARNING] The resource https://i.ytimg.com/vi/-KnzDx8UV5M/maxresdefault.jpg was preloaded using link preload but not used within a few seconds from the window's load event. Please make sure it has an appropriate `as` value and it is preloaded intentionally. @ http://localhost:3000/:0
[12123610ms] [WARNING] The resource https://i.ytimg.com/vi/cXFQuxZF61Q/maxresdefault.jpg was preloaded using link preload but not used within a few seconds from the window's load event. Please make sure it has an appropriate `as` value and it is preloaded intentionally. @ http://localhost:3000/:0
[12123610ms] [WARNING] The resource https://i.ytimg.com/vi/haisvt45Kdc/maxresdefault.jpg was preloaded using link preload but not used within a few seconds from the window's load event. Please make sure it has an appropriate `as` value and it is preloaded intentionally. @ http://localhost:3000/:0
[12123610ms] [WARNING] The resource https://i.ytimg.com/vi/VKeF820DlGU/maxresdefault.jpg was preloaded using link preload but not used within a few seconds from the window's load event. Please make sure it has an appropriate `as` value and it is preloaded intentionally. @ http://localhost:3000/:0
[12135538ms] [WARNING] The resource https://i.ytimg.com/vi/732dkRJZOLE/maxresdefault.jpg was preloaded using link preload but not used within a few seconds from the window's load event. Please make sure it has an appropriate `as` value and it is preloaded intentionally. @ http://localhost:3000/:0
[12135539ms] [WARNING] The resource https://i.ytimg.com/vi/-KnzDx8UV5M/maxresdefault.jpg was preloaded using link preload but not used within a few seconds from the window's load event. Please make sure it has an appropriate `as` value and it is preloaded intentionally. @ http://localhost:3000/:0
[12135539ms] [WARNING] The resource https://i.ytimg.com/vi/cXFQuxZF61Q/maxresdefault.jpg was preloaded using link preload but not used within a few seconds from the window's load event. Please make sure it has an appropriate `as` value and it is preloaded intentionally. @ http://localhost:3000/:0
[12135539ms] [WARNING] The resource https://i.ytimg.com/vi/haisvt45Kdc/maxresdefault.jpg was preloaded using link preload but not used within a few seconds from the window's load event. Please make sure it has an appropriate `as` value and it is preloaded intentionally. @ http://localhost:3000/:0
[12135539ms] [WARNING] The resource https://i.ytimg.com/vi/VKeF820DlGU/maxresdefault.jpg was preloaded using link preload but not used within a few seconds from the window's load event. Please make sure it has an appropriate `as` value and it is preloaded intentionally. @ http://localhost:3000/:0
[12159068ms] [WARNING] The resource https://i.ytimg.com/vi/732dkRJZOLE/maxresdefault.jpg was preloaded using link preload but not used within a few seconds from the window's load event. Please make sure it has an appropriate `as` value and it is preloaded intentionally. @ http://localhost:3000/:0
[12159069ms] [WARNING] The resource https://i.ytimg.com/vi/-KnzDx8UV5M/maxresdefault.jpg was preloaded using link preload but not used within a few seconds from the window's load event. Please make sure it has an appropriate `as` value and it is preloaded intentionally. @ http://localhost:3000/:0
[12159069ms] [WARNING] The resource https://i.ytimg.com/vi/cXFQuxZF61Q/maxresdefault.jpg was preloaded using link preload but not used within a few seconds from the window's load event. Please make sure it has an appropriate `as` value and it is preloaded intentionally. @ http://localhost:3000/:0
[12159069ms] [WARNING] The resource https://i.ytimg.com/vi/haisvt45Kdc/maxresdefault.jpg was preloaded using link preload but not used within a few seconds from the window's load event. Please make sure it has an appropriate `as` value and it is preloaded intentionally. @ http://localhost:3000/:0
[12159069ms] [WARNING] The resource https://i.ytimg.com/vi/VKeF820DlGU/maxresdefault.jpg was preloaded using link preload but not used within a few seconds from the window's load event. Please make sure it has an appropriate `as` value and it is preloaded intentionally. @ http://localhost:3000/:0
[12171028ms] [WARNING] The resource https://i.ytimg.com/vi/732dkRJZOLE/maxresdefault.jpg was preloaded using link preload but not used within a few seconds from the window's load event. Please make sure it has an appropriate `as` value and it is preloaded intentionally. @ http://localhost:3000/:0
[12171028ms] [WARNING] The resource https://i.ytimg.com/vi/-KnzDx8UV5M/maxresdefault.jpg was preloaded using link preload but not used within a few seconds from the window's load event. Please make sure it has an appropriate `as` value and it is preloaded intentionally. @ http://localhost:3000/:0
[12171028ms] [WARNING] The resource https://i.ytimg.com/vi/cXFQuxZF61Q/maxresdefault.jpg was preloaded using link preload but not used within a few seconds from the window's load event. Please make sure it has an appropriate `as` value and it is preloaded intentionally. @ http://localhost:3000/:0
[12171028ms] [WARNING] The resource https://i.ytimg.com/vi/haisvt45Kdc/maxresdefault.jpg was preloaded using link preload but not used within a few seconds from the window's load event. Please make sure it has an appropriate `as` value and it is preloaded intentionally. @ http://localhost:3000/:0
[12171028ms] [WARNING] The resource https://i.ytimg.com/vi/VKeF820DlGU/maxresdefault.jpg was preloaded using link preload but not used within a few seconds from the window's load event. Please make sure it has an appropriate `as` value and it is preloaded intentionally. @ http://localhost:3000/:0
[12194509ms] [WARNING] The resource https://i.ytimg.com/vi/732dkRJZOLE/maxresdefault.jpg was preloaded using link preload but not used within a few seconds from the window's load event. Please make sure it has an appropriate `as` value and it is preloaded intentionally. @ http://localhost:3000/:0
[12194509ms] [WARNING] The resource https://i.ytimg.com/vi/-KnzDx8UV5M/maxresdefault.jpg was preloaded using link preload but not used within a few seconds from the window's load event. Please make sure it has an appropriate `as` value and it is preloaded intentionally. @ http://localhost:3000/:0
[12194509ms] [WARNING] The resource https://i.ytimg.com/vi/cXFQuxZF61Q/maxresdefault.jpg was preloaded using link preload but not used within a few seconds from the window's load event. Please make sure it has an appropriate `as` value and it is preloaded intentionally. @ http://localhost:3000/:0
[12194509ms] [WARNING] The resource https://i.ytimg.com/vi/haisvt45Kdc/maxresdefault.jpg was preloaded using link preload but not used within a few seconds from the window's load event. Please make sure it has an appropriate `as` value and it is preloaded intentionally. @ http://localhost:3000/:0
[12194509ms] [WARNING] The resource https://i.ytimg.com/vi/VKeF820DlGU/maxresdefault.jpg was preloaded using link preload but not used within a few seconds from the window's load event. Please make sure it has an appropriate `as` value and it is preloaded intentionally. @ http://localhost:3000/:0
[12206477ms] [WARNING] The resource https://i.ytimg.com/vi/732dkRJZOLE/maxresdefault.jpg was preloaded using link preload but not used within a few seconds from the window's load event. Please make sure it has an appropriate `as` value and it is preloaded intentionally. @ http://localhost:3000/:0
[12206477ms] [WARNING] The resource https://i.ytimg.com/vi/-KnzDx8UV5M/maxresdefault.jpg was preloaded using link preload but not used within a few seconds from the window's load event. Please make sure it has an appropriate `as` value and it is preloaded intentionally. @ http://localhost:3000/:0
[12206477ms] [WARNING] The resource https://i.ytimg.com/vi/cXFQuxZF61Q/maxresdefault.jpg was preloaded using link preload but not used within a few seconds from the window's load event. Please make sure it has an appropriate `as` value and it is preloaded intentionally. @ http://localhost:3000/:0
[12206477ms] [WARNING] The resource https://i.ytimg.com/vi/haisvt45Kdc/maxresdefault.jpg was preloaded using link preload but not used within a few seconds from the window's load event. Please make sure it has an appropriate `as` value and it is preloaded intentionally. @ http://localhost:3000/:0
[12206477ms] [WARNING] The resource https://i.ytimg.com/vi/VKeF820DlGU/maxresdefault.jpg was preloaded using link preload but not used within a few seconds from the window's load event. Please make sure it has an appropriate `as` value and it is preloaded intentionally. @ http://localhost:3000/:0
[12229955ms] [WARNING] The resource https://i.ytimg.com/vi/732dkRJZOLE/maxresdefault.jpg was preloaded using link preload but not used within a few seconds from the window's load event. Please make sure it has an appropriate `as` value and it is preloaded intentionally. @ http://localhost:3000/:0
[12229955ms] [WARNING] The resource https://i.ytimg.com/vi/-KnzDx8UV5M/maxresdefault.jpg was preloaded using link preload but not used within a few seconds from the window's load event. Please make sure it has an appropriate `as` value and it is preloaded intentionally. @ http://localhost:3000/:0
[12229955ms] [WARNING] The resource https://i.ytimg.com/vi/cXFQuxZF61Q/maxresdefault.jpg was preloaded using link preload but not used within a few seconds from the window's load event. Please make sure it has an appropriate `as` value and it is preloaded intentionally. @ http://localhost:3000/:0
[12229955ms] [WARNING] The resource https://i.ytimg.com/vi/haisvt45Kdc/maxresdefault.jpg was preloaded using link preload but not used within a few seconds from the window's load event. Please make sure it has an appropriate `as` value and it is preloaded intentionally. @ http://localhost:3000/:0
[12229955ms] [WARNING] The resource https://i.ytimg.com/vi/VKeF820DlGU/maxresdefault.jpg was preloaded using link preload but not used within a few seconds from the window's load event. Please make sure it has an appropriate `as` value and it is preloaded intentionally. @ http://localhost:3000/:0
[12240594ms] [LOG] [Fast Refresh] rebuilding @ http://localhost:3000/_next/static/chunks/node_modules_next_dist_f3530cac._.js:2297
[12241754ms] [LOG] [Fast Refresh] done in 788ms @ http://localhost:3000/_next/static/chunks/node_modules_next_dist_f3530cac._.js:2297
[12241864ms] [WARNING] Image with src "/photos/Church.png" has "fill" and parent element with invalid "position". Provided "static" should be one of absolute,fixed,relative. @ http://localhost:3000/_next/static/chunks/node_modules_next_dist_f3530cac._.js:2297
[12242103ms] [WARNING] Image with src "/photos/Church3.png" has "fill" and parent element with invalid "position". Provided "static" should be one of absolute,fixed,relative. @ http://localhost:3000/_next/static/chunks/node_modules_next_dist_f3530cac._.js:2297
[12245105ms] [WARNING] The resource https://i.ytimg.com/vi/732dkRJZOLE/maxresdefault.jpg was preloaded using link preload but not used within a few seconds from the window's load event. Please make sure it has an appropriate `as` value and it is preloaded intentionally. @ http://localhost:3000/:0
[12245105ms] [WARNING] The resource https://i.ytimg.com/vi/-KnzDx8UV5M/maxresdefault.jpg was preloaded using link preload but not used within a few seconds from the window's load event. Please make sure it has an appropriate `as` value and it is preloaded intentionally. @ http://localhost:3000/:0
[12245105ms] [WARNING] The resource https://i.ytimg.com/vi/cXFQuxZF61Q/maxresdefault.jpg was preloaded using link preload but not used within a few seconds from the window's load event. Please make sure it has an appropriate `as` value and it is preloaded intentionally. @ http://localhost:3000/:0
[12245105ms] [WARNING] The resource https://i.ytimg.com/vi/haisvt45Kdc/maxresdefault.jpg was preloaded using link preload but not used within a few seconds from the window's load event. Please make sure it has an appropriate `as` value and it is preloaded intentionally. @ http://localhost:3000/:0
[12245105ms] [WARNING] The resource https://i.ytimg.com/vi/VKeF820DlGU/maxresdefault.jpg was preloaded using link preload but not used within a few seconds from the window's load event. Please make sure it has an appropriate `as` value and it is preloaded intentionally. @ http://localhost:3000/:0
[12265393ms] [WARNING] The resource https://i.ytimg.com/vi/732dkRJZOLE/maxresdefault.jpg was preloaded using link preload but not used within a few seconds from the window's load event. Please make sure it has an appropriate `as` value and it is preloaded intentionally. @ http://localhost:3000/:0
[12265393ms] [WARNING] The resource https://i.ytimg.com/vi/-KnzDx8UV5M/maxresdefault.jpg was preloaded using link preload but not used within a few seconds from the window's load event. Please make sure it has an appropriate `as` value and it is preloaded intentionally. @ http://localhost:3000/:0
[12265393ms] [WARNING] The resource https://i.ytimg.com/vi/cXFQuxZF61Q/maxresdefault.jpg was preloaded using link preload but not used within a few seconds from the window's load event. Please make sure it has an appropriate `as` value and it is preloaded intentionally. @ http://localhost:3000/:0
[12265393ms] [WARNING] The resource https://i.ytimg.com/vi/haisvt45Kdc/maxresdefault.jpg was preloaded using link preload but not used within a few seconds from the window's load event. Please make sure it has an appropriate `as` value and it is preloaded intentionally. @ http://localhost:3000/:0
[12265393ms] [WARNING] The resource https://i.ytimg.com/vi/VKeF820DlGU/maxresdefault.jpg was preloaded using link preload but not used within a few seconds from the window's load event. Please make sure it has an appropriate `as` value and it is preloaded intentionally. @ http://localhost:3000/:0
[12277346ms] [WARNING] The resource https://i.ytimg.com/vi/732dkRJZOLE/maxresdefault.jpg was preloaded using link preload but not used within a few seconds from the window's load event. Please make sure it has an appropriate `as` value and it is preloaded intentionally. @ http://localhost:3000/:0
[12277346ms] [WARNING] The resource https://i.ytimg.com/vi/-KnzDx8UV5M/maxresdefault.jpg was preloaded using link preload but not used within a few seconds from the window's load event. Please make sure it has an appropriate `as` value and it is preloaded intentionally. @ http://localhost:3000/:0
[12277346ms] [WARNING] The resource https://i.ytimg.com/vi/cXFQuxZF61Q/maxresdefault.jpg was preloaded using link preload but not used within a few seconds from the window's load event. Please make sure it has an appropriate `as` value and it is preloaded intentionally. @ http://localhost:3000/:0
[12277346ms] [WARNING] The resource https://i.ytimg.com/vi/haisvt45Kdc/maxresdefault.jpg was preloaded using link preload but not used within a few seconds from the window's load event. Please make sure it has an appropriate `as` value and it is preloaded intentionally. @ http://localhost:3000/:0
[12277346ms] [WARNING] The resource https://i.ytimg.com/vi/VKeF820DlGU/maxresdefault.jpg was preloaded using link preload but not used within a few seconds from the window's load event. Please make sure it has an appropriate `as` value and it is preloaded intentionally. @ http://localhost:3000/:0
[12300831ms] [WARNING] The resource https://i.ytimg.com/vi/732dkRJZOLE/maxresdefault.jpg was preloaded using link preload but not used within a few seconds from the window's load event. Please make sure it has an appropriate `as` value and it is preloaded intentionally. @ http://localhost:3000/:0
[12300831ms] [WARNING] The resource https://i.ytimg.com/vi/-KnzDx8UV5M/maxresdefault.jpg was preloaded using link preload but not used within a few seconds from the window's load event. Please make sure it has an appropriate `as` value and it is preloaded intentionally. @ http://localhost:3000/:0
[12300831ms] [WARNING] The resource https://i.ytimg.com/vi/cXFQuxZF61Q/maxresdefault.jpg was preloaded using link preload but not used within a few seconds from the window's load event. Please make sure it has an appropriate `as` value and it is preloaded intentionally. @ http://localhost:3000/:0
[12300831ms] [WARNING] The resource https://i.ytimg.com/vi/haisvt45Kdc/maxresdefault.jpg was preloaded using link preload but not used within a few seconds from the window's load event. Please make sure it has an appropriate `as` value and it is preloaded intentionally. @ http://localhost:3000/:0
[12300831ms] [WARNING] The resource https://i.ytimg.com/vi/VKeF820DlGU/maxresdefault.jpg was preloaded using link preload but not used within a few seconds from the window's load event. Please make sure it has an appropriate `as` value and it is preloaded intentionally. @ http://localhost:3000/:0
[12312780ms] [WARNING] The resource https://i.ytimg.com/vi/732dkRJZOLE/maxresdefault.jpg was preloaded using link preload but not used within a few seconds from the window's load event. Please make sure it has an appropriate `as` value and it is preloaded intentionally. @ http://localhost:3000/:0
[12312780ms] [WARNING] The resource https://i.ytimg.com/vi/-KnzDx8UV5M/maxresdefault.jpg was preloaded using link preload but not used within a few seconds from the window's load event. Please make sure it has an appropriate `as` value and it is preloaded intentionally. @ http://localhost:3000/:0
[12312780ms] [WARNING] The resource https://i.ytimg.com/vi/cXFQuxZF61Q/maxresdefault.jpg was preloaded using link preload but not used within a few seconds from the window's load event. Please make sure it has an appropriate `as` value and it is preloaded intentionally. @ http://localhost:3000/:0
[12312780ms] [WARNING] The resource https://i.ytimg.com/vi/haisvt45Kdc/maxresdefault.jpg was preloaded using link preload but not used within a few seconds from the window's load event. Please make sure it has an appropriate `as` value and it is preloaded intentionally. @ http://localhost:3000/:0
[12312780ms] [WARNING] The resource https://i.ytimg.com/vi/VKeF820DlGU/maxresdefault.jpg was preloaded using link preload but not used within a few seconds from the window's load event. Please make sure it has an appropriate `as` value and it is preloaded intentionally. @ http://localhost:3000/:0
[12322016ms] [LOG] [Fast Refresh] rebuilding @ http://localhost:3000/_next/static/chunks/node_modules_next_dist_f3530cac._.js:2297
[12322323ms] [LOG] [Fast Refresh] done in 420ms @ http://localhost:3000/_next/static/chunks/node_modules_next_dist_f3530cac._.js:2297
[12325322ms] [WARNING] The resource https://i.ytimg.com/vi/732dkRJZOLE/maxresdefault.jpg was preloaded using link preload but not used within a few seconds from the window's load event. Please make sure it has an appropriate `as` value and it is preloaded intentionally. @ http://localhost:3000/:0
[12325322ms] [WARNING] The resource https://i.ytimg.com/vi/-KnzDx8UV5M/maxresdefault.jpg was preloaded using link preload but not used within a few seconds from the window's load event. Please make sure it has an appropriate `as` value and it is preloaded intentionally. @ http://localhost:3000/:0
[12325322ms] [WARNING] The resource https://i.ytimg.com/vi/cXFQuxZF61Q/maxresdefault.jpg was preloaded using link preload but not used within a few seconds from the window's load event. Please make sure it has an appropriate `as` value and it is preloaded intentionally. @ http://localhost:3000/:0
[12325322ms] [WARNING] The resource https://i.ytimg.com/vi/haisvt45Kdc/maxresdefault.jpg was preloaded using link preload but not used within a few seconds from the window's load event. Please make sure it has an appropriate `as` value and it is preloaded intentionally. @ http://localhost:3000/:0
[12325322ms] [WARNING] The resource https://i.ytimg.com/vi/VKeF820DlGU/maxresdefault.jpg was preloaded using link preload but not used within a few seconds from the window's load event. Please make sure it has an appropriate `as` value and it is preloaded intentionally. @ http://localhost:3000/:0
[12336396ms] [WARNING] The resource https://i.ytimg.com/vi/732dkRJZOLE/maxresdefault.jpg was preloaded using link preload but not used within a few seconds from the window's load event. Please make sure it has an appropriate `as` value and it is preloaded intentionally. @ http://localhost:3000/:0
[12336396ms] [WARNING] The resource https://i.ytimg.com/vi/-KnzDx8UV5M/maxresdefault.jpg was preloaded using link preload but not used within a few seconds from the window's load event. Please make sure it has an appropriate `as` value and it is preloaded intentionally. @ http://localhost:3000/:0
[12336396ms] [WARNING] The resource https://i.ytimg.com/vi/cXFQuxZF61Q/maxresdefault.jpg was preloaded using link preload but not used within a few seconds from the window's load event. Please make sure it has an appropriate `as` value and it is preloaded intentionally. @ http://localhost:3000/:0
[12336396ms] [WARNING] The resource https://i.ytimg.com/vi/haisvt45Kdc/maxresdefault.jpg was preloaded using link preload but not used within a few seconds from the window's load event. Please make sure it has an appropriate `as` value and it is preloaded intentionally. @ http://localhost:3000/:0
[12336396ms] [WARNING] The resource https://i.ytimg.com/vi/VKeF820DlGU/maxresdefault.jpg was preloaded using link preload but not used within a few seconds from the window's load event. Please make sure it has an appropriate `as` value and it is preloaded intentionally. @ http://localhost:3000/:0
[12348051ms] [LOG] [Fast Refresh] rebuilding @ http://localhost:3000/_next/static/chunks/node_modules_next_dist_f3530cac._.js:2297
[12348114ms] [LOG] [Fast Refresh] done in 167ms @ http://localhost:3000/_next/static/chunks/node_modules_next_dist_f3530cac._.js:2297
[12348312ms] [WARNING] The resource https://i.ytimg.com/vi/732dkRJZOLE/maxresdefault.jpg was preloaded using link preload but not used within a few seconds from the window's load event. Please make sure it has an appropriate `as` value and it is preloaded intentionally. @ http://localhost:3000/:0
[12348312ms] [WARNING] The resource https://i.ytimg.com/vi/-KnzDx8UV5M/maxresdefault.jpg was preloaded using link preload but not used within a few seconds from the window's load event. Please make sure it has an appropriate `as` value and it is preloaded intentionally. @ http://localhost:3000/:0
[12348313ms] [WARNING] The resource https://i.ytimg.com/vi/cXFQuxZF61Q/maxresdefault.jpg was preloaded using link preload but not used within a few seconds from the window's load event. Please make sure it has an appropriate `as` value and it is preloaded intentionally. @ http://localhost:3000/:0
[12348313ms] [WARNING] The resource https://i.ytimg.com/vi/haisvt45Kdc/maxresdefault.jpg was preloaded using link preload but not used within a few seconds from the window's load event. Please make sure it has an appropriate `as` value and it is preloaded intentionally. @ http://localhost:3000/:0
[12348313ms] [WARNING] The resource https://i.ytimg.com/vi/VKeF820DlGU/maxresdefault.jpg was preloaded using link preload but not used within a few seconds from the window's load event. Please make sure it has an appropriate `as` value and it is preloaded intentionally. @ http://localhost:3000/:0
[12367080ms] [LOG] [Fast Refresh] rebuilding @ http://localhost:3000/_next/static/chunks/node_modules_next_dist_f3530cac._.js:2297
[12367539ms] [LOG] [Fast Refresh] done in 507ms @ http://localhost:3000/_next/static/chunks/node_modules_next_dist_f3530cac._.js:2297
[12371810ms] [WARNING] The resource https://i.ytimg.com/vi/732dkRJZOLE/maxresdefault.jpg was preloaded using link preload but not used within a few seconds from the window's load event. Please make sure it has an appropriate `as` value and it is preloaded intentionally. @ http://localhost:3000/:0
[12371810ms] [WARNING] The resource https://i.ytimg.com/vi/-KnzDx8UV5M/maxresdefault.jpg was preloaded using link preload but not used within a few seconds from the window's load event. Please make sure it has an appropriate `as` value and it is preloaded intentionally. @ http://localhost:3000/:0
[12371810ms] [WARNING] The resource https://i.ytimg.com/vi/cXFQuxZF61Q/maxresdefault.jpg was preloaded using link preload but not used within a few seconds from the window's load event. Please make sure it has an appropriate `as` value and it is preloaded intentionally. @ http://localhost:3000/:0
[12371811ms] [WARNING] The resource https://i.ytimg.com/vi/haisvt45Kdc/maxresdefault.jpg was preloaded using link preload but not used within a few seconds from the window's load event. Please make sure it has an appropriate `as` value and it is preloaded intentionally. @ http://localhost:3000/:0
[12371811ms] [WARNING] The resource https://i.ytimg.com/vi/VKeF820DlGU/maxresdefault.jpg was preloaded using link preload but not used within a few seconds from the window's load event. Please make sure it has an appropriate `as` value and it is preloaded intentionally. @ http://localhost:3000/:0
[12383765ms] [WARNING] The resource https://i.ytimg.com/vi/732dkRJZOLE/maxresdefault.jpg was preloaded using link preload but not used within a few seconds from the window's load event. Please make sure it has an appropriate `as` value and it is preloaded intentionally. @ http://localhost:3000/:0
[12383765ms] [WARNING] The resource https://i.ytimg.com/vi/-KnzDx8UV5M/maxresdefault.jpg was preloaded using link preload but not used within a few seconds from the window's load event. Please make sure it has an appropriate `as` value and it is preloaded intentionally. @ http://localhost:3000/:0
[12383765ms] [WARNING] The resource https://i.ytimg.com/vi/cXFQuxZF61Q/maxresdefault.jpg was preloaded using link preload but not used within a few seconds from the window's load event. Please make sure it has an appropriate `as` value and it is preloaded intentionally. @ http://localhost:3000/:0
[12383766ms] [WARNING] The resource https://i.ytimg.com/vi/haisvt45Kdc/maxresdefault.jpg was preloaded using link preload but not used within a few seconds from the window's load event. Please make sure it has an appropriate `as` value and it is preloaded intentionally. @ http://localhost:3000/:0
[12383766ms] [WARNING] The resource https://i.ytimg.com/vi/VKeF820DlGU/maxresdefault.jpg was preloaded using link preload but not used within a few seconds from the window's load event. Please make sure it has an appropriate `as` value and it is preloaded intentionally. @ http://localhost:3000/:0
[12407246ms] [WARNING] The resource https://i.ytimg.com/vi/732dkRJZOLE/maxresdefault.jpg was preloaded using link preload but not used within a few seconds from the window's load event. Please make sure it has an appropriate `as` value and it is preloaded intentionally. @ http://localhost:3000/:0
[12407246ms] [WARNING] The resource https://i.ytimg.com/vi/-KnzDx8UV5M/maxresdefault.jpg was preloaded using link preload but not used within a few seconds from the window's load event. Please make sure it has an appropriate `as` value and it is preloaded intentionally. @ http://localhost:3000/:0
[12407246ms] [WARNING] The resource https://i.ytimg.com/vi/cXFQuxZF61Q/maxresdefault.jpg was preloaded using link preload but not used within a few seconds from the window's load event. Please make sure it has an appropriate `as` value and it is preloaded intentionally. @ http://localhost:3000/:0
[12407246ms] [WARNING] The resource https://i.ytimg.com/vi/haisvt45Kdc/maxresdefault.jpg was preloaded using link preload but not used within a few seconds from the window's load event. Please make sure it has an appropriate `as` value and it is preloaded intentionally. @ http://localhost:3000/:0
[12407246ms] [WARNING] The resource https://i.ytimg.com/vi/VKeF820DlGU/maxresdefault.jpg was preloaded using link preload but not used within a few seconds from the window's load event. Please make sure it has an appropriate `as` value and it is preloaded intentionally. @ http://localhost:3000/:0
[12419199ms] [WARNING] The resource https://i.ytimg.com/vi/732dkRJZOLE/maxresdefault.jpg was preloaded using link preload but not used within a few seconds from the window's load event. Please make sure it has an appropriate `as` value and it is preloaded intentionally. @ http://localhost:3000/:0
[12419199ms] [WARNING] The resource https://i.ytimg.com/vi/-KnzDx8UV5M/maxresdefault.jpg was preloaded using link preload but not used within a few seconds from the window's load event. Please make sure it has an appropriate `as` value and it is preloaded intentionally. @ http://localhost:3000/:0
[12419199ms] [WARNING] The resource https://i.ytimg.com/vi/cXFQuxZF61Q/maxresdefault.jpg was preloaded using link preload but not used within a few seconds from the window's load event. Please make sure it has an appropriate `as` value and it is preloaded intentionally. @ http://localhost:3000/:0
[12419199ms] [WARNING] The resource https://i.ytimg.com/vi/haisvt45Kdc/maxresdefault.jpg was preloaded using link preload but not used within a few seconds from the window's load event. Please make sure it has an appropriate `as` value and it is preloaded intentionally. @ http://localhost:3000/:0
[12419199ms] [WARNING] The resource https://i.ytimg.com/vi/VKeF820DlGU/maxresdefault.jpg was preloaded using link preload but not used within a few seconds from the window's load event. Please make sure it has an appropriate `as` value and it is preloaded intentionally. @ http://localhost:3000/:0
[12442694ms] [WARNING] The resource https://i.ytimg.com/vi/732dkRJZOLE/maxresdefault.jpg was preloaded using link preload but not used within a few seconds from the window's load event. Please make sure it has an appropriate `as` value and it is preloaded intentionally. @ http://localhost:3000/:0
[12442694ms] [WARNING] The resource https://i.ytimg.com/vi/-KnzDx8UV5M/maxresdefault.jpg was preloaded using link preload but not used within a few seconds from the window's load event. Please make sure it has an appropriate `as` value and it is preloaded intentionally. @ http://localhost:3000/:0
[12442694ms] [WARNING] The resource https://i.ytimg.com/vi/cXFQuxZF61Q/maxresdefault.jpg was preloaded using link preload but not used within a few seconds from the window's load event. Please make sure it has an appropriate `as` value and it is preloaded intentionally. @ http://localhost:3000/:0
[12442694ms] [WARNING] The resource https://i.ytimg.com/vi/haisvt45Kdc/maxresdefault.jpg was preloaded using link preload but not used within a few seconds from the window's load event. Please make sure it has an appropriate `as` value and it is preloaded intentionally. @ http://localhost:3000/:0
[12442694ms] [WARNING] The resource https://i.ytimg.com/vi/VKeF820DlGU/maxresdefault.jpg was preloaded using link preload but not used within a few seconds from the window's load event. Please make sure it has an appropriate `as` value and it is preloaded intentionally. @ http://localhost:3000/:0
[12454652ms] [WARNING] The resource https://i.ytimg.com/vi/732dkRJZOLE/maxresdefault.jpg was preloaded using link preload but not used within a few seconds from the window's load event. Please make sure it has an appropriate `as` value and it is preloaded intentionally. @ http://localhost:3000/:0
[12454652ms] [WARNING] The resource https://i.ytimg.com/vi/-KnzDx8UV5M/maxresdefault.jpg was preloaded using link preload but not used within a few seconds from the window's load event. Please make sure it has an appropriate `as` value and it is preloaded intentionally. @ http://localhost:3000/:0
[12454652ms] [WARNING] The resource https://i.ytimg.com/vi/cXFQuxZF61Q/maxresdefault.jpg was preloaded using link preload but not used within a few seconds from the window's load event. Please make sure it has an appropriate `as` value and it is preloaded intentionally. @ http://localhost:3000/:0
[12454652ms] [WARNING] The resource https://i.ytimg.com/vi/haisvt45Kdc/maxresdefault.jpg was preloaded using link preload but not used within a few seconds from the window's load event. Please make sure it has an appropriate `as` value and it is preloaded intentionally. @ http://localhost:3000/:0
[12454652ms] [WARNING] The resource https://i.ytimg.com/vi/VKeF820DlGU/maxresdefault.jpg was preloaded using link preload but not used within a few seconds from the window's load event. Please make sure it has an appropriate `as` value and it is preloaded intentionally. @ http://localhost:3000/:0
[12478145ms] [WARNING] The resource https://i.ytimg.com/vi/732dkRJZOLE/maxresdefault.jpg was preloaded using link preload but not used within a few seconds from the window's load event. Please make sure it has an appropriate `as` value and it is preloaded intentionally. @ http://localhost:3000/:0
[12478145ms] [WARNING] The resource https://i.ytimg.com/vi/-KnzDx8UV5M/maxresdefault.jpg was preloaded using link preload but not used within a few seconds from the window's load event. Please make sure it has an appropriate `as` value and it is preloaded intentionally. @ http://localhost:3000/:0
[12478145ms] [WARNING] The resource https://i.ytimg.com/vi/cXFQuxZF61Q/maxresdefault.jpg was preloaded using link preload but not used within a few seconds from the window's load event. Please make sure it has an appropriate `as` value and it is preloaded intentionally. @ http://localhost:3000/:0
[12478145ms] [WARNING] The resource https://i.ytimg.com/vi/haisvt45Kdc/maxresdefault.jpg was preloaded using link preload but not used within a few seconds from the window's load event. Please make sure it has an appropriate `as` value and it is preloaded intentionally. @ http://localhost:3000/:0
[12478145ms] [WARNING] The resource https://i.ytimg.com/vi/VKeF820DlGU/maxresdefault.jpg was preloaded using link preload but not used within a few seconds from the window's load event. Please make sure it has an appropriate `as` value and it is preloaded intentionally. @ http://localhost:3000/:0
[12490096ms] [WARNING] The resource https://i.ytimg.com/vi/732dkRJZOLE/maxresdefault.jpg was preloaded using link preload but not used within a few seconds from the window's load event. Please make sure it has an appropriate `as` value and it is preloaded intentionally. @ http://localhost:3000/:0
[12490097ms] [WARNING] The resource https://i.ytimg.com/vi/-KnzDx8UV5M/maxresdefault.jpg was preloaded using link preload but not used within a few seconds from the window's load event. Please make sure it has an appropriate `as` value and it is preloaded intentionally. @ http://localhost:3000/:0
[12490097ms] [WARNING] The resource https://i.ytimg.com/vi/cXFQuxZF61Q/maxresdefault.jpg was preloaded using link preload but not used within a few seconds from the window's load event. Please make sure it has an appropriate `as` value and it is preloaded intentionally. @ http://localhost:3000/:0
[12490097ms] [WARNING] The resource https://i.ytimg.com/vi/haisvt45Kdc/maxresdefault.jpg was preloaded using link preload but not used within a few seconds from the window's load event. Please make sure it has an appropriate `as` value and it is preloaded intentionally. @ http://localhost:3000/:0
[12490097ms] [WARNING] The resource https://i.ytimg.com/vi/VKeF820DlGU/maxresdefault.jpg was preloaded using link preload but not used within a few seconds from the window's load event. Please make sure it has an appropriate `as` value and it is preloaded intentionally. @ http://localhost:3000/:0
[12511519ms] [LOG] [Fast Refresh] rebuilding @ http://localhost:3000/_next/static/chunks/node_modules_next_dist_f3530cac._.js:2297
[12512021ms] [LOG] [Fast Refresh] done in 399ms @ http://localhost:3000/_next/static/chunks/node_modules_next_dist_f3530cac._.js:2297
[12515137ms] [WARNING] The resource https://i.ytimg.com/vi/732dkRJZOLE/maxresdefault.jpg was preloaded using link preload but not used within a few seconds from the window's load event. Please make sure it has an appropriate `as` value and it is preloaded intentionally. @ http://localhost:3000/:0
[12515138ms] [WARNING] The resource https://i.ytimg.com/vi/-KnzDx8UV5M/maxresdefault.jpg was preloaded using link preload but not used within a few seconds from the window's load event. Please make sure it has an appropriate `as` value and it is preloaded intentionally. @ http://localhost:3000/:0
[12515138ms] [WARNING] The resource https://i.ytimg.com/vi/cXFQuxZF61Q/maxresdefault.jpg was preloaded using link preload but not used within a few seconds from the window's load event. Please make sure it has an appropriate `as` value and it is preloaded intentionally. @ http://localhost:3000/:0
[12515138ms] [WARNING] The resource https://i.ytimg.com/vi/haisvt45Kdc/maxresdefault.jpg was preloaded using link preload but not used within a few seconds from the window's load event. Please make sure it has an appropriate `as` value and it is preloaded intentionally. @ http://localhost:3000/:0
[12515138ms] [WARNING] The resource https://i.ytimg.com/vi/VKeF820DlGU/maxresdefault.jpg was preloaded using link preload but not used within a few seconds from the window's load event. Please make sure it has an appropriate `as` value and it is preloaded intentionally. @ http://localhost:3000/:0
[12525543ms] [WARNING] The resource https://i.ytimg.com/vi/732dkRJZOLE/maxresdefault.jpg was preloaded using link preload but not used within a few seconds from the window's load event. Please make sure it has an appropriate `as` value and it is preloaded intentionally. @ http://localhost:3000/:0
[12525543ms] [WARNING] The resource https://i.ytimg.com/vi/-KnzDx8UV5M/maxresdefault.jpg was preloaded using link preload but not used within a few seconds from the window's load event. Please make sure it has an appropriate `as` value and it is preloaded intentionally. @ http://localhost:3000/:0
[12525543ms] [WARNING] The resource https://i.ytimg.com/vi/cXFQuxZF61Q/maxresdefault.jpg was preloaded using link preload but not used within a few seconds from the window's load event. Please make sure it has an appropriate `as` value and it is preloaded intentionally. @ http://localhost:3000/:0
[12525543ms] [WARNING] The resource https://i.ytimg.com/vi/haisvt45Kdc/maxresdefault.jpg was preloaded using link preload but not used within a few seconds from the window's load event. Please make sure it has an appropriate `as` value and it is preloaded intentionally. @ http://localhost:3000/:0
[12525543ms] [WARNING] The resource https://i.ytimg.com/vi/VKeF820DlGU/maxresdefault.jpg was preloaded using link preload but not used within a few seconds from the window's load event. Please make sure it has an appropriate `as` value and it is preloaded intentionally. @ http://localhost:3000/:0
[12548321ms] [LOG] [Fast Refresh] rebuilding @ http://localhost:3000/_next/static/chunks/node_modules_next_dist_f3530cac._.js:2297
[12548618ms] [LOG] [Fast Refresh] done in 396ms @ http://localhost:3000/_next/static/chunks/node_modules_next_dist_f3530cac._.js:2297
[12551727ms] [WARNING] The resource https://i.ytimg.com/vi/732dkRJZOLE/maxresdefault.jpg was preloaded using link preload but not used within a few seconds from the window's load event. Please make sure it has an appropriate `as` value and it is preloaded intentionally. @ http://localhost:3000/:0
[12551727ms] [WARNING] The resource https://i.ytimg.com/vi/-KnzDx8UV5M/maxresdefault.jpg was preloaded using link preload but not used within a few seconds from the window's load event. Please make sure it has an appropriate `as` value and it is preloaded intentionally. @ http://localhost:3000/:0
[12551727ms] [WARNING] The resource https://i.ytimg.com/vi/cXFQuxZF61Q/maxresdefault.jpg was preloaded using link preload but not used within a few seconds from the window's load event. Please make sure it has an appropriate `as` value and it is preloaded intentionally. @ http://localhost:3000/:0
[12551727ms] [WARNING] The resource https://i.ytimg.com/vi/haisvt45Kdc/maxresdefault.jpg was preloaded using link preload but not used within a few seconds from the window's load event. Please make sure it has an appropriate `as` value and it is preloaded intentionally. @ http://localhost:3000/:0
[12551727ms] [WARNING] The resource https://i.ytimg.com/vi/VKeF820DlGU/maxresdefault.jpg was preloaded using link preload but not used within a few seconds from the window's load event. Please make sure it has an appropriate `as` value and it is preloaded intentionally. @ http://localhost:3000/:0
[12560951ms] [WARNING] The resource https://i.ytimg.com/vi/732dkRJZOLE/maxresdefault.jpg was preloaded using link preload but not used within a few seconds from the window's load event. Please make sure it has an appropriate `as` value and it is preloaded intentionally. @ http://localhost:3000/:0
[12560951ms] [WARNING] The resource https://i.ytimg.com/vi/-KnzDx8UV5M/maxresdefault.jpg was preloaded using link preload but not used within a few seconds from the window's load event. Please make sure it has an appropriate `as` value and it is preloaded intentionally. @ http://localhost:3000/:0
[12560951ms] [WARNING] The resource https://i.ytimg.com/vi/cXFQuxZF61Q/maxresdefault.jpg was preloaded using link preload but not used within a few seconds from the window's load event. Please make sure it has an appropriate `as` value and it is preloaded intentionally. @ http://localhost:3000/:0
[12560951ms] [WARNING] The resource https://i.ytimg.com/vi/haisvt45Kdc/maxresdefault.jpg was preloaded using link preload but not used within a few seconds from the window's load event. Please make sure it has an appropriate `as` value and it is preloaded intentionally. @ http://localhost:3000/:0
[12560951ms] [WARNING] The resource https://i.ytimg.com/vi/VKeF820DlGU/maxresdefault.jpg was preloaded using link preload but not used within a few seconds from the window's load event. Please make sure it has an appropriate `as` value and it is preloaded intentionally. @ http://localhost:3000/:0
[12584449ms] [WARNING] The resource https://i.ytimg.com/vi/732dkRJZOLE/maxresdefault.jpg was preloaded using link preload but not used within a few seconds from the window's load event. Please make sure it has an appropriate `as` value and it is preloaded intentionally. @ http://localhost:3000/:0
[12584449ms] [WARNING] The resource https://i.ytimg.com/vi/-KnzDx8UV5M/maxresdefault.jpg was preloaded using link preload but not used within a few seconds from the window's load event. Please make sure it has an appropriate `as` value and it is preloaded intentionally. @ http://localhost:3000/:0
[12584449ms] [WARNING] The resource https://i.ytimg.com/vi/cXFQuxZF61Q/maxresdefault.jpg was preloaded using link preload but not used within a few seconds from the window's load event. Please make sure it has an appropriate `as` value and it is preloaded intentionally. @ http://localhost:3000/:0
[12584449ms] [WARNING] The resource https://i.ytimg.com/vi/haisvt45Kdc/maxresdefault.jpg was preloaded using link preload but not used within a few seconds from the window's load event. Please make sure it has an appropriate `as` value and it is preloaded intentionally. @ http://localhost:3000/:0
[12584449ms] [WARNING] The resource https://i.ytimg.com/vi/VKeF820DlGU/maxresdefault.jpg was preloaded using link preload but not used within a few seconds from the window's load event. Please make sure it has an appropriate `as` value and it is preloaded intentionally. @ http://localhost:3000/:0
[12596376ms] [WARNING] The resource https://i.ytimg.com/vi/732dkRJZOLE/maxresdefault.jpg was preloaded using link preload but not used within a few seconds from the window's load event. Please make sure it has an appropriate `as` value and it is preloaded intentionally. @ http://localhost:3000/:0
[12596376ms] [WARNING] The resource https://i.ytimg.com/vi/-KnzDx8UV5M/maxresdefault.jpg was preloaded using link preload but not used within a few seconds from the window's load event. Please make sure it has an appropriate `as` value and it is preloaded intentionally. @ http://localhost:3000/:0
[12596376ms] [WARNING] The resource https://i.ytimg.com/vi/cXFQuxZF61Q/maxresdefault.jpg was preloaded using link preload but not used within a few seconds from the window's load event. Please make sure it has an appropriate `as` value and it is preloaded intentionally. @ http://localhost:3000/:0
[12596376ms] [WARNING] The resource https://i.ytimg.com/vi/haisvt45Kdc/maxresdefault.jpg was preloaded using link preload but not used within a few seconds from the window's load event. Please make sure it has an appropriate `as` value and it is preloaded intentionally. @ http://localhost:3000/:0
[12596376ms] [WARNING] The resource https://i.ytimg.com/vi/VKeF820DlGU/maxresdefault.jpg was preloaded using link preload but not used within a few seconds from the window's load event. Please make sure it has an appropriate `as` value and it is preloaded intentionally. @ http://localhost:3000/:0
[12619902ms] [WARNING] The resource https://i.ytimg.com/vi/732dkRJZOLE/maxresdefault.jpg was preloaded using link preload but not used within a few seconds from the window's load event. Please make sure it has an appropriate `as` value and it is preloaded intentionally. @ http://localhost:3000/:0
[12619902ms] [WARNING] The resource https://i.ytimg.com/vi/-KnzDx8UV5M/maxresdefault.jpg was preloaded using link preload but not used within a few seconds from the window's load event. Please make sure it has an appropriate `as` value and it is preloaded intentionally. @ http://localhost:3000/:0
[12619902ms] [WARNING] The resource https://i.ytimg.com/vi/cXFQuxZF61Q/maxresdefault.jpg was preloaded using link preload but not used within a few seconds from the window's load event. Please make sure it has an appropriate `as` value and it is preloaded intentionally. @ http://localhost:3000/:0
[12619902ms] [WARNING] The resource https://i.ytimg.com/vi/haisvt45Kdc/maxresdefault.jpg was preloaded using link preload but not used within a few seconds from the window's load event. Please make sure it has an appropriate `as` value and it is preloaded intentionally. @ http://localhost:3000/:0
[12619902ms] [WARNING] The resource https://i.ytimg.com/vi/VKeF820DlGU/maxresdefault.jpg was preloaded using link preload but not used within a few seconds from the window's load event. Please make sure it has an appropriate `as` value and it is preloaded intentionally. @ http://localhost:3000/:0
[12631853ms] [WARNING] The resource https://i.ytimg.com/vi/732dkRJZOLE/maxresdefault.jpg was preloaded using link preload but not used within a few seconds from the window's load event. Please make sure it has an appropriate `as` value and it is preloaded intentionally. @ http://localhost:3000/:0
[12631853ms] [WARNING] The resource https://i.ytimg.com/vi/-KnzDx8UV5M/maxresdefault.jpg was preloaded using link preload but not used within a few seconds from the window's load event. Please make sure it has an appropriate `as` value and it is preloaded intentionally. @ http://localhost:3000/:0
[12631854ms] [WARNING] The resource https://i.ytimg.com/vi/cXFQuxZF61Q/maxresdefault.jpg was preloaded using link preload but not used within a few seconds from the window's load event. Please make sure it has an appropriate `as` value and it is preloaded intentionally. @ http://localhost:3000/:0
[12631854ms] [WARNING] The resource https://i.ytimg.com/vi/haisvt45Kdc/maxresdefault.jpg was preloaded using link preload but not used within a few seconds from the window's load event. Please make sure it has an appropriate `as` value and it is preloaded intentionally. @ http://localhost:3000/:0
[12631854ms] [WARNING] The resource https://i.ytimg.com/vi/VKeF820DlGU/maxresdefault.jpg was preloaded using link preload but not used within a few seconds from the window's load event. Please make sure it has an appropriate `as` value and it is preloaded intentionally. @ http://localhost:3000/:0
[12631929ms] [LOG] [Fast Refresh] rebuilding @ http://localhost:3000/_next/static/chunks/node_modules_next_dist_f3530cac._.js:2297
[12632408ms] [LOG] [Fast Refresh] done in 365ms @ http://localhost:3000/_next/static/chunks/node_modules_next_dist_f3530cac._.js:2297
[12635569ms] [WARNING] The resource https://i.ytimg.com/vi/732dkRJZOLE/maxresdefault.jpg was preloaded using link preload but not used within a few seconds from the window's load event. Please make sure it has an appropriate `as` value and it is preloaded intentionally. @ http://localhost:3000/:0
[12635569ms] [WARNING] The resource https://i.ytimg.com/vi/-KnzDx8UV5M/maxresdefault.jpg was preloaded using link preload but not used within a few seconds from the window's load event. Please make sure it has an appropriate `as` value and it is preloaded intentionally. @ http://localhost:3000/:0
[12635569ms] [WARNING] The resource https://i.ytimg.com/vi/cXFQuxZF61Q/maxresdefault.jpg was preloaded using link preload but not used within a few seconds from the window's load event. Please make sure it has an appropriate `as` value and it is preloaded intentionally. @ http://localhost:3000/:0
[12635569ms] [WARNING] The resource https://i.ytimg.com/vi/haisvt45Kdc/maxresdefault.jpg was preloaded using link preload but not used within a few seconds from the window's load event. Please make sure it has an appropriate `as` value and it is preloaded intentionally. @ http://localhost:3000/:0
[12635569ms] [WARNING] The resource https://i.ytimg.com/vi/VKeF820DlGU/maxresdefault.jpg was preloaded using link preload but not used within a few seconds from the window's load event. Please make sure it has an appropriate `as` value and it is preloaded intentionally. @ http://localhost:3000/:0
[12655333ms] [WARNING] The resource https://i.ytimg.com/vi/732dkRJZOLE/maxresdefault.jpg was preloaded using link preload but not used within a few seconds from the window's load event. Please make sure it has an appropriate `as` value and it is preloaded intentionally. @ http://localhost:3000/:0
[12655333ms] [WARNING] The resource https://i.ytimg.com/vi/-KnzDx8UV5M/maxresdefault.jpg was preloaded using link preload but not used within a few seconds from the window's load event. Please make sure it has an appropriate `as` value and it is preloaded intentionally. @ http://localhost:3000/:0
[12655333ms] [WARNING] The resource https://i.ytimg.com/vi/cXFQuxZF61Q/maxresdefault.jpg was preloaded using link preload but not used within a few seconds from the window's load event. Please make sure it has an appropriate `as` value and it is preloaded intentionally. @ http://localhost:3000/:0
[12655333ms] [WARNING] The resource https://i.ytimg.com/vi/haisvt45Kdc/maxresdefault.jpg was preloaded using link preload but not used within a few seconds from the window's load event. Please make sure it has an appropriate `as` value and it is preloaded intentionally. @ http://localhost:3000/:0
[12655333ms] [WARNING] The resource https://i.ytimg.com/vi/VKeF820DlGU/maxresdefault.jpg was preloaded using link preload but not used within a few seconds from the window's load event. Please make sure it has an appropriate `as` value and it is preloaded intentionally. @ http://localhost:3000/:0
[12667256ms] [WARNING] The resource https://i.ytimg.com/vi/732dkRJZOLE/maxresdefault.jpg was preloaded using link preload but not used within a few seconds from the window's load event. Please make sure it has an appropriate `as` value and it is preloaded intentionally. @ http://localhost:3000/:0
[12667257ms] [WARNING] The resource https://i.ytimg.com/vi/-KnzDx8UV5M/maxresdefault.jpg was preloaded using link preload but not used within a few seconds from the window's load event. Please make sure it has an appropriate `as` value and it is preloaded intentionally. @ http://localhost:3000/:0
[12667257ms] [WARNING] The resource https://i.ytimg.com/vi/cXFQuxZF61Q/maxresdefault.jpg was preloaded using link preload but not used within a few seconds from the window's load event. Please make sure it has an appropriate `as` value and it is preloaded intentionally. @ http://localhost:3000/:0
[12667257ms] [WARNING] The resource https://i.ytimg.com/vi/haisvt45Kdc/maxresdefault.jpg was preloaded using link preload but not used within a few seconds from the window's load event. Please make sure it has an appropriate `as` value and it is preloaded intentionally. @ http://localhost:3000/:0
[12667257ms] [WARNING] The resource https://i.ytimg.com/vi/VKeF820DlGU/maxresdefault.jpg was preloaded using link preload but not used within a few seconds from the window's load event. Please make sure it has an appropriate `as` value and it is preloaded intentionally. @ http://localhost:3000/:0
[12681736ms] [LOG] [Fast Refresh] rebuilding @ http://localhost:3000/_next/static/chunks/node_modules_next_dist_f3530cac._.js:2297
[12682301ms] [LOG] [Fast Refresh] done in 618ms @ http://localhost:3000/_next/static/chunks/node_modules_next_dist_f3530cac._.js:2297
[12685419ms] [WARNING] The resource https://i.ytimg.com/vi/732dkRJZOLE/maxresdefault.jpg was preloaded using link preload but not used within a few seconds from the window's load event. Please make sure it has an appropriate `as` value and it is preloaded intentionally. @ http://localhost:3000/:0
[12685419ms] [WARNING] The resource https://i.ytimg.com/vi/-KnzDx8UV5M/maxresdefault.jpg was preloaded using link preload but not used within a few seconds from the window's load event. Please make sure it has an appropriate `as` value and it is preloaded intentionally. @ http://localhost:3000/:0
[12685419ms] [WARNING] The resource https://i.ytimg.com/vi/cXFQuxZF61Q/maxresdefault.jpg was preloaded using link preload but not used within a few seconds from the window's load event. Please make sure it has an appropriate `as` value and it is preloaded intentionally. @ http://localhost:3000/:0
[12685419ms] [WARNING] The resource https://i.ytimg.com/vi/haisvt45Kdc/maxresdefault.jpg was preloaded using link preload but not used within a few seconds from the window's load event. Please make sure it has an appropriate `as` value and it is preloaded intentionally. @ http://localhost:3000/:0
[12685419ms] [WARNING] The resource https://i.ytimg.com/vi/VKeF820DlGU/maxresdefault.jpg was preloaded using link preload but not used within a few seconds from the window's load event. Please make sure it has an appropriate `as` value and it is preloaded intentionally. @ http://localhost:3000/:0
[12690771ms] [WARNING] The resource https://i.ytimg.com/vi/732dkRJZOLE/maxresdefault.jpg was preloaded using link preload but not used within a few seconds from the window's load event. Please make sure it has an appropriate `as` value and it is preloaded intentionally. @ http://localhost:3000/:0
[12690772ms] [WARNING] The resource https://i.ytimg.com/vi/-KnzDx8UV5M/maxresdefault.jpg was preloaded using link preload but not used within a few seconds from the window's load event. Please make sure it has an appropriate `as` value and it is preloaded intentionally. @ http://localhost:3000/:0
[12690772ms] [WARNING] The resource https://i.ytimg.com/vi/cXFQuxZF61Q/maxresdefault.jpg was preloaded using link preload but not used within a few seconds from the window's load event. Please make sure it has an appropriate `as` value and it is preloaded intentionally. @ http://localhost:3000/:0
[12690772ms] [WARNING] The resource https://i.ytimg.com/vi/haisvt45Kdc/maxresdefault.jpg was preloaded using link preload but not used within a few seconds from the window's load event. Please make sure it has an appropriate `as` value and it is preloaded intentionally. @ http://localhost:3000/:0
[12690772ms] [WARNING] The resource https://i.ytimg.com/vi/VKeF820DlGU/maxresdefault.jpg was preloaded using link preload but not used within a few seconds from the window's load event. Please make sure it has an appropriate `as` value and it is preloaded intentionally. @ http://localhost:3000/:0
[12702691ms] [WARNING] The resource https://i.ytimg.com/vi/732dkRJZOLE/maxresdefault.jpg was preloaded using link preload but not used within a few seconds from the window's load event. Please make sure it has an appropriate `as` value and it is preloaded intentionally. @ http://localhost:3000/:0
[12702691ms] [WARNING] The resource https://i.ytimg.com/vi/-KnzDx8UV5M/maxresdefault.jpg was preloaded using link preload but not used within a few seconds from the window's load event. Please make sure it has an appropriate `as` value and it is preloaded intentionally. @ http://localhost:3000/:0
[12702691ms] [WARNING] The resource https://i.ytimg.com/vi/cXFQuxZF61Q/maxresdefault.jpg was preloaded using link preload but not used within a few seconds from the window's load event. Please make sure it has an appropriate `as` value and it is preloaded intentionally. @ http://localhost:3000/:0
[12702691ms] [WARNING] The resource https://i.ytimg.com/vi/haisvt45Kdc/maxresdefault.jpg was preloaded using link preload but not used within a few seconds from the window's load event. Please make sure it has an appropriate `as` value and it is preloaded intentionally. @ http://localhost:3000/:0
[12702691ms] [WARNING] The resource https://i.ytimg.com/vi/VKeF820DlGU/maxresdefault.jpg was preloaded using link preload but not used within a few seconds from the window's load event. Please make sure it has an appropriate `as` value and it is preloaded intentionally. @ http://localhost:3000/:0
[12711468ms] [LOG] [Fast Refresh] rebuilding @ http://localhost:3000/_next/static/chunks/node_modules_next_dist_f3530cac._.js:2297
[12711630ms] [LOG] [Fast Refresh] done in 230ms @ http://localhost:3000/_next/static/chunks/node_modules_next_dist_f3530cac._.js:2297
[12714608ms] [WARNING] The resource https://i.ytimg.com/vi/732dkRJZOLE/maxresdefault.jpg was preloaded using link preload but not used within a few seconds from the window's load event. Please make sure it has an appropriate `as` value and it is preloaded intentionally. @ http://localhost:3000/:0
[12714608ms] [WARNING] The resource https://i.ytimg.com/vi/-KnzDx8UV5M/maxresdefault.jpg was preloaded using link preload but not used within a few seconds from the window's load event. Please make sure it has an appropriate `as` value and it is preloaded intentionally. @ http://localhost:3000/:0
[12714608ms] [WARNING] The resource https://i.ytimg.com/vi/cXFQuxZF61Q/maxresdefault.jpg was preloaded using link preload but not used within a few seconds from the window's load event. Please make sure it has an appropriate `as` value and it is preloaded intentionally. @ http://localhost:3000/:0
[12714608ms] [WARNING] The resource https://i.ytimg.com/vi/haisvt45Kdc/maxresdefault.jpg was preloaded using link preload but not used within a few seconds from the window's load event. Please make sure it has an appropriate `as` value and it is preloaded intentionally. @ http://localhost:3000/:0
[12714608ms] [WARNING] The resource https://i.ytimg.com/vi/VKeF820DlGU/maxresdefault.jpg was preloaded using link preload but not used within a few seconds from the window's load event. Please make sure it has an appropriate `as` value and it is preloaded intentionally. @ http://localhost:3000/:0
[12726225ms] [WARNING] The resource https://i.ytimg.com/vi/732dkRJZOLE/maxresdefault.jpg was preloaded using link preload but not used within a few seconds from the window's load event. Please make sure it has an appropriate `as` value and it is preloaded intentionally. @ http://localhost:3000/:0
[12726225ms] [WARNING] The resource https://i.ytimg.com/vi/-KnzDx8UV5M/maxresdefault.jpg was preloaded using link preload but not used within a few seconds from the window's load event. Please make sure it has an appropriate `as` value and it is preloaded intentionally. @ http://localhost:3000/:0
[12726225ms] [WARNING] The resource https://i.ytimg.com/vi/cXFQuxZF61Q/maxresdefault.jpg was preloaded using link preload but not used within a few seconds from the window's load event. Please make sure it has an appropriate `as` value and it is preloaded intentionally. @ http://localhost:3000/:0
[12726225ms] [WARNING] The resource https://i.ytimg.com/vi/haisvt45Kdc/maxresdefault.jpg was preloaded using link preload but not used within a few seconds from the window's load event. Please make sure it has an appropriate `as` value and it is preloaded intentionally. @ http://localhost:3000/:0
[12726225ms] [WARNING] The resource https://i.ytimg.com/vi/VKeF820DlGU/maxresdefault.jpg was preloaded using link preload but not used within a few seconds from the window's load event. Please make sure it has an appropriate `as` value and it is preloaded intentionally. @ http://localhost:3000/:0
[12738157ms] [WARNING] The resource https://i.ytimg.com/vi/732dkRJZOLE/maxresdefault.jpg was preloaded using link preload but not used within a few seconds from the window's load event. Please make sure it has an appropriate `as` value and it is preloaded intentionally. @ http://localhost:3000/:0
[12738157ms] [WARNING] The resource https://i.ytimg.com/vi/-KnzDx8UV5M/maxresdefault.jpg was preloaded using link preload but not used within a few seconds from the window's load event. Please make sure it has an appropriate `as` value and it is preloaded intentionally. @ http://localhost:3000/:0
[12738157ms] [WARNING] The resource https://i.ytimg.com/vi/cXFQuxZF61Q/maxresdefault.jpg was preloaded using link preload but not used within a few seconds from the window's load event. Please make sure it has an appropriate `as` value and it is preloaded intentionally. @ http://localhost:3000/:0
[12738157ms] [WARNING] The resource https://i.ytimg.com/vi/haisvt45Kdc/maxresdefault.jpg was preloaded using link preload but not used within a few seconds from the window's load event. Please make sure it has an appropriate `as` value and it is preloaded intentionally. @ http://localhost:3000/:0
[12738157ms] [WARNING] The resource https://i.ytimg.com/vi/VKeF820DlGU/maxresdefault.jpg was preloaded using link preload but not used within a few seconds from the window's load event. Please make sure it has an appropriate `as` value and it is preloaded intentionally. @ http://localhost:3000/:0
[12761678ms] [WARNING] The resource https://i.ytimg.com/vi/732dkRJZOLE/maxresdefault.jpg was preloaded using link preload but not used within a few seconds from the window's load event. Please make sure it has an appropriate `as` value and it is preloaded intentionally. @ http://localhost:3000/:0
[12761678ms] [WARNING] The resource https://i.ytimg.com/vi/-KnzDx8UV5M/maxresdefault.jpg was preloaded using link preload but not used within a few seconds from the window's load event. Please make sure it has an appropriate `as` value and it is preloaded intentionally. @ http://localhost:3000/:0
[12761678ms] [WARNING] The resource https://i.ytimg.com/vi/cXFQuxZF61Q/maxresdefault.jpg was preloaded using link preload but not used within a few seconds from the window's load event. Please make sure it has an appropriate `as` value and it is preloaded intentionally. @ http://localhost:3000/:0
[12761678ms] [WARNING] The resource https://i.ytimg.com/vi/haisvt45Kdc/maxresdefault.jpg was preloaded using link preload but not used within a few seconds from the window's load event. Please make sure it has an appropriate `as` value and it is preloaded intentionally. @ http://localhost:3000/:0
[12761678ms] [WARNING] The resource https://i.ytimg.com/vi/VKeF820DlGU/maxresdefault.jpg was preloaded using link preload but not used within a few seconds from the window's load event. Please make sure it has an appropriate `as` value and it is preloaded intentionally. @ http://localhost:3000/:0
[12773618ms] [WARNING] The resource https://i.ytimg.com/vi/732dkRJZOLE/maxresdefault.jpg was preloaded using link preload but not used within a few seconds from the window's load event. Please make sure it has an appropriate `as` value and it is preloaded intentionally. @ http://localhost:3000/:0
[12773618ms] [WARNING] The resource https://i.ytimg.com/vi/-KnzDx8UV5M/maxresdefault.jpg was preloaded using link preload but not used within a few seconds from the window's load event. Please make sure it has an appropriate `as` value and it is preloaded intentionally. @ http://localhost:3000/:0
[12773618ms] [WARNING] The resource https://i.ytimg.com/vi/cXFQuxZF61Q/maxresdefault.jpg was preloaded using link preload but not used within a few seconds from the window's load event. Please make sure it has an appropriate `as` value and it is preloaded intentionally. @ http://localhost:3000/:0
[12773618ms] [WARNING] The resource https://i.ytimg.com/vi/haisvt45Kdc/maxresdefault.jpg was preloaded using link preload but not used within a few seconds from the window's load event. Please make sure it has an appropriate `as` value and it is preloaded intentionally. @ http://localhost:3000/:0
[12773618ms] [WARNING] The resource https://i.ytimg.com/vi/VKeF820DlGU/maxresdefault.jpg was preloaded using link preload but not used within a few seconds from the window's load event. Please make sure it has an appropriate `as` value and it is preloaded intentionally. @ http://localhost:3000/:0
[12797097ms] [WARNING] The resource https://i.ytimg.com/vi/732dkRJZOLE/maxresdefault.jpg was preloaded using link preload but not used within a few seconds from the window's load event. Please make sure it has an appropriate `as` value and it is preloaded intentionally. @ http://localhost:3000/:0
[12797097ms] [WARNING] The resource https://i.ytimg.com/vi/-KnzDx8UV5M/maxresdefault.jpg was preloaded using link preload but not used within a few seconds from the window's load event. Please make sure it has an appropriate `as` value and it is preloaded intentionally. @ http://localhost:3000/:0
[12797097ms] [WARNING] The resource https://i.ytimg.com/vi/cXFQuxZF61Q/maxresdefault.jpg was preloaded using link preload but not used within a few seconds from the window's load event. Please make sure it has an appropriate `as` value and it is preloaded intentionally. @ http://localhost:3000/:0
[12797097ms] [WARNING] The resource https://i.ytimg.com/vi/haisvt45Kdc/maxresdefault.jpg was preloaded using link preload but not used within a few seconds from the window's load event. Please make sure it has an appropriate `as` value and it is preloaded intentionally. @ http://localhost:3000/:0
[12797097ms] [WARNING] The resource https://i.ytimg.com/vi/VKeF820DlGU/maxresdefault.jpg was preloaded using link preload but not used within a few seconds from the window's load event. Please make sure it has an appropriate `as` value and it is preloaded intentionally. @ http://localhost:3000/:0
[12809026ms] [WARNING] The resource https://i.ytimg.com/vi/732dkRJZOLE/maxresdefault.jpg was preloaded using link preload but not used within a few seconds from the window's load event. Please make sure it has an appropriate `as` value and it is preloaded intentionally. @ http://localhost:3000/:0
[12809026ms] [WARNING] The resource https://i.ytimg.com/vi/-KnzDx8UV5M/maxresdefault.jpg was preloaded using link preload but not used within a few seconds from the window's load event. Please make sure it has an appropriate `as` value and it is preloaded intentionally. @ http://localhost:3000/:0
[12809026ms] [WARNING] The resource https://i.ytimg.com/vi/cXFQuxZF61Q/maxresdefault.jpg was preloaded using link preload but not used within a few seconds from the window's load event. Please make sure it has an appropriate `as` value and it is preloaded intentionally. @ http://localhost:3000/:0
[12809026ms] [WARNING] The resource https://i.ytimg.com/vi/haisvt45Kdc/maxresdefault.jpg was preloaded using link preload but not used within a few seconds from the window's load event. Please make sure it has an appropriate `as` value and it is preloaded intentionally. @ http://localhost:3000/:0
[12809026ms] [WARNING] The resource https://i.ytimg.com/vi/VKeF820DlGU/maxresdefault.jpg was preloaded using link preload but not used within a few seconds from the window's load event. Please make sure it has an appropriate `as` value and it is preloaded intentionally. @ http://localhost:3000/:0
[12832531ms] [WARNING] The resource https://i.ytimg.com/vi/732dkRJZOLE/maxresdefault.jpg was preloaded using link preload but not used within a few seconds from the window's load event. Please make sure it has an appropriate `as` value and it is preloaded intentionally. @ http://localhost:3000/:0
[12832531ms] [WARNING] The resource https://i.ytimg.com/vi/-KnzDx8UV5M/maxresdefault.jpg was preloaded using link preload but not used within a few seconds from the window's load event. Please make sure it has an appropriate `as` value and it is preloaded intentionally. @ http://localhost:3000/:0
[12832531ms] [WARNING] The resource https://i.ytimg.com/vi/cXFQuxZF61Q/maxresdefault.jpg was preloaded using link preload but not used within a few seconds from the window's load event. Please make sure it has an appropriate `as` value and it is preloaded intentionally. @ http://localhost:3000/:0
[12832531ms] [WARNING] The resource https://i.ytimg.com/vi/haisvt45Kdc/maxresdefault.jpg was preloaded using link preload but not used within a few seconds from the window's load event. Please make sure it has an appropriate `as` value and it is preloaded intentionally. @ http://localhost:3000/:0
[12832531ms] [WARNING] The resource https://i.ytimg.com/vi/VKeF820DlGU/maxresdefault.jpg was preloaded using link preload but not used within a few seconds from the window's load event. Please make sure it has an appropriate `as` value and it is preloaded intentionally. @ http://localhost:3000/:0
[12844455ms] [WARNING] The resource https://i.ytimg.com/vi/732dkRJZOLE/maxresdefault.jpg was preloaded using link preload but not used within a few seconds from the window's load event. Please make sure it has an appropriate `as` value and it is preloaded intentionally. @ http://localhost:3000/:0
[12844455ms] [WARNING] The resource https://i.ytimg.com/vi/-KnzDx8UV5M/maxresdefault.jpg was preloaded using link preload but not used within a few seconds from the window's load event. Please make sure it has an appropriate `as` value and it is preloaded intentionally. @ http://localhost:3000/:0
[12844455ms] [WARNING] The resource https://i.ytimg.com/vi/cXFQuxZF61Q/maxresdefault.jpg was preloaded using link preload but not used within a few seconds from the window's load event. Please make sure it has an appropriate `as` value and it is preloaded intentionally. @ http://localhost:3000/:0
[12844455ms] [WARNING] The resource https://i.ytimg.com/vi/haisvt45Kdc/maxresdefault.jpg was preloaded using link preload but not used within a few seconds from the window's load event. Please make sure it has an appropriate `as` value and it is preloaded intentionally. @ http://localhost:3000/:0
[12844455ms] [WARNING] The resource https://i.ytimg.com/vi/VKeF820DlGU/maxresdefault.jpg was preloaded using link preload but not used within a few seconds from the window's load event. Please make sure it has an appropriate `as` value and it is preloaded intentionally. @ http://localhost:3000/:0
[12867987ms] [WARNING] The resource https://i.ytimg.com/vi/732dkRJZOLE/maxresdefault.jpg was preloaded using link preload but not used within a few seconds from the window's load event. Please make sure it has an appropriate `as` value and it is preloaded intentionally. @ http://localhost:3000/:0
[12867987ms] [WARNING] The resource https://i.ytimg.com/vi/-KnzDx8UV5M/maxresdefault.jpg was preloaded using link preload but not used within a few seconds from the window's load event. Please make sure it has an appropriate `as` value and it is preloaded intentionally. @ http://localhost:3000/:0
[12867987ms] [WARNING] The resource https://i.ytimg.com/vi/cXFQuxZF61Q/maxresdefault.jpg was preloaded using link preload but not used within a few seconds from the window's load event. Please make sure it has an appropriate `as` value and it is preloaded intentionally. @ http://localhost:3000/:0
[12867987ms] [WARNING] The resource https://i.ytimg.com/vi/haisvt45Kdc/maxresdefault.jpg was preloaded using link preload but not used within a few seconds from the window's load event. Please make sure it has an appropriate `as` value and it is preloaded intentionally. @ http://localhost:3000/:0
[12867987ms] [WARNING] The resource https://i.ytimg.com/vi/VKeF820DlGU/maxresdefault.jpg was preloaded using link preload but not used within a few seconds from the window's load event. Please make sure it has an appropriate `as` value and it is preloaded intentionally. @ http://localhost:3000/:0
[12879914ms] [WARNING] The resource https://i.ytimg.com/vi/732dkRJZOLE/maxresdefault.jpg was preloaded using link preload but not used within a few seconds from the window's load event. Please make sure it has an appropriate `as` value and it is preloaded intentionally. @ http://localhost:3000/:0
[12879914ms] [WARNING] The resource https://i.ytimg.com/vi/-KnzDx8UV5M/maxresdefault.jpg was preloaded using link preload but not used within a few seconds from the window's load event. Please make sure it has an appropriate `as` value and it is preloaded intentionally. @ http://localhost:3000/:0
[12879914ms] [WARNING] The resource https://i.ytimg.com/vi/cXFQuxZF61Q/maxresdefault.jpg was preloaded using link preload but not used within a few seconds from the window's load event. Please make sure it has an appropriate `as` value and it is preloaded intentionally. @ http://localhost:3000/:0
[12879914ms] [WARNING] The resource https://i.ytimg.com/vi/haisvt45Kdc/maxresdefault.jpg was preloaded using link preload but not used within a few seconds from the window's load event. Please make sure it has an appropriate `as` value and it is preloaded intentionally. @ http://localhost:3000/:0
[12879915ms] [WARNING] The resource https://i.ytimg.com/vi/VKeF820DlGU/maxresdefault.jpg was preloaded using link preload but not used within a few seconds from the window's load event. Please make sure it has an appropriate `as` value and it is preloaded intentionally. @ http://localhost:3000/:0
[12903414ms] [WARNING] The resource https://i.ytimg.com/vi/732dkRJZOLE/maxresdefault.jpg was preloaded using link preload but not used within a few seconds from the window's load event. Please make sure it has an appropriate `as` value and it is preloaded intentionally. @ http://localhost:3000/:0
[12903414ms] [WARNING] The resource https://i.ytimg.com/vi/-KnzDx8UV5M/maxresdefault.jpg was preloaded using link preload but not used within a few seconds from the window's load event. Please make sure it has an appropriate `as` value and it is preloaded intentionally. @ http://localhost:3000/:0
[12903414ms] [WARNING] The resource https://i.ytimg.com/vi/cXFQuxZF61Q/maxresdefault.jpg was preloaded using link preload but not used within a few seconds from the window's load event. Please make sure it has an appropriate `as` value and it is preloaded intentionally. @ http://localhost:3000/:0
[12903414ms] [WARNING] The resource https://i.ytimg.com/vi/haisvt45Kdc/maxresdefault.jpg was preloaded using link preload but not used within a few seconds from the window's load event. Please make sure it has an appropriate `as` value and it is preloaded intentionally. @ http://localhost:3000/:0
[12903414ms] [WARNING] The resource https://i.ytimg.com/vi/VKeF820DlGU/maxresdefault.jpg was preloaded using link preload but not used within a few seconds from the window's load event. Please make sure it has an appropriate `as` value and it is preloaded intentionally. @ http://localhost:3000/:0
[12915352ms] [WARNING] The resource https://i.ytimg.com/vi/732dkRJZOLE/maxresdefault.jpg was preloaded using link preload but not used within a few seconds from the window's load event. Please make sure it has an appropriate `as` value and it is preloaded intentionally. @ http://localhost:3000/:0
[12915352ms] [WARNING] The resource https://i.ytimg.com/vi/-KnzDx8UV5M/maxresdefault.jpg was preloaded using link preload but not used within a few seconds from the window's load event. Please make sure it has an appropriate `as` value and it is preloaded intentionally. @ http://localhost:3000/:0
[12915352ms] [WARNING] The resource https://i.ytimg.com/vi/cXFQuxZF61Q/maxresdefault.jpg was preloaded using link preload but not used within a few seconds from the window's load event. Please make sure it has an appropriate `as` value and it is preloaded intentionally. @ http://localhost:3000/:0
[12915352ms] [WARNING] The resource https://i.ytimg.com/vi/haisvt45Kdc/maxresdefault.jpg was preloaded using link preload but not used within a few seconds from the window's load event. Please make sure it has an appropriate `as` value and it is preloaded intentionally. @ http://localhost:3000/:0
[12915352ms] [WARNING] The resource https://i.ytimg.com/vi/VKeF820DlGU/maxresdefault.jpg was preloaded using link preload but not used within a few seconds from the window's load event. Please make sure it has an appropriate `as` value and it is preloaded intentionally. @ http://localhost:3000/:0
[12938856ms] [WARNING] The resource https://i.ytimg.com/vi/732dkRJZOLE/maxresdefault.jpg was preloaded using link preload but not used within a few seconds from the window's load event. Please make sure it has an appropriate `as` value and it is preloaded intentionally. @ http://localhost:3000/:0
[12938856ms] [WARNING] The resource https://i.ytimg.com/vi/-KnzDx8UV5M/maxresdefault.jpg was preloaded using link preload but not used within a few seconds from the window's load event. Please make sure it has an appropriate `as` value and it is preloaded intentionally. @ http://localhost:3000/:0
[12938856ms] [WARNING] The resource https://i.ytimg.com/vi/cXFQuxZF61Q/maxresdefault.jpg was preloaded using link preload but not used within a few seconds from the window's load event. Please make sure it has an appropriate `as` value and it is preloaded intentionally. @ http://localhost:3000/:0
[12938856ms] [WARNING] The resource https://i.ytimg.com/vi/haisvt45Kdc/maxresdefault.jpg was preloaded using link preload but not used within a few seconds from the window's load event. Please make sure it has an appropriate `as` value and it is preloaded intentionally. @ http://localhost:3000/:0
[12938856ms] [WARNING] The resource https://i.ytimg.com/vi/VKeF820DlGU/maxresdefault.jpg was preloaded using link preload but not used within a few seconds from the window's load event. Please make sure it has an appropriate `as` value and it is preloaded intentionally. @ http://localhost:3000/:0
[12950775ms] [WARNING] The resource https://i.ytimg.com/vi/732dkRJZOLE/maxresdefault.jpg was preloaded using link preload but not used within a few seconds from the window's load event. Please make sure it has an appropriate `as` value and it is preloaded intentionally. @ http://localhost:3000/:0
[12950775ms] [WARNING] The resource https://i.ytimg.com/vi/-KnzDx8UV5M/maxresdefault.jpg was preloaded using link preload but not used within a few seconds from the window's load event. Please make sure it has an appropriate `as` value and it is preloaded intentionally. @ http://localhost:3000/:0
[12950775ms] [WARNING] The resource https://i.ytimg.com/vi/cXFQuxZF61Q/maxresdefault.jpg was preloaded using link preload but not used within a few seconds from the window's load event. Please make sure it has an appropriate `as` value and it is preloaded intentionally. @ http://localhost:3000/:0
[12950775ms] [WARNING] The resource https://i.ytimg.com/vi/haisvt45Kdc/maxresdefault.jpg was preloaded using link preload but not used within a few seconds from the window's load event. Please make sure it has an appropriate `as` value and it is preloaded intentionally. @ http://localhost:3000/:0
[12950775ms] [WARNING] The resource https://i.ytimg.com/vi/VKeF820DlGU/maxresdefault.jpg was preloaded using link preload but not used within a few seconds from the window's load event. Please make sure it has an appropriate `as` value and it is preloaded intentionally. @ http://localhost:3000/:0
[12974299ms] [WARNING] The resource https://i.ytimg.com/vi/732dkRJZOLE/maxresdefault.jpg was preloaded using link preload but not used within a few seconds from the window's load event. Please make sure it has an appropriate `as` value and it is preloaded intentionally. @ http://localhost:3000/:0
[12974299ms] [WARNING] The resource https://i.ytimg.com/vi/-KnzDx8UV5M/maxresdefault.jpg was preloaded using link preload but not used within a few seconds from the window's load event. Please make sure it has an appropriate `as` value and it is preloaded intentionally. @ http://localhost:3000/:0
[12974299ms] [WARNING] The resource https://i.ytimg.com/vi/cXFQuxZF61Q/maxresdefault.jpg was preloaded using link preload but not used within a few seconds from the window's load event. Please make sure it has an appropriate `as` value and it is preloaded intentionally. @ http://localhost:3000/:0
[12974299ms] [WARNING] The resource https://i.ytimg.com/vi/haisvt45Kdc/maxresdefault.jpg was preloaded using link preload but not used within a few seconds from the window's load event. Please make sure it has an appropriate `as` value and it is preloaded intentionally. @ http://localhost:3000/:0
[12974299ms] [WARNING] The resource https://i.ytimg.com/vi/VKeF820DlGU/maxresdefault.jpg was preloaded using link preload but not used within a few seconds from the window's load event. Please make sure it has an appropriate `as` value and it is preloaded intentionally. @ http://localhost:3000/:0
[12986234ms] [WARNING] The resource https://i.ytimg.com/vi/732dkRJZOLE/maxresdefault.jpg was preloaded using link preload but not used within a few seconds from the window's load event. Please make sure it has an appropriate `as` value and it is preloaded intentionally. @ http://localhost:3000/:0
[12986234ms] [WARNING] The resource https://i.ytimg.com/vi/-KnzDx8UV5M/maxresdefault.jpg was preloaded using link preload but not used within a few seconds from the window's load event. Please make sure it has an appropriate `as` value and it is preloaded intentionally. @ http://localhost:3000/:0
[12986234ms] [WARNING] The resource https://i.ytimg.com/vi/cXFQuxZF61Q/maxresdefault.jpg was preloaded using link preload but not used within a few seconds from the window's load event. Please make sure it has an appropriate `as` value and it is preloaded intentionally. @ http://localhost:3000/:0
[12986234ms] [WARNING] The resource https://i.ytimg.com/vi/haisvt45Kdc/maxresdefault.jpg was preloaded using link preload but not used within a few seconds from the window's load event. Please make sure it has an appropriate `as` value and it is preloaded intentionally. @ http://localhost:3000/:0
[12986234ms] [WARNING] The resource https://i.ytimg.com/vi/VKeF820DlGU/maxresdefault.jpg was preloaded using link preload but not used within a few seconds from the window's load event. Please make sure it has an appropriate `as` value and it is preloaded intentionally. @ http://localhost:3000/:0
[13009730ms] [WARNING] The resource https://i.ytimg.com/vi/732dkRJZOLE/maxresdefault.jpg was preloaded using link preload but not used within a few seconds from the window's load event. Please make sure it has an appropriate `as` value and it is preloaded intentionally. @ http://localhost:3000/:0
[13009730ms] [WARNING] The resource https://i.ytimg.com/vi/-KnzDx8UV5M/maxresdefault.jpg was preloaded using link preload but not used within a few seconds from the window's load event. Please make sure it has an appropriate `as` value and it is preloaded intentionally. @ http://localhost:3000/:0
[13009730ms] [WARNING] The resource https://i.ytimg.com/vi/cXFQuxZF61Q/maxresdefault.jpg was preloaded using link preload but not used within a few seconds from the window's load event. Please make sure it has an appropriate `as` value and it is preloaded intentionally. @ http://localhost:3000/:0
[13009730ms] [WARNING] The resource https://i.ytimg.com/vi/haisvt45Kdc/maxresdefault.jpg was preloaded using link preload but not used within a few seconds from the window's load event. Please make sure it has an appropriate `as` value and it is preloaded intentionally. @ http://localhost:3000/:0
[13009730ms] [WARNING] The resource https://i.ytimg.com/vi/VKeF820DlGU/maxresdefault.jpg was preloaded using link preload but not used within a few seconds from the window's load event. Please make sure it has an appropriate `as` value and it is preloaded intentionally. @ http://localhost:3000/:0
[13021669ms] [WARNING] The resource https://i.ytimg.com/vi/732dkRJZOLE/maxresdefault.jpg was preloaded using link preload but not used within a few seconds from the window's load event. Please make sure it has an appropriate `as` value and it is preloaded intentionally. @ http://localhost:3000/:0
[13021669ms] [WARNING] The resource https://i.ytimg.com/vi/-KnzDx8UV5M/maxresdefault.jpg was preloaded using link preload but not used within a few seconds from the window's load event. Please make sure it has an appropriate `as` value and it is preloaded intentionally. @ http://localhost:3000/:0
[13021669ms] [WARNING] The resource https://i.ytimg.com/vi/cXFQuxZF61Q/maxresdefault.jpg was preloaded using link preload but not used within a few seconds from the window's load event. Please make sure it has an appropriate `as` value and it is preloaded intentionally. @ http://localhost:3000/:0
[13021669ms] [WARNING] The resource https://i.ytimg.com/vi/haisvt45Kdc/maxresdefault.jpg was preloaded using link preload but not used within a few seconds from the window's load event. Please make sure it has an appropriate `as` value and it is preloaded intentionally. @ http://localhost:3000/:0
[13021669ms] [WARNING] The resource https://i.ytimg.com/vi/VKeF820DlGU/maxresdefault.jpg was preloaded using link preload but not used within a few seconds from the window's load event. Please make sure it has an appropriate `as` value and it is preloaded intentionally. @ http://localhost:3000/:0
[13045160ms] [WARNING] The resource https://i.ytimg.com/vi/732dkRJZOLE/maxresdefault.jpg was preloaded using link preload but not used within a few seconds from the window's load event. Please make sure it has an appropriate `as` value and it is preloaded intentionally. @ http://localhost:3000/:0
[13045160ms] [WARNING] The resource https://i.ytimg.com/vi/-KnzDx8UV5M/maxresdefault.jpg was preloaded using link preload but not used within a few seconds from the window's load event. Please make sure it has an appropriate `as` value and it is preloaded intentionally. @ http://localhost:3000/:0
[13045160ms] [WARNING] The resource https://i.ytimg.com/vi/cXFQuxZF61Q/maxresdefault.jpg was preloaded using link preload but not used within a few seconds from the window's load event. Please make sure it has an appropriate `as` value and it is preloaded intentionally. @ http://localhost:3000/:0
[13045160ms] [WARNING] The resource https://i.ytimg.com/vi/haisvt45Kdc/maxresdefault.jpg was preloaded using link preload but not used within a few seconds from the window's load event. Please make sure it has an appropriate `as` value and it is preloaded intentionally. @ http://localhost:3000/:0
[13045160ms] [WARNING] The resource https://i.ytimg.com/vi/VKeF820DlGU/maxresdefault.jpg was preloaded using link preload but not used within a few seconds from the window's load event. Please make sure it has an appropriate `as` value and it is preloaded intentionally. @ http://localhost:3000/:0
[13057109ms] [WARNING] The resource https://i.ytimg.com/vi/732dkRJZOLE/maxresdefault.jpg was preloaded using link preload but not used within a few seconds from the window's load event. Please make sure it has an appropriate `as` value and it is preloaded intentionally. @ http://localhost:3000/:0
[13057109ms] [WARNING] The resource https://i.ytimg.com/vi/-KnzDx8UV5M/maxresdefault.jpg was preloaded using link preload but not used within a few seconds from the window's load event. Please make sure it has an appropriate `as` value and it is preloaded intentionally. @ http://localhost:3000/:0
[13057109ms] [WARNING] The resource https://i.ytimg.com/vi/cXFQuxZF61Q/maxresdefault.jpg was preloaded using link preload but not used within a few seconds from the window's load event. Please make sure it has an appropriate `as` value and it is preloaded intentionally. @ http://localhost:3000/:0
[13057109ms] [WARNING] The resource https://i.ytimg.com/vi/haisvt45Kdc/maxresdefault.jpg was preloaded using link preload but not used within a few seconds from the window's load event. Please make sure it has an appropriate `as` value and it is preloaded intentionally. @ http://localhost:3000/:0
[13057109ms] [WARNING] The resource https://i.ytimg.com/vi/VKeF820DlGU/maxresdefault.jpg was preloaded using link preload but not used within a few seconds from the window's load event. Please make sure it has an appropriate `as` value and it is preloaded intentionally. @ http://localhost:3000/:0
[13072640ms] [LOG] [Fast Refresh] rebuilding @ http://localhost:3000/_next/static/chunks/node_modules_next_dist_f3530cac._.js:2297
[13073127ms] [LOG] [Fast Refresh] done in 527ms @ http://localhost:3000/_next/static/chunks/node_modules_next_dist_f3530cac._.js:2297
[13073243ms] [LOG] [Fast Refresh] rebuilding @ http://localhost:3000/_next/static/chunks/node_modules_next_dist_f3530cac._.js:2297
[13073601ms] [LOG] [Fast Refresh] done in 466ms @ http://localhost:3000/_next/static/chunks/node_modules_next_dist_f3530cac._.js:2297
[13076719ms] [WARNING] The resource https://i.ytimg.com/vi/732dkRJZOLE/maxresdefault.jpg was preloaded using link preload but not used within a few seconds from the window's load event. Please make sure it has an appropriate `as` value and it is preloaded intentionally. @ http://localhost:3000/:0
[13076720ms] [WARNING] The resource https://i.ytimg.com/vi/-KnzDx8UV5M/maxresdefault.jpg was preloaded using link preload but not used within a few seconds from the window's load event. Please make sure it has an appropriate `as` value and it is preloaded intentionally. @ http://localhost:3000/:0
[13076720ms] [WARNING] The resource https://i.ytimg.com/vi/cXFQuxZF61Q/maxresdefault.jpg was preloaded using link preload but not used within a few seconds from the window's load event. Please make sure it has an appropriate `as` value and it is preloaded intentionally. @ http://localhost:3000/:0
[13076720ms] [WARNING] The resource https://i.ytimg.com/vi/haisvt45Kdc/maxresdefault.jpg was preloaded using link preload but not used within a few seconds from the window's load event. Please make sure it has an appropriate `as` value and it is preloaded intentionally. @ http://localhost:3000/:0
[13076720ms] [WARNING] The resource https://i.ytimg.com/vi/VKeF820DlGU/maxresdefault.jpg was preloaded using link preload but not used within a few seconds from the window's load event. Please make sure it has an appropriate `as` value and it is preloaded intentionally. @ http://localhost:3000/:0
[13080606ms] [WARNING] The resource https://i.ytimg.com/vi/732dkRJZOLE/maxresdefault.jpg was preloaded using link preload but not used within a few seconds from the window's load event. Please make sure it has an appropriate `as` value and it is preloaded intentionally. @ http://localhost:3000/:0
[13080607ms] [WARNING] The resource https://i.ytimg.com/vi/-KnzDx8UV5M/maxresdefault.jpg was preloaded using link preload but not used within a few seconds from the window's load event. Please make sure it has an appropriate `as` value and it is preloaded intentionally. @ http://localhost:3000/:0
[13080607ms] [WARNING] The resource https://i.ytimg.com/vi/cXFQuxZF61Q/maxresdefault.jpg was preloaded using link preload but not used within a few seconds from the window's load event. Please make sure it has an appropriate `as` value and it is preloaded intentionally. @ http://localhost:3000/:0
[13080607ms] [WARNING] The resource https://i.ytimg.com/vi/haisvt45Kdc/maxresdefault.jpg was preloaded using link preload but not used within a few seconds from the window's load event. Please make sure it has an appropriate `as` value and it is preloaded intentionally. @ http://localhost:3000/:0
[13080607ms] [WARNING] The resource https://i.ytimg.com/vi/VKeF820DlGU/maxresdefault.jpg was preloaded using link preload but not used within a few seconds from the window's load event. Please make sure it has an appropriate `as` value and it is preloaded intentionally. @ http://localhost:3000/:0
[13086882ms] [LOG] [Fast Refresh] rebuilding @ http://localhost:3000/_next/static/chunks/node_modules_next_dist_f3530cac._.js:2297
[13087493ms] [LOG] [Fast Refresh] done in 712ms @ http://localhost:3000/_next/static/chunks/node_modules_next_dist_f3530cac._.js:2297
[13090195ms] [WARNING] The resource https://i.ytimg.com/vi/732dkRJZOLE/maxresdefault.jpg was preloaded using link preload but not used within a few seconds from the window's load event. Please make sure it has an appropriate `as` value and it is preloaded intentionally. @ http://localhost:3000/:0
[13090195ms] [WARNING] The resource https://i.ytimg.com/vi/-KnzDx8UV5M/maxresdefault.jpg was preloaded using link preload but not used within a few seconds from the window's load event. Please make sure it has an appropriate `as` value and it is preloaded intentionally. @ http://localhost:3000/:0
[13090195ms] [WARNING] The resource https://i.ytimg.com/vi/cXFQuxZF61Q/maxresdefault.jpg was preloaded using link preload but not used within a few seconds from the window's load event. Please make sure it has an appropriate `as` value and it is preloaded intentionally. @ http://localhost:3000/:0
[13090195ms] [WARNING] The resource https://i.ytimg.com/vi/haisvt45Kdc/maxresdefault.jpg was preloaded using link preload but not used within a few seconds from the window's load event. Please make sure it has an appropriate `as` value and it is preloaded intentionally. @ http://localhost:3000/:0
[13090195ms] [WARNING] The resource https://i.ytimg.com/vi/VKeF820DlGU/maxresdefault.jpg was preloaded using link preload but not used within a few seconds from the window's load event. Please make sure it has an appropriate `as` value and it is preloaded intentionally. @ http://localhost:3000/:0
[13093312ms] [WARNING] The resource https://i.ytimg.com/vi/732dkRJZOLE/maxresdefault.jpg was preloaded using link preload but not used within a few seconds from the window's load event. Please make sure it has an appropriate `as` value and it is preloaded intentionally. @ http://localhost:3000/:0
[13093312ms] [WARNING] The resource https://i.ytimg.com/vi/-KnzDx8UV5M/maxresdefault.jpg was preloaded using link preload but not used within a few seconds from the window's load event. Please make sure it has an appropriate `as` value and it is preloaded intentionally. @ http://localhost:3000/:0
[13093312ms] [WARNING] The resource https://i.ytimg.com/vi/cXFQuxZF61Q/maxresdefault.jpg was preloaded using link preload but not used within a few seconds from the window's load event. Please make sure it has an appropriate `as` value and it is preloaded intentionally. @ http://localhost:3000/:0
[13093312ms] [WARNING] The resource https://i.ytimg.com/vi/haisvt45Kdc/maxresdefault.jpg was preloaded using link preload but not used within a few seconds from the window's load event. Please make sure it has an appropriate `as` value and it is preloaded intentionally. @ http://localhost:3000/:0
[13093312ms] [WARNING] The resource https://i.ytimg.com/vi/VKeF820DlGU/maxresdefault.jpg was preloaded using link preload but not used within a few seconds from the window's load event. Please make sure it has an appropriate `as` value and it is preloaded intentionally. @ http://localhost:3000/:0
[13116086ms] [WARNING] The resource https://i.ytimg.com/vi/732dkRJZOLE/maxresdefault.jpg was preloaded using link preload but not used within a few seconds from the window's load event. Please make sure it has an appropriate `as` value and it is preloaded intentionally. @ http://localhost:3000/:0
[13116087ms] [WARNING] The resource https://i.ytimg.com/vi/-KnzDx8UV5M/maxresdefault.jpg was preloaded using link preload but not used within a few seconds from the window's load event. Please make sure it has an appropriate `as` value and it is preloaded intentionally. @ http://localhost:3000/:0
[13116087ms] [WARNING] The resource https://i.ytimg.com/vi/cXFQuxZF61Q/maxresdefault.jpg was preloaded using link preload but not used within a few seconds from the window's load event. Please make sure it has an appropriate `as` value and it is preloaded intentionally. @ http://localhost:3000/:0
[13116087ms] [WARNING] The resource https://i.ytimg.com/vi/haisvt45Kdc/maxresdefault.jpg was preloaded using link preload but not used within a few seconds from the window's load event. Please make sure it has an appropriate `as` value and it is preloaded intentionally. @ http://localhost:3000/:0
[13116087ms] [WARNING] The resource https://i.ytimg.com/vi/VKeF820DlGU/maxresdefault.jpg was preloaded using link preload but not used within a few seconds from the window's load event. Please make sure it has an appropriate `as` value and it is preloaded intentionally. @ http://localhost:3000/:0
[13123826ms] [LOG] [Fast Refresh] rebuilding @ http://localhost:3000/_next/static/chunks/node_modules_next_dist_f3530cac._.js:2297
[13124191ms] [LOG] [Fast Refresh] done in 472ms @ http://localhost:3000/_next/static/chunks/node_modules_next_dist_f3530cac._.js:2297
[13126223ms] [LOG] [Fast Refresh] rebuilding @ http://localhost:3000/_next/static/chunks/node_modules_next_dist_f3530cac._.js:2297
[13126477ms] [LOG] [Fast Refresh] done in 357ms @ http://localhost:3000/_next/static/chunks/node_modules_next_dist_f3530cac._.js:2297
[13127299ms] [LOG] [Fast Refresh] rebuilding @ http://localhost:3000/_next/static/chunks/node_modules_next_dist_f3530cac._.js:2297
[13127459ms] [LOG] [Fast Refresh] done in 262ms @ http://localhost:3000/_next/static/chunks/node_modules_next_dist_f3530cac._.js:2297
[13128017ms] [WARNING] The resource https://i.ytimg.com/vi/732dkRJZOLE/maxresdefault.jpg was preloaded using link preload but not used within a few seconds from the window's load event. Please make sure it has an appropriate `as` value and it is preloaded intentionally. @ http://localhost:3000/:0
[13128017ms] [WARNING] The resource https://i.ytimg.com/vi/-KnzDx8UV5M/maxresdefault.jpg was preloaded using link preload but not used within a few seconds from the window's load event. Please make sure it has an appropriate `as` value and it is preloaded intentionally. @ http://localhost:3000/:0
[13128017ms] [WARNING] The resource https://i.ytimg.com/vi/cXFQuxZF61Q/maxresdefault.jpg was preloaded using link preload but not used within a few seconds from the window's load event. Please make sure it has an appropriate `as` value and it is preloaded intentionally. @ http://localhost:3000/:0
[13128017ms] [WARNING] The resource https://i.ytimg.com/vi/haisvt45Kdc/maxresdefault.jpg was preloaded using link preload but not used within a few seconds from the window's load event. Please make sure it has an appropriate `as` value and it is preloaded intentionally. @ http://localhost:3000/:0
[13128017ms] [WARNING] The resource https://i.ytimg.com/vi/VKeF820DlGU/maxresdefault.jpg was preloaded using link preload but not used within a few seconds from the window's load event. Please make sure it has an appropriate `as` value and it is preloaded intentionally. @ http://localhost:3000/:0
[13128418ms] [LOG] [Fast Refresh] rebuilding @ http://localhost:3000/_next/static/chunks/node_modules_next_dist_f3530cac._.js:2297
[13128489ms] [LOG] [Fast Refresh] done in 173ms @ http://localhost:3000/_next/static/chunks/node_modules_next_dist_f3530cac._.js:2297
[13145005ms] [LOG] [Fast Refresh] rebuilding @ http://localhost:3000/_next/static/chunks/node_modules_next_dist_f3530cac._.js:2297
[13145069ms] [LOG] [Fast Refresh] done in 169ms @ http://localhost:3000/_next/static/chunks/node_modules_next_dist_f3530cac._.js:2297
[13151510ms] [WARNING] The resource https://i.ytimg.com/vi/732dkRJZOLE/maxresdefault.jpg was preloaded using link preload but not used within a few seconds from the window's load event. Please make sure it has an appropriate `as` value and it is preloaded intentionally. @ http://localhost:3000/:0
[13151510ms] [WARNING] The resource https://i.ytimg.com/vi/-KnzDx8UV5M/maxresdefault.jpg was preloaded using link preload but not used within a few seconds from the window's load event. Please make sure it has an appropriate `as` value and it is preloaded intentionally. @ http://localhost:3000/:0
[13151510ms] [WARNING] The resource https://i.ytimg.com/vi/cXFQuxZF61Q/maxresdefault.jpg was preloaded using link preload but not used within a few seconds from the window's load event. Please make sure it has an appropriate `as` value and it is preloaded intentionally. @ http://localhost:3000/:0
[13151510ms] [WARNING] The resource https://i.ytimg.com/vi/haisvt45Kdc/maxresdefault.jpg was preloaded using link preload but not used within a few seconds from the window's load event. Please make sure it has an appropriate `as` value and it is preloaded intentionally. @ http://localhost:3000/:0
[13151510ms] [WARNING] The resource https://i.ytimg.com/vi/VKeF820DlGU/maxresdefault.jpg was preloaded using link preload but not used within a few seconds from the window's load event. Please make sure it has an appropriate `as` value and it is preloaded intentionally. @ http://localhost:3000/:0
[13163483ms] [WARNING] The resource https://i.ytimg.com/vi/732dkRJZOLE/maxresdefault.jpg was preloaded using link preload but not used within a few seconds from the window's load event. Please make sure it has an appropriate `as` value and it is preloaded intentionally. @ http://localhost:3000/:0
[13163483ms] [WARNING] The resource https://i.ytimg.com/vi/-KnzDx8UV5M/maxresdefault.jpg was preloaded using link preload but not used within a few seconds from the window's load event. Please make sure it has an appropriate `as` value and it is preloaded intentionally. @ http://localhost:3000/:0
[13163483ms] [WARNING] The resource https://i.ytimg.com/vi/cXFQuxZF61Q/maxresdefault.jpg was preloaded using link preload but not used within a few seconds from the window's load event. Please make sure it has an appropriate `as` value and it is preloaded intentionally. @ http://localhost:3000/:0
[13163483ms] [WARNING] The resource https://i.ytimg.com/vi/haisvt45Kdc/maxresdefault.jpg was preloaded using link preload but not used within a few seconds from the window's load event. Please make sure it has an appropriate `as` value and it is preloaded intentionally. @ http://localhost:3000/:0
[13163483ms] [WARNING] The resource https://i.ytimg.com/vi/VKeF820DlGU/maxresdefault.jpg was preloaded using link preload but not used within a few seconds from the window's load event. Please make sure it has an appropriate `as` value and it is preloaded intentionally. @ http://localhost:3000/:0
[13164590ms] [LOG] [Fast Refresh] rebuilding @ http://localhost:3000/_next/static/chunks/node_modules_next_dist_f3530cac._.js:2297
[13164654ms] [LOG] [Fast Refresh] done in 171ms @ http://localhost:3000/_next/static/chunks/node_modules_next_dist_f3530cac._.js:2297
[13186957ms] [WARNING] The resource https://i.ytimg.com/vi/732dkRJZOLE/maxresdefault.jpg was preloaded using link preload but not used within a few seconds from the window's load event. Please make sure it has an appropriate `as` value and it is preloaded intentionally. @ http://localhost:3000/:0
[13186957ms] [WARNING] The resource https://i.ytimg.com/vi/-KnzDx8UV5M/maxresdefault.jpg was preloaded using link preload but not used within a few seconds from the window's load event. Please make sure it has an appropriate `as` value and it is preloaded intentionally. @ http://localhost:3000/:0
[13186957ms] [WARNING] The resource https://i.ytimg.com/vi/cXFQuxZF61Q/maxresdefault.jpg was preloaded using link preload but not used within a few seconds from the window's load event. Please make sure it has an appropriate `as` value and it is preloaded intentionally. @ http://localhost:3000/:0
[13186957ms] [WARNING] The resource https://i.ytimg.com/vi/haisvt45Kdc/maxresdefault.jpg was preloaded using link preload but not used within a few seconds from the window's load event. Please make sure it has an appropriate `as` value and it is preloaded intentionally. @ http://localhost:3000/:0
[13186957ms] [WARNING] The resource https://i.ytimg.com/vi/VKeF820DlGU/maxresdefault.jpg was preloaded using link preload but not used within a few seconds from the window's load event. Please make sure it has an appropriate `as` value and it is preloaded intentionally. @ http://localhost:3000/:0
[13198916ms] [WARNING] The resource https://i.ytimg.com/vi/732dkRJZOLE/maxresdefault.jpg was preloaded using link preload but not used within a few seconds from the window's load event. Please make sure it has an appropriate `as` value and it is preloaded intentionally. @ http://localhost:3000/:0
[13198916ms] [WARNING] The resource https://i.ytimg.com/vi/-KnzDx8UV5M/maxresdefault.jpg was preloaded using link preload but not used within a few seconds from the window's load event. Please make sure it has an appropriate `as` value and it is preloaded intentionally. @ http://localhost:3000/:0
[13198916ms] [WARNING] The resource https://i.ytimg.com/vi/cXFQuxZF61Q/maxresdefault.jpg was preloaded using link preload but not used within a few seconds from the window's load event. Please make sure it has an appropriate `as` value and it is preloaded intentionally. @ http://localhost:3000/:0
[13198916ms] [WARNING] The resource https://i.ytimg.com/vi/haisvt45Kdc/maxresdefault.jpg was preloaded using link preload but not used within a few seconds from the window's load event. Please make sure it has an appropriate `as` value and it is preloaded intentionally. @ http://localhost:3000/:0
[13198916ms] [WARNING] The resource https://i.ytimg.com/vi/VKeF820DlGU/maxresdefault.jpg was preloaded using link preload but not used within a few seconds from the window's load event. Please make sure it has an appropriate `as` value and it is preloaded intentionally. @ http://localhost:3000/:0
[13200302ms] [LOG] [Fast Refresh] rebuilding @ http://localhost:3000/_next/static/chunks/node_modules_next_dist_f3530cac._.js:2297
[13201054ms] [LOG] [Fast Refresh] done in 854ms @ http://localhost:3000/_next/static/chunks/node_modules_next_dist_f3530cac._.js:2297
[13201754ms] [LOG] [Fast Refresh] rebuilding @ http://localhost:3000/_next/static/chunks/node_modules_next_dist_f3530cac._.js:2297
[13201935ms] [LOG] [Fast Refresh] done in 284ms @ http://localhost:3000/_next/static/chunks/node_modules_next_dist_f3530cac._.js:2297
[13203606ms] [WARNING] The resource https://i.ytimg.com/vi/732dkRJZOLE/maxresdefault.jpg was preloaded using link preload but not used within a few seconds from the window's load event. Please make sure it has an appropriate `as` value and it is preloaded intentionally. @ http://localhost:3000/:0
[13203606ms] [WARNING] The resource https://i.ytimg.com/vi/-KnzDx8UV5M/maxresdefault.jpg was preloaded using link preload but not used within a few seconds from the window's load event. Please make sure it has an appropriate `as` value and it is preloaded intentionally. @ http://localhost:3000/:0
[13203606ms] [WARNING] The resource https://i.ytimg.com/vi/cXFQuxZF61Q/maxresdefault.jpg was preloaded using link preload but not used within a few seconds from the window's load event. Please make sure it has an appropriate `as` value and it is preloaded intentionally. @ http://localhost:3000/:0
[13203606ms] [WARNING] The resource https://i.ytimg.com/vi/haisvt45Kdc/maxresdefault.jpg was preloaded using link preload but not used within a few seconds from the window's load event. Please make sure it has an appropriate `as` value and it is preloaded intentionally. @ http://localhost:3000/:0
[13203606ms] [WARNING] The resource https://i.ytimg.com/vi/VKeF820DlGU/maxresdefault.jpg was preloaded using link preload but not used within a few seconds from the window's load event. Please make sure it has an appropriate `as` value and it is preloaded intentionally. @ http://localhost:3000/:0
[13222407ms] [WARNING] The resource https://i.ytimg.com/vi/732dkRJZOLE/maxresdefault.jpg was preloaded using link preload but not used within a few seconds from the window's load event. Please make sure it has an appropriate `as` value and it is preloaded intentionally. @ http://localhost:3000/:0
[13222407ms] [WARNING] The resource https://i.ytimg.com/vi/-KnzDx8UV5M/maxresdefault.jpg was preloaded using link preload but not used within a few seconds from the window's load event. Please make sure it has an appropriate `as` value and it is preloaded intentionally. @ http://localhost:3000/:0
[13222407ms] [WARNING] The resource https://i.ytimg.com/vi/cXFQuxZF61Q/maxresdefault.jpg was preloaded using link preload but not used within a few seconds from the window's load event. Please make sure it has an appropriate `as` value and it is preloaded intentionally. @ http://localhost:3000/:0
[13222407ms] [WARNING] The resource https://i.ytimg.com/vi/haisvt45Kdc/maxresdefault.jpg was preloaded using link preload but not used within a few seconds from the window's load event. Please make sure it has an appropriate `as` value and it is preloaded intentionally. @ http://localhost:3000/:0
[13222407ms] [WARNING] The resource https://i.ytimg.com/vi/VKeF820DlGU/maxresdefault.jpg was preloaded using link preload but not used within a few seconds from the window's load event. Please make sure it has an appropriate `as` value and it is preloaded intentionally. @ http://localhost:3000/:0
[13231388ms] [LOG] [Fast Refresh] rebuilding @ http://localhost:3000/_next/static/chunks/node_modules_next_dist_f3530cac._.js:2297
[13231418ms] [LOG] [Fast Refresh] done in 135ms @ http://localhost:3000/_next/static/chunks/node_modules_next_dist_f3530cac._.js:2297
[13233884ms] [LOG] [Fast Refresh] rebuilding @ http://localhost:3000/_next/static/chunks/node_modules_next_dist_f3530cac._.js:2297
[13234085ms] [LOG] [Fast Refresh] done in 300ms @ http://localhost:3000/_next/static/chunks/node_modules_next_dist_f3530cac._.js:2297
[13234357ms] [WARNING] The resource https://i.ytimg.com/vi/732dkRJZOLE/maxresdefault.jpg was preloaded using link preload but not used within a few seconds from the window's load event. Please make sure it has an appropriate `as` value and it is preloaded intentionally. @ http://localhost:3000/:0
[13234358ms] [WARNING] The resource https://i.ytimg.com/vi/-KnzDx8UV5M/maxresdefault.jpg was preloaded using link preload but not used within a few seconds from the window's load event. Please make sure it has an appropriate `as` value and it is preloaded intentionally. @ http://localhost:3000/:0
[13234358ms] [WARNING] The resource https://i.ytimg.com/vi/cXFQuxZF61Q/maxresdefault.jpg was preloaded using link preload but not used within a few seconds from the window's load event. Please make sure it has an appropriate `as` value and it is preloaded intentionally. @ http://localhost:3000/:0
[13234358ms] [WARNING] The resource https://i.ytimg.com/vi/haisvt45Kdc/maxresdefault.jpg was preloaded using link preload but not used within a few seconds from the window's load event. Please make sure it has an appropriate `as` value and it is preloaded intentionally. @ http://localhost:3000/:0
[13234358ms] [WARNING] The resource https://i.ytimg.com/vi/VKeF820DlGU/maxresdefault.jpg was preloaded using link preload but not used within a few seconds from the window's load event. Please make sure it has an appropriate `as` value and it is preloaded intentionally. @ http://localhost:3000/:0
[13248969ms] [LOG] [Fast Refresh] rebuilding @ http://localhost:3000/_next/static/chunks/node_modules_next_dist_f3530cac._.js:2297
[13249048ms] [LOG] [Fast Refresh] done in 182ms @ http://localhost:3000/_next/static/chunks/node_modules_next_dist_f3530cac._.js:2297
[13253581ms] [LOG] [Fast Refresh] rebuilding @ http://localhost:3000/_next/static/chunks/node_modules_next_dist_f3530cac._.js:2297
[13253670ms] [LOG] [Fast Refresh] done in 195ms @ http://localhost:3000/_next/static/chunks/node_modules_next_dist_f3530cac._.js:2297
[13257842ms] [WARNING] The resource https://i.ytimg.com/vi/732dkRJZOLE/maxresdefault.jpg was preloaded using link preload but not used within a few seconds from the window's load event. Please make sure it has an appropriate `as` value and it is preloaded intentionally. @ http://localhost:3000/:0
[13257843ms] [WARNING] The resource https://i.ytimg.com/vi/-KnzDx8UV5M/maxresdefault.jpg was preloaded using link preload but not used within a few seconds from the window's load event. Please make sure it has an appropriate `as` value and it is preloaded intentionally. @ http://localhost:3000/:0
[13257843ms] [WARNING] The resource https://i.ytimg.com/vi/cXFQuxZF61Q/maxresdefault.jpg was preloaded using link preload but not used within a few seconds from the window's load event. Please make sure it has an appropriate `as` value and it is preloaded intentionally. @ http://localhost:3000/:0
[13257843ms] [WARNING] The resource https://i.ytimg.com/vi/haisvt45Kdc/maxresdefault.jpg was preloaded using link preload but not used within a few seconds from the window's load event. Please make sure it has an appropriate `as` value and it is preloaded intentionally. @ http://localhost:3000/:0
[13257843ms] [WARNING] The resource https://i.ytimg.com/vi/VKeF820DlGU/maxresdefault.jpg was preloaded using link preload but not used within a few seconds from the window's load event. Please make sure it has an appropriate `as` value and it is preloaded intentionally. @ http://localhost:3000/:0
[13263216ms] [ERROR] WebSocket connection to 'ws://localhost:3000/_next/webpack-hmr?id=5hYzXAhunNbBQ9udFJOy6' failed: Error in connection establishment: net::ERR_CONNECTION_REFUSED @ http://localhost:3000/_next/static/chunks/node_modules_next_dist_client_17643121._.js:10878
[13266578ms] [ERROR] WebSocket connection to 'ws://localhost:3000/_next/webpack-hmr?id=5hYzXAhunNbBQ9udFJOy6' failed: Error in connection establishment: net::ERR_CONNECTION_REFUSED @ http://localhost:3000/_next/static/chunks/node_modules_next_dist_client_17643121._.js:10878
[13266874ms] [ERROR] Failed to load resource: net::ERR_CONNECTION_REFUSED @ http://localhost:3000/Sequence%2001_1.mp4:0
[13269525ms] [ERROR] Failed to load resource: net::ERR_CONNECTION_REFUSED @ http://localhost:3000/Sequence%2001_1.mp4:0
[13269935ms] [ERROR] WebSocket connection to 'ws://localhost:3000/_next/webpack-hmr?id=5hYzXAhunNbBQ9udFJOy6' failed: Error in connection establishment: net::ERR_CONNECTION_REFUSED @ http://localhost:3000/_next/static/chunks/node_modules_next_dist_client_17643121._.js:10878
[13272226ms] [ERROR] Failed to load resource: net::ERR_CONNECTION_REFUSED @ http://localhost:3000/Sequence%2001_1.mp4:0
[13273305ms] [ERROR] WebSocket connection to 'ws://localhost:3000/_next/webpack-hmr?id=5hYzXAhunNbBQ9udFJOy6' failed: Error in connection establishment: net::ERR_CONNECTION_REFUSED @ http://localhost:3000/_next/static/chunks/node_modules_next_dist_client_17643121._.js:10878
[13274993ms] [ERROR] Failed to load resource: net::ERR_CONNECTION_REFUSED @ http://localhost:3000/Sequence%2001_1.mp4:0
[13276656ms] [ERROR] WebSocket connection to 'ws://localhost:3000/_next/webpack-hmr?id=5hYzXAhunNbBQ9udFJOy6' failed: Error in connection establishment: net::ERR_CONNECTION_REFUSED @ http://localhost:3000/_next/static/chunks/node_modules_next_dist_client_17643121._.js:10878
[13277797ms] [ERROR] Failed to load resource: net::ERR_CONNECTION_REFUSED @ http://localhost:3000/Sequence%2001_1.mp4:0
[13280656ms] [ERROR] Failed to load resource: net::ERR_CONNECTION_REFUSED @ http://localhost:3000/Sequence%2001_1.mp4:0
[13283569ms] [ERROR] Failed to load resource: net::ERR_CONNECTION_REFUSED @ http://localhost:3000/Sequence%2001_1.mp4:0
[13284051ms] [ERROR] WebSocket connection to 'ws://localhost:3000/_next/webpack-hmr?id=5hYzXAhunNbBQ9udFJOy6' failed: Error in connection establishment: net::ERR_CONNECTION_REFUSED @ http://localhost:3000/_next/static/chunks/node_modules_next_dist_client_17643121._.js:10878
[13286529ms] [ERROR] Failed to load resource: net::ERR_CONNECTION_REFUSED @ http://localhost:3000/Sequence%2001_1.mp4:0
[13289535ms] [WARNING] The resource https://i.ytimg.com/vi/732dkRJZOLE/maxresdefault.jpg was preloaded using link preload but not used within a few seconds from the window's load event. Please make sure it has an appropriate `as` value and it is preloaded intentionally. @ http://localhost:3000/:0
[13289535ms] [WARNING] The resource https://i.ytimg.com/vi/-KnzDx8UV5M/maxresdefault.jpg was preloaded using link preload but not used within a few seconds from the window's load event. Please make sure it has an appropriate `as` value and it is preloaded intentionally. @ http://localhost:3000/:0
[13289535ms] [WARNING] The resource https://i.ytimg.com/vi/cXFQuxZF61Q/maxresdefault.jpg was preloaded using link preload but not used within a few seconds from the window's load event. Please make sure it has an appropriate `as` value and it is preloaded intentionally. @ http://localhost:3000/:0
[13289535ms] [WARNING] The resource https://i.ytimg.com/vi/haisvt45Kdc/maxresdefault.jpg was preloaded using link preload but not used within a few seconds from the window's load event. Please make sure it has an appropriate `as` value and it is preloaded intentionally. @ http://localhost:3000/:0
[13289535ms] [WARNING] The resource https://i.ytimg.com/vi/VKeF820DlGU/maxresdefault.jpg was preloaded using link preload but not used within a few seconds from the window's load event. Please make sure it has an appropriate `as` value and it is preloaded intentionally. @ http://localhost:3000/:0
[13289699ms] [LOG] [HMR] connected @ http://localhost:3000/_next/static/chunks/node_modules_next_dist_f3530cac._.js:2297
[13291282ms] [INFO] %cDownload the React DevTools for a better development experience: https://react.dev/link/react-devtools font-weight:bold @ http://localhost:3000/_next/static/chunks/node_modules_next_dist_f3530cac._.js:2297
[13291380ms] [LOG] [HMR] connected @ http://localhost:3000/_next/static/chunks/node_modules_next_dist_f3530cac._.js:2297
[13294843ms] [WARNING] The resource https://i.ytimg.com/vi/732dkRJZOLE/maxresdefault.jpg was preloaded using link preload but not used within a few seconds from the window's load event. Please make sure it has an appropriate `as` value and it is preloaded intentionally. @ http://localhost:3000/:0
[13294843ms] [WARNING] The resource https://i.ytimg.com/vi/-KnzDx8UV5M/maxresdefault.jpg was preloaded using link preload but not used within a few seconds from the window's load event. Please make sure it has an appropriate `as` value and it is preloaded intentionally. @ http://localhost:3000/:0
[13294843ms] [WARNING] The resource https://i.ytimg.com/vi/cXFQuxZF61Q/maxresdefault.jpg was preloaded using link preload but not used within a few seconds from the window's load event. Please make sure it has an appropriate `as` value and it is preloaded intentionally. @ http://localhost:3000/:0
[13294843ms] [WARNING] The resource https://i.ytimg.com/vi/haisvt45Kdc/maxresdefault.jpg was preloaded using link preload but not used within a few seconds from the window's load event. Please make sure it has an appropriate `as` value and it is preloaded intentionally. @ http://localhost:3000/:0
[13294843ms] [WARNING] The resource https://i.ytimg.com/vi/VKeF820DlGU/maxresdefault.jpg was preloaded using link preload but not used within a few seconds from the window's load event. Please make sure it has an appropriate `as` value and it is preloaded intentionally. @ http://localhost:3000/:0
[13305024ms] [LOG] [Fast Refresh] rebuilding @ http://localhost:3000/_next/static/chunks/node_modules_next_dist_f3530cac._.js:2297
[13305296ms] [LOG] [Fast Refresh] done in 391ms @ http://localhost:3000/_next/static/chunks/node_modules_next_dist_f3530cac._.js:2297
[13305713ms] [LOG] [Fast Refresh] rebuilding @ http://localhost:3000/_next/static/chunks/node_modules_next_dist_f3530cac._.js:2297
[13307312ms] [LOG] [Fast Refresh] done in 1634ms @ http://localhost:3000/_next/static/chunks/node_modules_next_dist_f3530cac._.js:2297
[13310494ms] [WARNING] The resource https://i.ytimg.com/vi/732dkRJZOLE/maxresdefault.jpg was preloaded using link preload but not used within a few seconds from the window's load event. Please make sure it has an appropriate `as` value and it is preloaded intentionally. @ http://localhost:3000/:0
[13310494ms] [WARNING] The resource https://i.ytimg.com/vi/-KnzDx8UV5M/maxresdefault.jpg was preloaded using link preload but not used within a few seconds from the window's load event. Please make sure it has an appropriate `as` value and it is preloaded intentionally. @ http://localhost:3000/:0
[13310494ms] [WARNING] The resource https://i.ytimg.com/vi/cXFQuxZF61Q/maxresdefault.jpg was preloaded using link preload but not used within a few seconds from the window's load event. Please make sure it has an appropriate `as` value and it is preloaded intentionally. @ http://localhost:3000/:0
[13310494ms] [WARNING] The resource https://i.ytimg.com/vi/haisvt45Kdc/maxresdefault.jpg was preloaded using link preload but not used within a few seconds from the window's load event. Please make sure it has an appropriate `as` value and it is preloaded intentionally. @ http://localhost:3000/:0
[13310494ms] [WARNING] The resource https://i.ytimg.com/vi/VKeF820DlGU/maxresdefault.jpg was preloaded using link preload but not used within a few seconds from the window's load event. Please make sure it has an appropriate `as` value and it is preloaded intentionally. @ http://localhost:3000/:0
[13315535ms] [WARNING] The resource https://i.ytimg.com/vi/732dkRJZOLE/maxresdefault.jpg was preloaded using link preload but not used within a few seconds from the window's load event. Please make sure it has an appropriate `as` value and it is preloaded intentionally. @ http://localhost:3000/:0
[13315536ms] [WARNING] The resource https://i.ytimg.com/vi/-KnzDx8UV5M/maxresdefault.jpg was preloaded using link preload but not used within a few seconds from the window's load event. Please make sure it has an appropriate `as` value and it is preloaded intentionally. @ http://localhost:3000/:0
[13315536ms] [WARNING] The resource https://i.ytimg.com/vi/cXFQuxZF61Q/maxresdefault.jpg was preloaded using link preload but not used within a few seconds from the window's load event. Please make sure it has an appropriate `as` value and it is preloaded intentionally. @ http://localhost:3000/:0
[13315536ms] [WARNING] The resource https://i.ytimg.com/vi/haisvt45Kdc/maxresdefault.jpg was preloaded using link preload but not used within a few seconds from the window's load event. Please make sure it has an appropriate `as` value and it is preloaded intentionally. @ http://localhost:3000/:0
[13315536ms] [WARNING] The resource https://i.ytimg.com/vi/VKeF820DlGU/maxresdefault.jpg was preloaded using link preload but not used within a few seconds from the window's load event. Please make sure it has an appropriate `as` value and it is preloaded intentionally. @ http://localhost:3000/:0
[13323717ms] [LOG] [Fast Refresh] rebuilding @ http://localhost:3000/_next/static/chunks/node_modules_next_dist_f3530cac._.js:2297
[13323789ms] [LOG] [Fast Refresh] done in 175ms @ http://localhost:3000/_next/static/chunks/node_modules_next_dist_f3530cac._.js:2297
[13324030ms] [LOG] [Fast Refresh] rebuilding @ http://localhost:3000/_next/static/chunks/node_modules_next_dist_f3530cac._.js:2297
[13324495ms] [LOG] [Fast Refresh] done in 573ms @ http://localhost:3000/_next/static/chunks/node_modules_next_dist_f3530cac._.js:2297
[13327358ms] [WARNING] The resource https://i.ytimg.com/vi/732dkRJZOLE/maxresdefault.jpg was preloaded using link preload but not used within a few seconds from the window's load event. Please make sure it has an appropriate `as` value and it is preloaded intentionally. @ http://localhost:3000/:0
[13327358ms] [WARNING] The resource https://i.ytimg.com/vi/-KnzDx8UV5M/maxresdefault.jpg was preloaded using link preload but not used within a few seconds from the window's load event. Please make sure it has an appropriate `as` value and it is preloaded intentionally. @ http://localhost:3000/:0
[13327358ms] [WARNING] The resource https://i.ytimg.com/vi/cXFQuxZF61Q/maxresdefault.jpg was preloaded using link preload but not used within a few seconds from the window's load event. Please make sure it has an appropriate `as` value and it is preloaded intentionally. @ http://localhost:3000/:0
[13327358ms] [WARNING] The resource https://i.ytimg.com/vi/haisvt45Kdc/maxresdefault.jpg was preloaded using link preload but not used within a few seconds from the window's load event. Please make sure it has an appropriate `as` value and it is preloaded intentionally. @ http://localhost:3000/:0
[13327358ms] [WARNING] The resource https://i.ytimg.com/vi/VKeF820DlGU/maxresdefault.jpg was preloaded using link preload but not used within a few seconds from the window's load event. Please make sure it has an appropriate `as` value and it is preloaded intentionally. @ http://localhost:3000/:0
[13329344ms] [LOG] [Fast Refresh] rebuilding @ http://localhost:3000/_next/static/chunks/node_modules_next_dist_f3530cac._.js:2297
[13329412ms] [LOG] [Fast Refresh] done in 173ms @ http://localhost:3000/_next/static/chunks/node_modules_next_dist_f3530cac._.js:2297
[13337955ms] [LOG] [Fast Refresh] rebuilding @ http://localhost:3000/_next/static/chunks/node_modules_next_dist_f3530cac._.js:2297
[13337966ms] [LOG] [Fast Refresh] done in 123ms @ http://localhost:3000/_next/static/chunks/node_modules_next_dist_f3530cac._.js:2297
[13341057ms] [LOG] [Fast Refresh] rebuilding @ http://localhost:3000/_next/static/chunks/node_modules_next_dist_f3530cac._.js:2297
[13341180ms] [LOG] [Fast Refresh] done in 229ms @ http://localhost:3000/_next/static/chunks/node_modules_next_dist_f3530cac._.js:2297
[13347611ms] [WARNING] The resource https://i.ytimg.com/vi/732dkRJZOLE/maxresdefault.jpg was preloaded using link preload but not used within a few seconds from the window's load event. Please make sure it has an appropriate `as` value and it is preloaded intentionally. @ http://localhost:3000/:0
[13347611ms] [WARNING] The resource https://i.ytimg.com/vi/-KnzDx8UV5M/maxresdefault.jpg was preloaded using link preload but not used within a few seconds from the window's load event. Please make sure it has an appropriate `as` value and it is preloaded intentionally. @ http://localhost:3000/:0
[13347611ms] [WARNING] The resource https://i.ytimg.com/vi/cXFQuxZF61Q/maxresdefault.jpg was preloaded using link preload but not used within a few seconds from the window's load event. Please make sure it has an appropriate `as` value and it is preloaded intentionally. @ http://localhost:3000/:0
[13347611ms] [WARNING] The resource https://i.ytimg.com/vi/haisvt45Kdc/maxresdefault.jpg was preloaded using link preload but not used within a few seconds from the window's load event. Please make sure it has an appropriate `as` value and it is preloaded intentionally. @ http://localhost:3000/:0
[13347611ms] [WARNING] The resource https://i.ytimg.com/vi/VKeF820DlGU/maxresdefault.jpg was preloaded using link preload but not used within a few seconds from the window's load event. Please make sure it has an appropriate `as` value and it is preloaded intentionally. @ http://localhost:3000/:0
[13352634ms] [LOG] [Fast Refresh] rebuilding @ http://localhost:3000/_next/static/chunks/node_modules_next_dist_f3530cac._.js:2297
[13352697ms] [LOG] [Fast Refresh] done in 171ms @ http://localhost:3000/_next/static/chunks/node_modules_next_dist_f3530cac._.js:2297
[13365853ms] [WARNING] The resource https://i.ytimg.com/vi/732dkRJZOLE/maxresdefault.jpg was preloaded using link preload but not used within a few seconds from the window's load event. Please make sure it has an appropriate `as` value and it is preloaded intentionally. @ http://localhost:3000/:0
[13365853ms] [WARNING] The resource https://i.ytimg.com/vi/-KnzDx8UV5M/maxresdefault.jpg was preloaded using link preload but not used within a few seconds from the window's load event. Please make sure it has an appropriate `as` value and it is preloaded intentionally. @ http://localhost:3000/:0
[13365853ms] [WARNING] The resource https://i.ytimg.com/vi/cXFQuxZF61Q/maxresdefault.jpg was preloaded using link preload but not used within a few seconds from the window's load event. Please make sure it has an appropriate `as` value and it is preloaded intentionally. @ http://localhost:3000/:0
[13365853ms] [WARNING] The resource https://i.ytimg.com/vi/haisvt45Kdc/maxresdefault.jpg was preloaded using link preload but not used within a few seconds from the window's load event. Please make sure it has an appropriate `as` value and it is preloaded intentionally. @ http://localhost:3000/:0
[13365853ms] [WARNING] The resource https://i.ytimg.com/vi/VKeF820DlGU/maxresdefault.jpg was preloaded using link preload but not used within a few seconds from the window's load event. Please make sure it has an appropriate `as` value and it is preloaded intentionally. @ http://localhost:3000/:0
[13379355ms] [WARNING] The resource https://i.ytimg.com/vi/732dkRJZOLE/maxresdefault.jpg was preloaded using link preload but not used within a few seconds from the window's load event. Please make sure it has an appropriate `as` value and it is preloaded intentionally. @ http://localhost:3000/:0
[13379355ms] [WARNING] The resource https://i.ytimg.com/vi/-KnzDx8UV5M/maxresdefault.jpg was preloaded using link preload but not used within a few seconds from the window's load event. Please make sure it has an appropriate `as` value and it is preloaded intentionally. @ http://localhost:3000/:0
[13379355ms] [WARNING] The resource https://i.ytimg.com/vi/cXFQuxZF61Q/maxresdefault.jpg was preloaded using link preload but not used within a few seconds from the window's load event. Please make sure it has an appropriate `as` value and it is preloaded intentionally. @ http://localhost:3000/:0
[13379355ms] [WARNING] The resource https://i.ytimg.com/vi/haisvt45Kdc/maxresdefault.jpg was preloaded using link preload but not used within a few seconds from the window's load event. Please make sure it has an appropriate `as` value and it is preloaded intentionally. @ http://localhost:3000/:0
[13379355ms] [WARNING] The resource https://i.ytimg.com/vi/VKeF820DlGU/maxresdefault.jpg was preloaded using link preload but not used within a few seconds from the window's load event. Please make sure it has an appropriate `as` value and it is preloaded intentionally. @ http://localhost:3000/:0
[13393181ms] [LOG] [Fast Refresh] rebuilding @ http://localhost:3000/_next/static/chunks/node_modules_next_dist_f3530cac._.js:2297
[13394211ms] [LOG] [Fast Refresh] done in 694ms @ http://localhost:3000/_next/static/chunks/node_modules_next_dist_f3530cac._.js:2297
[13397404ms] [WARNING] The resource https://i.ytimg.com/vi/732dkRJZOLE/maxresdefault.jpg was preloaded using link preload but not used within a few seconds from the window's load event. Please make sure it has an appropriate `as` value and it is preloaded intentionally. @ http://localhost:3000/:0
[13397404ms] [WARNING] The resource https://i.ytimg.com/vi/-KnzDx8UV5M/maxresdefault.jpg was preloaded using link preload but not used within a few seconds from the window's load event. Please make sure it has an appropriate `as` value and it is preloaded intentionally. @ http://localhost:3000/:0
[13397404ms] [WARNING] The resource https://i.ytimg.com/vi/cXFQuxZF61Q/maxresdefault.jpg was preloaded using link preload but not used within a few seconds from the window's load event. Please make sure it has an appropriate `as` value and it is preloaded intentionally. @ http://localhost:3000/:0
[13397404ms] [WARNING] The resource https://i.ytimg.com/vi/haisvt45Kdc/maxresdefault.jpg was preloaded using link preload but not used within a few seconds from the window's load event. Please make sure it has an appropriate `as` value and it is preloaded intentionally. @ http://localhost:3000/:0
[13397404ms] [WARNING] The resource https://i.ytimg.com/vi/VKeF820DlGU/maxresdefault.jpg was preloaded using link preload but not used within a few seconds from the window's load event. Please make sure it has an appropriate `as` value and it is preloaded intentionally. @ http://localhost:3000/:0
[13401194ms] [WARNING] The resource https://i.ytimg.com/vi/732dkRJZOLE/maxresdefault.jpg was preloaded using link preload but not used within a few seconds from the window's load event. Please make sure it has an appropriate `as` value and it is preloaded intentionally. @ http://localhost:3000/:0
[13401194ms] [WARNING] The resource https://i.ytimg.com/vi/-KnzDx8UV5M/maxresdefault.jpg was preloaded using link preload but not used within a few seconds from the window's load event. Please make sure it has an appropriate `as` value and it is preloaded intentionally. @ http://localhost:3000/:0
[13401194ms] [WARNING] The resource https://i.ytimg.com/vi/cXFQuxZF61Q/maxresdefault.jpg was preloaded using link preload but not used within a few seconds from the window's load event. Please make sure it has an appropriate `as` value and it is preloaded intentionally. @ http://localhost:3000/:0
[13401194ms] [WARNING] The resource https://i.ytimg.com/vi/haisvt45Kdc/maxresdefault.jpg was preloaded using link preload but not used within a few seconds from the window's load event. Please make sure it has an appropriate `as` value and it is preloaded intentionally. @ http://localhost:3000/:0
[13401194ms] [WARNING] The resource https://i.ytimg.com/vi/VKeF820DlGU/maxresdefault.jpg was preloaded using link preload but not used within a few seconds from the window's load event. Please make sure it has an appropriate `as` value and it is preloaded intentionally. @ http://localhost:3000/:0
[13413736ms] [WARNING] The resource https://i.ytimg.com/vi/732dkRJZOLE/maxresdefault.jpg was preloaded using link preload but not used within a few seconds from the window's load event. Please make sure it has an appropriate `as` value and it is preloaded intentionally. @ http://localhost:3000/:0
[13413736ms] [WARNING] The resource https://i.ytimg.com/vi/-KnzDx8UV5M/maxresdefault.jpg was preloaded using link preload but not used within a few seconds from the window's load event. Please make sure it has an appropriate `as` value and it is preloaded intentionally. @ http://localhost:3000/:0
[13413736ms] [WARNING] The resource https://i.ytimg.com/vi/cXFQuxZF61Q/maxresdefault.jpg was preloaded using link preload but not used within a few seconds from the window's load event. Please make sure it has an appropriate `as` value and it is preloaded intentionally. @ http://localhost:3000/:0
[13413736ms] [WARNING] The resource https://i.ytimg.com/vi/haisvt45Kdc/maxresdefault.jpg was preloaded using link preload but not used within a few seconds from the window's load event. Please make sure it has an appropriate `as` value and it is preloaded intentionally. @ http://localhost:3000/:0
[13413736ms] [WARNING] The resource https://i.ytimg.com/vi/VKeF820DlGU/maxresdefault.jpg was preloaded using link preload but not used within a few seconds from the window's load event. Please make sure it has an appropriate `as` value and it is preloaded intentionally. @ http://localhost:3000/:0
[13422219ms] [LOG] [Fast Refresh] rebuilding @ http://localhost:3000/_next/static/chunks/node_modules_next_dist_f3530cac._.js:2297
[13422510ms] [LOG] [Fast Refresh] done in 395ms @ http://localhost:3000/_next/static/chunks/node_modules_next_dist_f3530cac._.js:2297
[13423248ms] [LOG] [Fast Refresh] rebuilding @ http://localhost:3000/_next/static/chunks/node_modules_next_dist_f3530cac._.js:2297
[13423312ms] [LOG] [Fast Refresh] done in 172ms @ http://localhost:3000/_next/static/chunks/node_modules_next_dist_f3530cac._.js:2297
[13436641ms] [WARNING] The resource https://i.ytimg.com/vi/732dkRJZOLE/maxresdefault.jpg was preloaded using link preload but not used within a few seconds from the window's load event. Please make sure it has an appropriate `as` value and it is preloaded intentionally. @ http://localhost:3000/:0
[13436641ms] [WARNING] The resource https://i.ytimg.com/vi/-KnzDx8UV5M/maxresdefault.jpg was preloaded using link preload but not used within a few seconds from the window's load event. Please make sure it has an appropriate `as` value and it is preloaded intentionally. @ http://localhost:3000/:0
[13436641ms] [WARNING] The resource https://i.ytimg.com/vi/cXFQuxZF61Q/maxresdefault.jpg was preloaded using link preload but not used within a few seconds from the window's load event. Please make sure it has an appropriate `as` value and it is preloaded intentionally. @ http://localhost:3000/:0
[13436641ms] [WARNING] The resource https://i.ytimg.com/vi/haisvt45Kdc/maxresdefault.jpg was preloaded using link preload but not used within a few seconds from the window's load event. Please make sure it has an appropriate `as` value and it is preloaded intentionally. @ http://localhost:3000/:0
[13436641ms] [WARNING] The resource https://i.ytimg.com/vi/VKeF820DlGU/maxresdefault.jpg was preloaded using link preload but not used within a few seconds from the window's load event. Please make sure it has an appropriate `as` value and it is preloaded intentionally. @ http://localhost:3000/:0
[13448563ms] [WARNING] The resource https://i.ytimg.com/vi/732dkRJZOLE/maxresdefault.jpg was preloaded using link preload but not used within a few seconds from the window's load event. Please make sure it has an appropriate `as` value and it is preloaded intentionally. @ http://localhost:3000/:0
[13448563ms] [WARNING] The resource https://i.ytimg.com/vi/-KnzDx8UV5M/maxresdefault.jpg was preloaded using link preload but not used within a few seconds from the window's load event. Please make sure it has an appropriate `as` value and it is preloaded intentionally. @ http://localhost:3000/:0
[13448564ms] [WARNING] The resource https://i.ytimg.com/vi/cXFQuxZF61Q/maxresdefault.jpg was preloaded using link preload but not used within a few seconds from the window's load event. Please make sure it has an appropriate `as` value and it is preloaded intentionally. @ http://localhost:3000/:0
[13448564ms] [WARNING] The resource https://i.ytimg.com/vi/haisvt45Kdc/maxresdefault.jpg was preloaded using link preload but not used within a few seconds from the window's load event. Please make sure it has an appropriate `as` value and it is preloaded intentionally. @ http://localhost:3000/:0
[13448564ms] [WARNING] The resource https://i.ytimg.com/vi/VKeF820DlGU/maxresdefault.jpg was preloaded using link preload but not used within a few seconds from the window's load event. Please make sure it has an appropriate `as` value and it is preloaded intentionally. @ http://localhost:3000/:0
[13452185ms] [LOG] [Fast Refresh] rebuilding @ http://localhost:3000/_next/static/chunks/node_modules_next_dist_f3530cac._.js:2297
[13452208ms] [LOG] [Fast Refresh] done in 132ms @ http://localhost:3000/_next/static/chunks/node_modules_next_dist_f3530cac._.js:2297
[13453176ms] [LOG] [Fast Refresh] rebuilding @ http://localhost:3000/_next/static/chunks/node_modules_next_dist_f3530cac._.js:2297
[13453322ms] [LOG] [Fast Refresh] done in 249ms @ http://localhost:3000/_next/static/chunks/node_modules_next_dist_f3530cac._.js:2297
[13465413ms] [LOG] [Fast Refresh] rebuilding @ http://localhost:3000/_next/static/chunks/node_modules_next_dist_f3530cac._.js:2297
[13465430ms] [LOG] [Fast Refresh] done in 125ms @ http://localhost:3000/_next/static/chunks/node_modules_next_dist_f3530cac._.js:2297
[13472098ms] [WARNING] The resource https://i.ytimg.com/vi/732dkRJZOLE/maxresdefault.jpg was preloaded using link preload but not used within a few seconds from the window's load event. Please make sure it has an appropriate `as` value and it is preloaded intentionally. @ http://localhost:3000/:0
[13472098ms] [WARNING] The resource https://i.ytimg.com/vi/-KnzDx8UV5M/maxresdefault.jpg was preloaded using link preload but not used within a few seconds from the window's load event. Please make sure it has an appropriate `as` value and it is preloaded intentionally. @ http://localhost:3000/:0
[13472098ms] [WARNING] The resource https://i.ytimg.com/vi/cXFQuxZF61Q/maxresdefault.jpg was preloaded using link preload but not used within a few seconds from the window's load event. Please make sure it has an appropriate `as` value and it is preloaded intentionally. @ http://localhost:3000/:0
[13472098ms] [WARNING] The resource https://i.ytimg.com/vi/haisvt45Kdc/maxresdefault.jpg was preloaded using link preload but not used within a few seconds from the window's load event. Please make sure it has an appropriate `as` value and it is preloaded intentionally. @ http://localhost:3000/:0
[13472098ms] [WARNING] The resource https://i.ytimg.com/vi/VKeF820DlGU/maxresdefault.jpg was preloaded using link preload but not used within a few seconds from the window's load event. Please make sure it has an appropriate `as` value and it is preloaded intentionally. @ http://localhost:3000/:0
[13484051ms] [WARNING] The resource https://i.ytimg.com/vi/732dkRJZOLE/maxresdefault.jpg was preloaded using link preload but not used within a few seconds from the window's load event. Please make sure it has an appropriate `as` value and it is preloaded intentionally. @ http://localhost:3000/:0
[13484052ms] [WARNING] The resource https://i.ytimg.com/vi/-KnzDx8UV5M/maxresdefault.jpg was preloaded using link preload but not used within a few seconds from the window's load event. Please make sure it has an appropriate `as` value and it is preloaded intentionally. @ http://localhost:3000/:0
[13484052ms] [WARNING] The resource https://i.ytimg.com/vi/cXFQuxZF61Q/maxresdefault.jpg was preloaded using link preload but not used within a few seconds from the window's load event. Please make sure it has an appropriate `as` value and it is preloaded intentionally. @ http://localhost:3000/:0
[13484052ms] [WARNING] The resource https://i.ytimg.com/vi/haisvt45Kdc/maxresdefault.jpg was preloaded using link preload but not used within a few seconds from the window's load event. Please make sure it has an appropriate `as` value and it is preloaded intentionally. @ http://localhost:3000/:0
[13484052ms] [WARNING] The resource https://i.ytimg.com/vi/VKeF820DlGU/maxresdefault.jpg was preloaded using link preload but not used within a few seconds from the window's load event. Please make sure it has an appropriate `as` value and it is preloaded intentionally. @ http://localhost:3000/:0
[13507528ms] [WARNING] The resource https://i.ytimg.com/vi/732dkRJZOLE/maxresdefault.jpg was preloaded using link preload but not used within a few seconds from the window's load event. Please make sure it has an appropriate `as` value and it is preloaded intentionally. @ http://localhost:3000/:0
[13507528ms] [WARNING] The resource https://i.ytimg.com/vi/-KnzDx8UV5M/maxresdefault.jpg was preloaded using link preload but not used within a few seconds from the window's load event. Please make sure it has an appropriate `as` value and it is preloaded intentionally. @ http://localhost:3000/:0
[13507528ms] [WARNING] The resource https://i.ytimg.com/vi/cXFQuxZF61Q/maxresdefault.jpg was preloaded using link preload but not used within a few seconds from the window's load event. Please make sure it has an appropriate `as` value and it is preloaded intentionally. @ http://localhost:3000/:0
[13507528ms] [WARNING] The resource https://i.ytimg.com/vi/haisvt45Kdc/maxresdefault.jpg was preloaded using link preload but not used within a few seconds from the window's load event. Please make sure it has an appropriate `as` value and it is preloaded intentionally. @ http://localhost:3000/:0
[13507528ms] [WARNING] The resource https://i.ytimg.com/vi/VKeF820DlGU/maxresdefault.jpg was preloaded using link preload but not used within a few seconds from the window's load event. Please make sure it has an appropriate `as` value and it is preloaded intentionally. @ http://localhost:3000/:0
[13519449ms] [WARNING] The resource https://i.ytimg.com/vi/732dkRJZOLE/maxresdefault.jpg was preloaded using link preload but not used within a few seconds from the window's load event. Please make sure it has an appropriate `as` value and it is preloaded intentionally. @ http://localhost:3000/:0
[13519450ms] [WARNING] The resource https://i.ytimg.com/vi/-KnzDx8UV5M/maxresdefault.jpg was preloaded using link preload but not used within a few seconds from the window's load event. Please make sure it has an appropriate `as` value and it is preloaded intentionally. @ http://localhost:3000/:0
[13519450ms] [WARNING] The resource https://i.ytimg.com/vi/cXFQuxZF61Q/maxresdefault.jpg was preloaded using link preload but not used within a few seconds from the window's load event. Please make sure it has an appropriate `as` value and it is preloaded intentionally. @ http://localhost:3000/:0
[13519450ms] [WARNING] The resource https://i.ytimg.com/vi/haisvt45Kdc/maxresdefault.jpg was preloaded using link preload but not used within a few seconds from the window's load event. Please make sure it has an appropriate `as` value and it is preloaded intentionally. @ http://localhost:3000/:0
[13519450ms] [WARNING] The resource https://i.ytimg.com/vi/VKeF820DlGU/maxresdefault.jpg was preloaded using link preload but not used within a few seconds from the window's load event. Please make sure it has an appropriate `as` value and it is preloaded intentionally. @ http://localhost:3000/:0
[13542978ms] [WARNING] The resource https://i.ytimg.com/vi/732dkRJZOLE/maxresdefault.jpg was preloaded using link preload but not used within a few seconds from the window's load event. Please make sure it has an appropriate `as` value and it is preloaded intentionally. @ http://localhost:3000/:0
[13542978ms] [WARNING] The resource https://i.ytimg.com/vi/-KnzDx8UV5M/maxresdefault.jpg was preloaded using link preload but not used within a few seconds from the window's load event. Please make sure it has an appropriate `as` value and it is preloaded intentionally. @ http://localhost:3000/:0
[13542978ms] [WARNING] The resource https://i.ytimg.com/vi/cXFQuxZF61Q/maxresdefault.jpg was preloaded using link preload but not used within a few seconds from the window's load event. Please make sure it has an appropriate `as` value and it is preloaded intentionally. @ http://localhost:3000/:0
[13542978ms] [WARNING] The resource https://i.ytimg.com/vi/haisvt45Kdc/maxresdefault.jpg was preloaded using link preload but not used within a few seconds from the window's load event. Please make sure it has an appropriate `as` value and it is preloaded intentionally. @ http://localhost:3000/:0
[13542978ms] [WARNING] The resource https://i.ytimg.com/vi/VKeF820DlGU/maxresdefault.jpg was preloaded using link preload but not used within a few seconds from the window's load event. Please make sure it has an appropriate `as` value and it is preloaded intentionally. @ http://localhost:3000/:0
[13554960ms] [WARNING] The resource https://i.ytimg.com/vi/732dkRJZOLE/maxresdefault.jpg was preloaded using link preload but not used within a few seconds from the window's load event. Please make sure it has an appropriate `as` value and it is preloaded intentionally. @ http://localhost:3000/:0
[13554960ms] [WARNING] The resource https://i.ytimg.com/vi/-KnzDx8UV5M/maxresdefault.jpg was preloaded using link preload but not used within a few seconds from the window's load event. Please make sure it has an appropriate `as` value and it is preloaded intentionally. @ http://localhost:3000/:0
[13554960ms] [WARNING] The resource https://i.ytimg.com/vi/cXFQuxZF61Q/maxresdefault.jpg was preloaded using link preload but not used within a few seconds from the window's load event. Please make sure it has an appropriate `as` value and it is preloaded intentionally. @ http://localhost:3000/:0
[13554960ms] [WARNING] The resource https://i.ytimg.com/vi/haisvt45Kdc/maxresdefault.jpg was preloaded using link preload but not used within a few seconds from the window's load event. Please make sure it has an appropriate `as` value and it is preloaded intentionally. @ http://localhost:3000/:0
[13554960ms] [WARNING] The resource https://i.ytimg.com/vi/VKeF820DlGU/maxresdefault.jpg was preloaded using link preload but not used within a few seconds from the window's load event. Please make sure it has an appropriate `as` value and it is preloaded intentionally. @ http://localhost:3000/:0
[13578472ms] [WARNING] The resource https://i.ytimg.com/vi/732dkRJZOLE/maxresdefault.jpg was preloaded using link preload but not used within a few seconds from the window's load event. Please make sure it has an appropriate `as` value and it is preloaded intentionally. @ http://localhost:3000/:0
[13578472ms] [WARNING] The resource https://i.ytimg.com/vi/-KnzDx8UV5M/maxresdefault.jpg was preloaded using link preload but not used within a few seconds from the window's load event. Please make sure it has an appropriate `as` value and it is preloaded intentionally. @ http://localhost:3000/:0
[13578472ms] [WARNING] The resource https://i.ytimg.com/vi/cXFQuxZF61Q/maxresdefault.jpg was preloaded using link preload but not used within a few seconds from the window's load event. Please make sure it has an appropriate `as` value and it is preloaded intentionally. @ http://localhost:3000/:0
[13578472ms] [WARNING] The resource https://i.ytimg.com/vi/haisvt45Kdc/maxresdefault.jpg was preloaded using link preload but not used within a few seconds from the window's load event. Please make sure it has an appropriate `as` value and it is preloaded intentionally. @ http://localhost:3000/:0
[13578472ms] [WARNING] The resource https://i.ytimg.com/vi/VKeF820DlGU/maxresdefault.jpg was preloaded using link preload but not used within a few seconds from the window's load event. Please make sure it has an appropriate `as` value and it is preloaded intentionally. @ http://localhost:3000/:0
[13590390ms] [WARNING] The resource https://i.ytimg.com/vi/732dkRJZOLE/maxresdefault.jpg was preloaded using link preload but not used within a few seconds from the window's load event. Please make sure it has an appropriate `as` value and it is preloaded intentionally. @ http://localhost:3000/:0
[13590390ms] [WARNING] The resource https://i.ytimg.com/vi/-KnzDx8UV5M/maxresdefault.jpg was preloaded using link preload but not used within a few seconds from the window's load event. Please make sure it has an appropriate `as` value and it is preloaded intentionally. @ http://localhost:3000/:0
[13590390ms] [WARNING] The resource https://i.ytimg.com/vi/cXFQuxZF61Q/maxresdefault.jpg was preloaded using link preload but not used within a few seconds from the window's load event. Please make sure it has an appropriate `as` value and it is preloaded intentionally. @ http://localhost:3000/:0
[13590391ms] [WARNING] The resource https://i.ytimg.com/vi/haisvt45Kdc/maxresdefault.jpg was preloaded using link preload but not used within a few seconds from the window's load event. Please make sure it has an appropriate `as` value and it is preloaded intentionally. @ http://localhost:3000/:0
[13590391ms] [WARNING] The resource https://i.ytimg.com/vi/VKeF820DlGU/maxresdefault.jpg was preloaded using link preload but not used within a few seconds from the window's load event. Please make sure it has an appropriate `as` value and it is preloaded intentionally. @ http://localhost:3000/:0
[13613886ms] [WARNING] The resource https://i.ytimg.com/vi/732dkRJZOLE/maxresdefault.jpg was preloaded using link preload but not used within a few seconds from the window's load event. Please make sure it has an appropriate `as` value and it is preloaded intentionally. @ http://localhost:3000/:0
[13613886ms] [WARNING] The resource https://i.ytimg.com/vi/-KnzDx8UV5M/maxresdefault.jpg was preloaded using link preload but not used within a few seconds from the window's load event. Please make sure it has an appropriate `as` value and it is preloaded intentionally. @ http://localhost:3000/:0
[13613886ms] [WARNING] The resource https://i.ytimg.com/vi/cXFQuxZF61Q/maxresdefault.jpg was preloaded using link preload but not used within a few seconds from the window's load event. Please make sure it has an appropriate `as` value and it is preloaded intentionally. @ http://localhost:3000/:0
[13613886ms] [WARNING] The resource https://i.ytimg.com/vi/haisvt45Kdc/maxresdefault.jpg was preloaded using link preload but not used within a few seconds from the window's load event. Please make sure it has an appropriate `as` value and it is preloaded intentionally. @ http://localhost:3000/:0
[13613886ms] [WARNING] The resource https://i.ytimg.com/vi/VKeF820DlGU/maxresdefault.jpg was preloaded using link preload but not used within a few seconds from the window's load event. Please make sure it has an appropriate `as` value and it is preloaded intentionally. @ http://localhost:3000/:0
[13617418ms] [LOG] [Fast Refresh] rebuilding @ http://localhost:3000/_next/static/chunks/node_modules_next_dist_f3530cac._.js:2297
[13617471ms] [LOG] [Fast Refresh] done in 152ms @ http://localhost:3000/_next/static/chunks/node_modules_next_dist_f3530cac._.js:2297
[13625833ms] [WARNING] The resource https://i.ytimg.com/vi/732dkRJZOLE/maxresdefault.jpg was preloaded using link preload but not used within a few seconds from the window's load event. Please make sure it has an appropriate `as` value and it is preloaded intentionally. @ http://localhost:3000/:0
[13625833ms] [WARNING] The resource https://i.ytimg.com/vi/-KnzDx8UV5M/maxresdefault.jpg was preloaded using link preload but not used within a few seconds from the window's load event. Please make sure it has an appropriate `as` value and it is preloaded intentionally. @ http://localhost:3000/:0
[13625833ms] [WARNING] The resource https://i.ytimg.com/vi/cXFQuxZF61Q/maxresdefault.jpg was preloaded using link preload but not used within a few seconds from the window's load event. Please make sure it has an appropriate `as` value and it is preloaded intentionally. @ http://localhost:3000/:0
[13625833ms] [WARNING] The resource https://i.ytimg.com/vi/haisvt45Kdc/maxresdefault.jpg was preloaded using link preload but not used within a few seconds from the window's load event. Please make sure it has an appropriate `as` value and it is preloaded intentionally. @ http://localhost:3000/:0
[13625833ms] [WARNING] The resource https://i.ytimg.com/vi/VKeF820DlGU/maxresdefault.jpg was preloaded using link preload but not used within a few seconds from the window's load event. Please make sure it has an appropriate `as` value and it is preloaded intentionally. @ http://localhost:3000/:0
[13649361ms] [WARNING] The resource https://i.ytimg.com/vi/732dkRJZOLE/maxresdefault.jpg was preloaded using link preload but not used within a few seconds from the window's load event. Please make sure it has an appropriate `as` value and it is preloaded intentionally. @ http://localhost:3000/:0
[13649361ms] [WARNING] The resource https://i.ytimg.com/vi/-KnzDx8UV5M/maxresdefault.jpg was preloaded using link preload but not used within a few seconds from the window's load event. Please make sure it has an appropriate `as` value and it is preloaded intentionally. @ http://localhost:3000/:0
[13649361ms] [WARNING] The resource https://i.ytimg.com/vi/cXFQuxZF61Q/maxresdefault.jpg was preloaded using link preload but not used within a few seconds from the window's load event. Please make sure it has an appropriate `as` value and it is preloaded intentionally. @ http://localhost:3000/:0
[13649361ms] [WARNING] The resource https://i.ytimg.com/vi/haisvt45Kdc/maxresdefault.jpg was preloaded using link preload but not used within a few seconds from the window's load event. Please make sure it has an appropriate `as` value and it is preloaded intentionally. @ http://localhost:3000/:0
[13649361ms] [WARNING] The resource https://i.ytimg.com/vi/VKeF820DlGU/maxresdefault.jpg was preloaded using link preload but not used within a few seconds from the window's load event. Please make sure it has an appropriate `as` value and it is preloaded intentionally. @ http://localhost:3000/:0
[13653871ms] [LOG] [Fast Refresh] rebuilding @ http://localhost:3000/_next/static/chunks/node_modules_next_dist_f3530cac._.js:2297
[13653893ms] [LOG] [Fast Refresh] done in 135ms @ http://localhost:3000/_next/static/chunks/node_modules_next_dist_f3530cac._.js:2297
[13661250ms] [WARNING] The resource https://i.ytimg.com/vi/732dkRJZOLE/maxresdefault.jpg was preloaded using link preload but not used within a few seconds from the window's load event. Please make sure it has an appropriate `as` value and it is preloaded intentionally. @ http://localhost:3000/:0
[13661250ms] [WARNING] The resource https://i.ytimg.com/vi/-KnzDx8UV5M/maxresdefault.jpg was preloaded using link preload but not used within a few seconds from the window's load event. Please make sure it has an appropriate `as` value and it is preloaded intentionally. @ http://localhost:3000/:0
[13661250ms] [WARNING] The resource https://i.ytimg.com/vi/cXFQuxZF61Q/maxresdefault.jpg was preloaded using link preload but not used within a few seconds from the window's load event. Please make sure it has an appropriate `as` value and it is preloaded intentionally. @ http://localhost:3000/:0
[13661250ms] [WARNING] The resource https://i.ytimg.com/vi/haisvt45Kdc/maxresdefault.jpg was preloaded using link preload but not used within a few seconds from the window's load event. Please make sure it has an appropriate `as` value and it is preloaded intentionally. @ http://localhost:3000/:0
[13661250ms] [WARNING] The resource https://i.ytimg.com/vi/VKeF820DlGU/maxresdefault.jpg was preloaded using link preload but not used within a few seconds from the window's load event. Please make sure it has an appropriate `as` value and it is preloaded intentionally. @ http://localhost:3000/:0
[13684772ms] [WARNING] The resource https://i.ytimg.com/vi/732dkRJZOLE/maxresdefault.jpg was preloaded using link preload but not used within a few seconds from the window's load event. Please make sure it has an appropriate `as` value and it is preloaded intentionally. @ http://localhost:3000/:0
[13684772ms] [WARNING] The resource https://i.ytimg.com/vi/-KnzDx8UV5M/maxresdefault.jpg was preloaded using link preload but not used within a few seconds from the window's load event. Please make sure it has an appropriate `as` value and it is preloaded intentionally. @ http://localhost:3000/:0
[13684772ms] [WARNING] The resource https://i.ytimg.com/vi/cXFQuxZF61Q/maxresdefault.jpg was preloaded using link preload but not used within a few seconds from the window's load event. Please make sure it has an appropriate `as` value and it is preloaded intentionally. @ http://localhost:3000/:0
[13684772ms] [WARNING] The resource https://i.ytimg.com/vi/haisvt45Kdc/maxresdefault.jpg was preloaded using link preload but not used within a few seconds from the window's load event. Please make sure it has an appropriate `as` value and it is preloaded intentionally. @ http://localhost:3000/:0
[13684772ms] [WARNING] The resource https://i.ytimg.com/vi/VKeF820DlGU/maxresdefault.jpg was preloaded using link preload but not used within a few seconds from the window's load event. Please make sure it has an appropriate `as` value and it is preloaded intentionally. @ http://localhost:3000/:0
[13696698ms] [WARNING] The resource https://i.ytimg.com/vi/732dkRJZOLE/maxresdefault.jpg was preloaded using link preload but not used within a few seconds from the window's load event. Please make sure it has an appropriate `as` value and it is preloaded intentionally. @ http://localhost:3000/:0
[13696698ms] [WARNING] The resource https://i.ytimg.com/vi/-KnzDx8UV5M/maxresdefault.jpg was preloaded using link preload but not used within a few seconds from the window's load event. Please make sure it has an appropriate `as` value and it is preloaded intentionally. @ http://localhost:3000/:0
[13696698ms] [WARNING] The resource https://i.ytimg.com/vi/cXFQuxZF61Q/maxresdefault.jpg was preloaded using link preload but not used within a few seconds from the window's load event. Please make sure it has an appropriate `as` value and it is preloaded intentionally. @ http://localhost:3000/:0
[13696698ms] [WARNING] The resource https://i.ytimg.com/vi/haisvt45Kdc/maxresdefault.jpg was preloaded using link preload but not used within a few seconds from the window's load event. Please make sure it has an appropriate `as` value and it is preloaded intentionally. @ http://localhost:3000/:0
[13696698ms] [WARNING] The resource https://i.ytimg.com/vi/VKeF820DlGU/maxresdefault.jpg was preloaded using link preload but not used within a few seconds from the window's load event. Please make sure it has an appropriate `as` value and it is preloaded intentionally. @ http://localhost:3000/:0
[13720235ms] [WARNING] The resource https://i.ytimg.com/vi/732dkRJZOLE/maxresdefault.jpg was preloaded using link preload but not used within a few seconds from the window's load event. Please make sure it has an appropriate `as` value and it is preloaded intentionally. @ http://localhost:3000/:0
[13720235ms] [WARNING] The resource https://i.ytimg.com/vi/-KnzDx8UV5M/maxresdefault.jpg was preloaded using link preload but not used within a few seconds from the window's load event. Please make sure it has an appropriate `as` value and it is preloaded intentionally. @ http://localhost:3000/:0
[13720235ms] [WARNING] The resource https://i.ytimg.com/vi/cXFQuxZF61Q/maxresdefault.jpg was preloaded using link preload but not used within a few seconds from the window's load event. Please make sure it has an appropriate `as` value and it is preloaded intentionally. @ http://localhost:3000/:0
[13720235ms] [WARNING] The resource https://i.ytimg.com/vi/haisvt45Kdc/maxresdefault.jpg was preloaded using link preload but not used within a few seconds from the window's load event. Please make sure it has an appropriate `as` value and it is preloaded intentionally. @ http://localhost:3000/:0
[13720235ms] [WARNING] The resource https://i.ytimg.com/vi/VKeF820DlGU/maxresdefault.jpg was preloaded using link preload but not used within a few seconds from the window's load event. Please make sure it has an appropriate `as` value and it is preloaded intentionally. @ http://localhost:3000/:0
[13732174ms] [WARNING] The resource https://i.ytimg.com/vi/732dkRJZOLE/maxresdefault.jpg was preloaded using link preload but not used within a few seconds from the window's load event. Please make sure it has an appropriate `as` value and it is preloaded intentionally. @ http://localhost:3000/:0
[13732174ms] [WARNING] The resource https://i.ytimg.com/vi/-KnzDx8UV5M/maxresdefault.jpg was preloaded using link preload but not used within a few seconds from the window's load event. Please make sure it has an appropriate `as` value and it is preloaded intentionally. @ http://localhost:3000/:0
[13732174ms] [WARNING] The resource https://i.ytimg.com/vi/cXFQuxZF61Q/maxresdefault.jpg was preloaded using link preload but not used within a few seconds from the window's load event. Please make sure it has an appropriate `as` value and it is preloaded intentionally. @ http://localhost:3000/:0
[13732174ms] [WARNING] The resource https://i.ytimg.com/vi/haisvt45Kdc/maxresdefault.jpg was preloaded using link preload but not used within a few seconds from the window's load event. Please make sure it has an appropriate `as` value and it is preloaded intentionally. @ http://localhost:3000/:0
[13732174ms] [WARNING] The resource https://i.ytimg.com/vi/VKeF820DlGU/maxresdefault.jpg was preloaded using link preload but not used within a few seconds from the window's load event. Please make sure it has an appropriate `as` value and it is preloaded intentionally. @ http://localhost:3000/:0
[13755675ms] [WARNING] The resource https://i.ytimg.com/vi/732dkRJZOLE/maxresdefault.jpg was preloaded using link preload but not used within a few seconds from the window's load event. Please make sure it has an appropriate `as` value and it is preloaded intentionally. @ http://localhost:3000/:0
[13755676ms] [WARNING] The resource https://i.ytimg.com/vi/-KnzDx8UV5M/maxresdefault.jpg was preloaded using link preload but not used within a few seconds from the window's load event. Please make sure it has an appropriate `as` value and it is preloaded intentionally. @ http://localhost:3000/:0
[13755676ms] [WARNING] The resource https://i.ytimg.com/vi/cXFQuxZF61Q/maxresdefault.jpg was preloaded using link preload but not used within a few seconds from the window's load event. Please make sure it has an appropriate `as` value and it is preloaded intentionally. @ http://localhost:3000/:0
[13755676ms] [WARNING] The resource https://i.ytimg.com/vi/haisvt45Kdc/maxresdefault.jpg was preloaded using link preload but not used within a few seconds from the window's load event. Please make sure it has an appropriate `as` value and it is preloaded intentionally. @ http://localhost:3000/:0
[13755676ms] [WARNING] The resource https://i.ytimg.com/vi/VKeF820DlGU/maxresdefault.jpg was preloaded using link preload but not used within a few seconds from the window's load event. Please make sure it has an appropriate `as` value and it is preloaded intentionally. @ http://localhost:3000/:0
[13767623ms] [WARNING] The resource https://i.ytimg.com/vi/732dkRJZOLE/maxresdefault.jpg was preloaded using link preload but not used within a few seconds from the window's load event. Please make sure it has an appropriate `as` value and it is preloaded intentionally. @ http://localhost:3000/:0
[13767623ms] [WARNING] The resource https://i.ytimg.com/vi/-KnzDx8UV5M/maxresdefault.jpg was preloaded using link preload but not used within a few seconds from the window's load event. Please make sure it has an appropriate `as` value and it is preloaded intentionally. @ http://localhost:3000/:0
[13767623ms] [WARNING] The resource https://i.ytimg.com/vi/cXFQuxZF61Q/maxresdefault.jpg was preloaded using link preload but not used within a few seconds from the window's load event. Please make sure it has an appropriate `as` value and it is preloaded intentionally. @ http://localhost:3000/:0
[13767623ms] [WARNING] The resource https://i.ytimg.com/vi/haisvt45Kdc/maxresdefault.jpg was preloaded using link preload but not used within a few seconds from the window's load event. Please make sure it has an appropriate `as` value and it is preloaded intentionally. @ http://localhost:3000/:0
[13767623ms] [WARNING] The resource https://i.ytimg.com/vi/VKeF820DlGU/maxresdefault.jpg was preloaded using link preload but not used within a few seconds from the window's load event. Please make sure it has an appropriate `as` value and it is preloaded intentionally. @ http://localhost:3000/:0
[13791113ms] [WARNING] The resource https://i.ytimg.com/vi/732dkRJZOLE/maxresdefault.jpg was preloaded using link preload but not used within a few seconds from the window's load event. Please make sure it has an appropriate `as` value and it is preloaded intentionally. @ http://localhost:3000/:0
[13791113ms] [WARNING] The resource https://i.ytimg.com/vi/-KnzDx8UV5M/maxresdefault.jpg was preloaded using link preload but not used within a few seconds from the window's load event. Please make sure it has an appropriate `as` value and it is preloaded intentionally. @ http://localhost:3000/:0
[13791113ms] [WARNING] The resource https://i.ytimg.com/vi/cXFQuxZF61Q/maxresdefault.jpg was preloaded using link preload but not used within a few seconds from the window's load event. Please make sure it has an appropriate `as` value and it is preloaded intentionally. @ http://localhost:3000/:0
[13791113ms] [WARNING] The resource https://i.ytimg.com/vi/haisvt45Kdc/maxresdefault.jpg was preloaded using link preload but not used within a few seconds from the window's load event. Please make sure it has an appropriate `as` value and it is preloaded intentionally. @ http://localhost:3000/:0
[13791113ms] [WARNING] The resource https://i.ytimg.com/vi/VKeF820DlGU/maxresdefault.jpg was preloaded using link preload but not used within a few seconds from the window's load event. Please make sure it has an appropriate `as` value and it is preloaded intentionally. @ http://localhost:3000/:0
[13803064ms] [WARNING] The resource https://i.ytimg.com/vi/732dkRJZOLE/maxresdefault.jpg was preloaded using link preload but not used within a few seconds from the window's load event. Please make sure it has an appropriate `as` value and it is preloaded intentionally. @ http://localhost:3000/:0
[13803064ms] [WARNING] The resource https://i.ytimg.com/vi/-KnzDx8UV5M/maxresdefault.jpg was preloaded using link preload but not used within a few seconds from the window's load event. Please make sure it has an appropriate `as` value and it is preloaded intentionally. @ http://localhost:3000/:0
[13803064ms] [WARNING] The resource https://i.ytimg.com/vi/cXFQuxZF61Q/maxresdefault.jpg was preloaded using link preload but not used within a few seconds from the window's load event. Please make sure it has an appropriate `as` value and it is preloaded intentionally. @ http://localhost:3000/:0
[13803064ms] [WARNING] The resource https://i.ytimg.com/vi/haisvt45Kdc/maxresdefault.jpg was preloaded using link preload but not used within a few seconds from the window's load event. Please make sure it has an appropriate `as` value and it is preloaded intentionally. @ http://localhost:3000/:0
[13803064ms] [WARNING] The resource https://i.ytimg.com/vi/VKeF820DlGU/maxresdefault.jpg was preloaded using link preload but not used within a few seconds from the window's load event. Please make sure it has an appropriate `as` value and it is preloaded intentionally. @ http://localhost:3000/:0
[13826554ms] [WARNING] The resource https://i.ytimg.com/vi/732dkRJZOLE/maxresdefault.jpg was preloaded using link preload but not used within a few seconds from the window's load event. Please make sure it has an appropriate `as` value and it is preloaded intentionally. @ http://localhost:3000/:0
[13826554ms] [WARNING] The resource https://i.ytimg.com/vi/-KnzDx8UV5M/maxresdefault.jpg was preloaded using link preload but not used within a few seconds from the window's load event. Please make sure it has an appropriate `as` value and it is preloaded intentionally. @ http://localhost:3000/:0
[13826554ms] [WARNING] The resource https://i.ytimg.com/vi/cXFQuxZF61Q/maxresdefault.jpg was preloaded using link preload but not used within a few seconds from the window's load event. Please make sure it has an appropriate `as` value and it is preloaded intentionally. @ http://localhost:3000/:0
[13826554ms] [WARNING] The resource https://i.ytimg.com/vi/haisvt45Kdc/maxresdefault.jpg was preloaded using link preload but not used within a few seconds from the window's load event. Please make sure it has an appropriate `as` value and it is preloaded intentionally. @ http://localhost:3000/:0
[13826554ms] [WARNING] The resource https://i.ytimg.com/vi/VKeF820DlGU/maxresdefault.jpg was preloaded using link preload but not used within a few seconds from the window's load event. Please make sure it has an appropriate `as` value and it is preloaded intentionally. @ http://localhost:3000/:0
[13838480ms] [WARNING] The resource https://i.ytimg.com/vi/732dkRJZOLE/maxresdefault.jpg was preloaded using link preload but not used within a few seconds from the window's load event. Please make sure it has an appropriate `as` value and it is preloaded intentionally. @ http://localhost:3000/:0
[13838480ms] [WARNING] The resource https://i.ytimg.com/vi/-KnzDx8UV5M/maxresdefault.jpg was preloaded using link preload but not used within a few seconds from the window's load event. Please make sure it has an appropriate `as` value and it is preloaded intentionally. @ http://localhost:3000/:0
[13838480ms] [WARNING] The resource https://i.ytimg.com/vi/cXFQuxZF61Q/maxresdefault.jpg was preloaded using link preload but not used within a few seconds from the window's load event. Please make sure it has an appropriate `as` value and it is preloaded intentionally. @ http://localhost:3000/:0
[13838480ms] [WARNING] The resource https://i.ytimg.com/vi/haisvt45Kdc/maxresdefault.jpg was preloaded using link preload but not used within a few seconds from the window's load event. Please make sure it has an appropriate `as` value and it is preloaded intentionally. @ http://localhost:3000/:0
[13838480ms] [WARNING] The resource https://i.ytimg.com/vi/VKeF820DlGU/maxresdefault.jpg was preloaded using link preload but not used within a few seconds from the window's load event. Please make sure it has an appropriate `as` value and it is preloaded intentionally. @ http://localhost:3000/:0
[13862007ms] [WARNING] The resource https://i.ytimg.com/vi/732dkRJZOLE/maxresdefault.jpg was preloaded using link preload but not used within a few seconds from the window's load event. Please make sure it has an appropriate `as` value and it is preloaded intentionally. @ http://localhost:3000/:0
[13862008ms] [WARNING] The resource https://i.ytimg.com/vi/-KnzDx8UV5M/maxresdefault.jpg was preloaded using link preload but not used within a few seconds from the window's load event. Please make sure it has an appropriate `as` value and it is preloaded intentionally. @ http://localhost:3000/:0
[13862008ms] [WARNING] The resource https://i.ytimg.com/vi/cXFQuxZF61Q/maxresdefault.jpg was preloaded using link preload but not used within a few seconds from the window's load event. Please make sure it has an appropriate `as` value and it is preloaded intentionally. @ http://localhost:3000/:0
[13862008ms] [WARNING] The resource https://i.ytimg.com/vi/haisvt45Kdc/maxresdefault.jpg was preloaded using link preload but not used within a few seconds from the window's load event. Please make sure it has an appropriate `as` value and it is preloaded intentionally. @ http://localhost:3000/:0
[13862008ms] [WARNING] The resource https://i.ytimg.com/vi/VKeF820DlGU/maxresdefault.jpg was preloaded using link preload but not used within a few seconds from the window's load event. Please make sure it has an appropriate `as` value and it is preloaded intentionally. @ http://localhost:3000/:0
[13873979ms] [WARNING] The resource https://i.ytimg.com/vi/732dkRJZOLE/maxresdefault.jpg was preloaded using link preload but not used within a few seconds from the window's load event. Please make sure it has an appropriate `as` value and it is preloaded intentionally. @ http://localhost:3000/:0
[13873979ms] [WARNING] The resource https://i.ytimg.com/vi/-KnzDx8UV5M/maxresdefault.jpg was preloaded using link preload but not used within a few seconds from the window's load event. Please make sure it has an appropriate `as` value and it is preloaded intentionally. @ http://localhost:3000/:0
[13873979ms] [WARNING] The resource https://i.ytimg.com/vi/cXFQuxZF61Q/maxresdefault.jpg was preloaded using link preload but not used within a few seconds from the window's load event. Please make sure it has an appropriate `as` value and it is preloaded intentionally. @ http://localhost:3000/:0
[13873979ms] [WARNING] The resource https://i.ytimg.com/vi/haisvt45Kdc/maxresdefault.jpg was preloaded using link preload but not used within a few seconds from the window's load event. Please make sure it has an appropriate `as` value and it is preloaded intentionally. @ http://localhost:3000/:0
[13873979ms] [WARNING] The resource https://i.ytimg.com/vi/VKeF820DlGU/maxresdefault.jpg was preloaded using link preload but not used within a few seconds from the window's load event. Please make sure it has an appropriate `as` value and it is preloaded intentionally. @ http://localhost:3000/:0
[13897458ms] [WARNING] The resource https://i.ytimg.com/vi/732dkRJZOLE/maxresdefault.jpg was preloaded using link preload but not used within a few seconds from the window's load event. Please make sure it has an appropriate `as` value and it is preloaded intentionally. @ http://localhost:3000/:0
[13897458ms] [WARNING] The resource https://i.ytimg.com/vi/-KnzDx8UV5M/maxresdefault.jpg was preloaded using link preload but not used within a few seconds from the window's load event. Please make sure it has an appropriate `as` value and it is preloaded intentionally. @ http://localhost:3000/:0
[13897458ms] [WARNING] The resource https://i.ytimg.com/vi/cXFQuxZF61Q/maxresdefault.jpg was preloaded using link preload but not used within a few seconds from the window's load event. Please make sure it has an appropriate `as` value and it is preloaded intentionally. @ http://localhost:3000/:0
[13897458ms] [WARNING] The resource https://i.ytimg.com/vi/haisvt45Kdc/maxresdefault.jpg was preloaded using link preload but not used within a few seconds from the window's load event. Please make sure it has an appropriate `as` value and it is preloaded intentionally. @ http://localhost:3000/:0
[13897458ms] [WARNING] The resource https://i.ytimg.com/vi/VKeF820DlGU/maxresdefault.jpg was preloaded using link preload but not used within a few seconds from the window's load event. Please make sure it has an appropriate `as` value and it is preloaded intentionally. @ http://localhost:3000/:0
[13909379ms] [WARNING] The resource https://i.ytimg.com/vi/732dkRJZOLE/maxresdefault.jpg was preloaded using link preload but not used within a few seconds from the window's load event. Please make sure it has an appropriate `as` value and it is preloaded intentionally. @ http://localhost:3000/:0
[13909380ms] [WARNING] The resource https://i.ytimg.com/vi/-KnzDx8UV5M/maxresdefault.jpg was preloaded using link preload but not used within a few seconds from the window's load event. Please make sure it has an appropriate `as` value and it is preloaded intentionally. @ http://localhost:3000/:0
[13909380ms] [WARNING] The resource https://i.ytimg.com/vi/cXFQuxZF61Q/maxresdefault.jpg was preloaded using link preload but not used within a few seconds from the window's load event. Please make sure it has an appropriate `as` value and it is preloaded intentionally. @ http://localhost:3000/:0
[13909380ms] [WARNING] The resource https://i.ytimg.com/vi/haisvt45Kdc/maxresdefault.jpg was preloaded using link preload but not used within a few seconds from the window's load event. Please make sure it has an appropriate `as` value and it is preloaded intentionally. @ http://localhost:3000/:0
[13909380ms] [WARNING] The resource https://i.ytimg.com/vi/VKeF820DlGU/maxresdefault.jpg was preloaded using link preload but not used within a few seconds from the window's load event. Please make sure it has an appropriate `as` value and it is preloaded intentionally. @ http://localhost:3000/:0
[13932920ms] [WARNING] The resource https://i.ytimg.com/vi/732dkRJZOLE/maxresdefault.jpg was preloaded using link preload but not used within a few seconds from the window's load event. Please make sure it has an appropriate `as` value and it is preloaded intentionally. @ http://localhost:3000/:0
[13932920ms] [WARNING] The resource https://i.ytimg.com/vi/-KnzDx8UV5M/maxresdefault.jpg was preloaded using link preload but not used within a few seconds from the window's load event. Please make sure it has an appropriate `as` value and it is preloaded intentionally. @ http://localhost:3000/:0
[13932920ms] [WARNING] The resource https://i.ytimg.com/vi/cXFQuxZF61Q/maxresdefault.jpg was preloaded using link preload but not used within a few seconds from the window's load event. Please make sure it has an appropriate `as` value and it is preloaded intentionally. @ http://localhost:3000/:0
[13932920ms] [WARNING] The resource https://i.ytimg.com/vi/haisvt45Kdc/maxresdefault.jpg was preloaded using link preload but not used within a few seconds from the window's load event. Please make sure it has an appropriate `as` value and it is preloaded intentionally. @ http://localhost:3000/:0
[13932921ms] [WARNING] The resource https://i.ytimg.com/vi/VKeF820DlGU/maxresdefault.jpg was preloaded using link preload but not used within a few seconds from the window's load event. Please make sure it has an appropriate `as` value and it is preloaded intentionally. @ http://localhost:3000/:0
[13944858ms] [WARNING] The resource https://i.ytimg.com/vi/732dkRJZOLE/maxresdefault.jpg was preloaded using link preload but not used within a few seconds from the window's load event. Please make sure it has an appropriate `as` value and it is preloaded intentionally. @ http://localhost:3000/:0
[13944858ms] [WARNING] The resource https://i.ytimg.com/vi/-KnzDx8UV5M/maxresdefault.jpg was preloaded using link preload but not used within a few seconds from the window's load event. Please make sure it has an appropriate `as` value and it is preloaded intentionally. @ http://localhost:3000/:0
[13944858ms] [WARNING] The resource https://i.ytimg.com/vi/cXFQuxZF61Q/maxresdefault.jpg was preloaded using link preload but not used within a few seconds from the window's load event. Please make sure it has an appropriate `as` value and it is preloaded intentionally. @ http://localhost:3000/:0
[13944858ms] [WARNING] The resource https://i.ytimg.com/vi/haisvt45Kdc/maxresdefault.jpg was preloaded using link preload but not used within a few seconds from the window's load event. Please make sure it has an appropriate `as` value and it is preloaded intentionally. @ http://localhost:3000/:0
[13944858ms] [WARNING] The resource https://i.ytimg.com/vi/VKeF820DlGU/maxresdefault.jpg was preloaded using link preload but not used within a few seconds from the window's load event. Please make sure it has an appropriate `as` value and it is preloaded intentionally. @ http://localhost:3000/:0
[13968359ms] [WARNING] The resource https://i.ytimg.com/vi/732dkRJZOLE/maxresdefault.jpg was preloaded using link preload but not used within a few seconds from the window's load event. Please make sure it has an appropriate `as` value and it is preloaded intentionally. @ http://localhost:3000/:0
[13968359ms] [WARNING] The resource https://i.ytimg.com/vi/-KnzDx8UV5M/maxresdefault.jpg was preloaded using link preload but not used within a few seconds from the window's load event. Please make sure it has an appropriate `as` value and it is preloaded intentionally. @ http://localhost:3000/:0
[13968359ms] [WARNING] The resource https://i.ytimg.com/vi/cXFQuxZF61Q/maxresdefault.jpg was preloaded using link preload but not used within a few seconds from the window's load event. Please make sure it has an appropriate `as` value and it is preloaded intentionally. @ http://localhost:3000/:0
[13968359ms] [WARNING] The resource https://i.ytimg.com/vi/haisvt45Kdc/maxresdefault.jpg was preloaded using link preload but not used within a few seconds from the window's load event. Please make sure it has an appropriate `as` value and it is preloaded intentionally. @ http://localhost:3000/:0
[13968359ms] [WARNING] The resource https://i.ytimg.com/vi/VKeF820DlGU/maxresdefault.jpg was preloaded using link preload but not used within a few seconds from the window's load event. Please make sure it has an appropriate `as` value and it is preloaded intentionally. @ http://localhost:3000/:0
[13980300ms] [WARNING] The resource https://i.ytimg.com/vi/732dkRJZOLE/maxresdefault.jpg was preloaded using link preload but not used within a few seconds from the window's load event. Please make sure it has an appropriate `as` value and it is preloaded intentionally. @ http://localhost:3000/:0
[13980300ms] [WARNING] The resource https://i.ytimg.com/vi/-KnzDx8UV5M/maxresdefault.jpg was preloaded using link preload but not used within a few seconds from the window's load event. Please make sure it has an appropriate `as` value and it is preloaded intentionally. @ http://localhost:3000/:0
[13980300ms] [WARNING] The resource https://i.ytimg.com/vi/cXFQuxZF61Q/maxresdefault.jpg was preloaded using link preload but not used within a few seconds from the window's load event. Please make sure it has an appropriate `as` value and it is preloaded intentionally. @ http://localhost:3000/:0
[13980300ms] [WARNING] The resource https://i.ytimg.com/vi/haisvt45Kdc/maxresdefault.jpg was preloaded using link preload but not used within a few seconds from the window's load event. Please make sure it has an appropriate `as` value and it is preloaded intentionally. @ http://localhost:3000/:0
[13980300ms] [WARNING] The resource https://i.ytimg.com/vi/VKeF820DlGU/maxresdefault.jpg was preloaded using link preload but not used within a few seconds from the window's load event. Please make sure it has an appropriate `as` value and it is preloaded intentionally. @ http://localhost:3000/:0
[14003794ms] [WARNING] The resource https://i.ytimg.com/vi/732dkRJZOLE/maxresdefault.jpg was preloaded using link preload but not used within a few seconds from the window's load event. Please make sure it has an appropriate `as` value and it is preloaded intentionally. @ http://localhost:3000/:0
[14003795ms] [WARNING] The resource https://i.ytimg.com/vi/-KnzDx8UV5M/maxresdefault.jpg was preloaded using link preload but not used within a few seconds from the window's load event. Please make sure it has an appropriate `as` value and it is preloaded intentionally. @ http://localhost:3000/:0
[14003795ms] [WARNING] The resource https://i.ytimg.com/vi/cXFQuxZF61Q/maxresdefault.jpg was preloaded using link preload but not used within a few seconds from the window's load event. Please make sure it has an appropriate `as` value and it is preloaded intentionally. @ http://localhost:3000/:0
[14003795ms] [WARNING] The resource https://i.ytimg.com/vi/haisvt45Kdc/maxresdefault.jpg was preloaded using link preload but not used within a few seconds from the window's load event. Please make sure it has an appropriate `as` value and it is preloaded intentionally. @ http://localhost:3000/:0
[14003795ms] [WARNING] The resource https://i.ytimg.com/vi/VKeF820DlGU/maxresdefault.jpg was preloaded using link preload but not used within a few seconds from the window's load event. Please make sure it has an appropriate `as` value and it is preloaded intentionally. @ http://localhost:3000/:0
[14015728ms] [WARNING] The resource https://i.ytimg.com/vi/732dkRJZOLE/maxresdefault.jpg was preloaded using link preload but not used within a few seconds from the window's load event. Please make sure it has an appropriate `as` value and it is preloaded intentionally. @ http://localhost:3000/:0
[14015728ms] [WARNING] The resource https://i.ytimg.com/vi/-KnzDx8UV5M/maxresdefault.jpg was preloaded using link preload but not used within a few seconds from the window's load event. Please make sure it has an appropriate `as` value and it is preloaded intentionally. @ http://localhost:3000/:0
[14015728ms] [WARNING] The resource https://i.ytimg.com/vi/cXFQuxZF61Q/maxresdefault.jpg was preloaded using link preload but not used within a few seconds from the window's load event. Please make sure it has an appropriate `as` value and it is preloaded intentionally. @ http://localhost:3000/:0
[14015728ms] [WARNING] The resource https://i.ytimg.com/vi/haisvt45Kdc/maxresdefault.jpg was preloaded using link preload but not used within a few seconds from the window's load event. Please make sure it has an appropriate `as` value and it is preloaded intentionally. @ http://localhost:3000/:0
[14015728ms] [WARNING] The resource https://i.ytimg.com/vi/VKeF820DlGU/maxresdefault.jpg was preloaded using link preload but not used within a few seconds from the window's load event. Please make sure it has an appropriate `as` value and it is preloaded intentionally. @ http://localhost:3000/:0
[14034965ms] [LOG] [Fast Refresh] rebuilding @ http://localhost:3000/_next/static/chunks/node_modules_next_dist_f3530cac._.js:2297
[14035187ms] [LOG] [Fast Refresh] done in 326ms @ http://localhost:3000/_next/static/chunks/node_modules_next_dist_f3530cac._.js:2297
[14035839ms] [LOG] [Fast Refresh] rebuilding @ http://localhost:3000/_next/static/chunks/node_modules_next_dist_f3530cac._.js:2297
[14035855ms] [LOG] [Fast Refresh] done in 117ms @ http://localhost:3000/_next/static/chunks/node_modules_next_dist_f3530cac._.js:2297
[14039355ms] [WARNING] The resource https://i.ytimg.com/vi/732dkRJZOLE/maxresdefault.jpg was preloaded using link preload but not used within a few seconds from the window's load event. Please make sure it has an appropriate `as` value and it is preloaded intentionally. @ http://localhost:3000/:0
[14039355ms] [WARNING] The resource https://i.ytimg.com/vi/-KnzDx8UV5M/maxresdefault.jpg was preloaded using link preload but not used within a few seconds from the window's load event. Please make sure it has an appropriate `as` value and it is preloaded intentionally. @ http://localhost:3000/:0
[14039355ms] [WARNING] The resource https://i.ytimg.com/vi/cXFQuxZF61Q/maxresdefault.jpg was preloaded using link preload but not used within a few seconds from the window's load event. Please make sure it has an appropriate `as` value and it is preloaded intentionally. @ http://localhost:3000/:0
[14039355ms] [WARNING] The resource https://i.ytimg.com/vi/haisvt45Kdc/maxresdefault.jpg was preloaded using link preload but not used within a few seconds from the window's load event. Please make sure it has an appropriate `as` value and it is preloaded intentionally. @ http://localhost:3000/:0
[14039355ms] [WARNING] The resource https://i.ytimg.com/vi/VKeF820DlGU/maxresdefault.jpg was preloaded using link preload but not used within a few seconds from the window's load event. Please make sure it has an appropriate `as` value and it is preloaded intentionally. @ http://localhost:3000/:0
[14051233ms] [WARNING] The resource https://i.ytimg.com/vi/732dkRJZOLE/maxresdefault.jpg was preloaded using link preload but not used within a few seconds from the window's load event. Please make sure it has an appropriate `as` value and it is preloaded intentionally. @ http://localhost:3000/:0
[14051233ms] [WARNING] The resource https://i.ytimg.com/vi/-KnzDx8UV5M/maxresdefault.jpg was preloaded using link preload but not used within a few seconds from the window's load event. Please make sure it has an appropriate `as` value and it is preloaded intentionally. @ http://localhost:3000/:0
[14051233ms] [WARNING] The resource https://i.ytimg.com/vi/cXFQuxZF61Q/maxresdefault.jpg was preloaded using link preload but not used within a few seconds from the window's load event. Please make sure it has an appropriate `as` value and it is preloaded intentionally. @ http://localhost:3000/:0
[14051233ms] [WARNING] The resource https://i.ytimg.com/vi/haisvt45Kdc/maxresdefault.jpg was preloaded using link preload but not used within a few seconds from the window's load event. Please make sure it has an appropriate `as` value and it is preloaded intentionally. @ http://localhost:3000/:0
[14051233ms] [WARNING] The resource https://i.ytimg.com/vi/VKeF820DlGU/maxresdefault.jpg was preloaded using link preload but not used within a few seconds from the window's load event. Please make sure it has an appropriate `as` value and it is preloaded intentionally. @ http://localhost:3000/:0
[14074738ms] [WARNING] The resource https://i.ytimg.com/vi/732dkRJZOLE/maxresdefault.jpg was preloaded using link preload but not used within a few seconds from the window's load event. Please make sure it has an appropriate `as` value and it is preloaded intentionally. @ http://localhost:3000/:0
[14074739ms] [WARNING] The resource https://i.ytimg.com/vi/-KnzDx8UV5M/maxresdefault.jpg was preloaded using link preload but not used within a few seconds from the window's load event. Please make sure it has an appropriate `as` value and it is preloaded intentionally. @ http://localhost:3000/:0
[14074739ms] [WARNING] The resource https://i.ytimg.com/vi/cXFQuxZF61Q/maxresdefault.jpg was preloaded using link preload but not used within a few seconds from the window's load event. Please make sure it has an appropriate `as` value and it is preloaded intentionally. @ http://localhost:3000/:0
[14074739ms] [WARNING] The resource https://i.ytimg.com/vi/haisvt45Kdc/maxresdefault.jpg was preloaded using link preload but not used within a few seconds from the window's load event. Please make sure it has an appropriate `as` value and it is preloaded intentionally. @ http://localhost:3000/:0
[14074739ms] [WARNING] The resource https://i.ytimg.com/vi/VKeF820DlGU/maxresdefault.jpg was preloaded using link preload but not used within a few seconds from the window's load event. Please make sure it has an appropriate `as` value and it is preloaded intentionally. @ http://localhost:3000/:0
[14086683ms] [WARNING] The resource https://i.ytimg.com/vi/732dkRJZOLE/maxresdefault.jpg was preloaded using link preload but not used within a few seconds from the window's load event. Please make sure it has an appropriate `as` value and it is preloaded intentionally. @ http://localhost:3000/:0
[14086683ms] [WARNING] The resource https://i.ytimg.com/vi/-KnzDx8UV5M/maxresdefault.jpg was preloaded using link preload but not used within a few seconds from the window's load event. Please make sure it has an appropriate `as` value and it is preloaded intentionally. @ http://localhost:3000/:0
[14086683ms] [WARNING] The resource https://i.ytimg.com/vi/cXFQuxZF61Q/maxresdefault.jpg was preloaded using link preload but not used within a few seconds from the window's load event. Please make sure it has an appropriate `as` value and it is preloaded intentionally. @ http://localhost:3000/:0
[14086683ms] [WARNING] The resource https://i.ytimg.com/vi/haisvt45Kdc/maxresdefault.jpg was preloaded using link preload but not used within a few seconds from the window's load event. Please make sure it has an appropriate `as` value and it is preloaded intentionally. @ http://localhost:3000/:0
[14086683ms] [WARNING] The resource https://i.ytimg.com/vi/VKeF820DlGU/maxresdefault.jpg was preloaded using link preload but not used within a few seconds from the window's load event. Please make sure it has an appropriate `as` value and it is preloaded intentionally. @ http://localhost:3000/:0
[14110204ms] [WARNING] The resource https://i.ytimg.com/vi/732dkRJZOLE/maxresdefault.jpg was preloaded using link preload but not used within a few seconds from the window's load event. Please make sure it has an appropriate `as` value and it is preloaded intentionally. @ http://localhost:3000/:0
[14110204ms] [WARNING] The resource https://i.ytimg.com/vi/-KnzDx8UV5M/maxresdefault.jpg was preloaded using link preload but not used within a few seconds from the window's load event. Please make sure it has an appropriate `as` value and it is preloaded intentionally. @ http://localhost:3000/:0
[14110204ms] [WARNING] The resource https://i.ytimg.com/vi/cXFQuxZF61Q/maxresdefault.jpg was preloaded using link preload but not used within a few seconds from the window's load event. Please make sure it has an appropriate `as` value and it is preloaded intentionally. @ http://localhost:3000/:0
[14110205ms] [WARNING] The resource https://i.ytimg.com/vi/haisvt45Kdc/maxresdefault.jpg was preloaded using link preload but not used within a few seconds from the window's load event. Please make sure it has an appropriate `as` value and it is preloaded intentionally. @ http://localhost:3000/:0
[14110205ms] [WARNING] The resource https://i.ytimg.com/vi/VKeF820DlGU/maxresdefault.jpg was preloaded using link preload but not used within a few seconds from the window's load event. Please make sure it has an appropriate `as` value and it is preloaded intentionally. @ http://localhost:3000/:0
[14122142ms] [WARNING] The resource https://i.ytimg.com/vi/732dkRJZOLE/maxresdefault.jpg was preloaded using link preload but not used within a few seconds from the window's load event. Please make sure it has an appropriate `as` value and it is preloaded intentionally. @ http://localhost:3000/:0
[14122142ms] [WARNING] The resource https://i.ytimg.com/vi/-KnzDx8UV5M/maxresdefault.jpg was preloaded using link preload but not used within a few seconds from the window's load event. Please make sure it has an appropriate `as` value and it is preloaded intentionally. @ http://localhost:3000/:0
[14122142ms] [WARNING] The resource https://i.ytimg.com/vi/cXFQuxZF61Q/maxresdefault.jpg was preloaded using link preload but not used within a few seconds from the window's load event. Please make sure it has an appropriate `as` value and it is preloaded intentionally. @ http://localhost:3000/:0
[14122142ms] [WARNING] The resource https://i.ytimg.com/vi/haisvt45Kdc/maxresdefault.jpg was preloaded using link preload but not used within a few seconds from the window's load event. Please make sure it has an appropriate `as` value and it is preloaded intentionally. @ http://localhost:3000/:0
[14122142ms] [WARNING] The resource https://i.ytimg.com/vi/VKeF820DlGU/maxresdefault.jpg was preloaded using link preload but not used within a few seconds from the window's load event. Please make sure it has an appropriate `as` value and it is preloaded intentionally. @ http://localhost:3000/:0
[14145637ms] [WARNING] The resource https://i.ytimg.com/vi/732dkRJZOLE/maxresdefault.jpg was preloaded using link preload but not used within a few seconds from the window's load event. Please make sure it has an appropriate `as` value and it is preloaded intentionally. @ http://localhost:3000/:0
[14145638ms] [WARNING] The resource https://i.ytimg.com/vi/-KnzDx8UV5M/maxresdefault.jpg was preloaded using link preload but not used within a few seconds from the window's load event. Please make sure it has an appropriate `as` value and it is preloaded intentionally. @ http://localhost:3000/:0
[14145638ms] [WARNING] The resource https://i.ytimg.com/vi/cXFQuxZF61Q/maxresdefault.jpg was preloaded using link preload but not used within a few seconds from the window's load event. Please make sure it has an appropriate `as` value and it is preloaded intentionally. @ http://localhost:3000/:0
[14145638ms] [WARNING] The resource https://i.ytimg.com/vi/haisvt45Kdc/maxresdefault.jpg was preloaded using link preload but not used within a few seconds from the window's load event. Please make sure it has an appropriate `as` value and it is preloaded intentionally. @ http://localhost:3000/:0
[14145638ms] [WARNING] The resource https://i.ytimg.com/vi/VKeF820DlGU/maxresdefault.jpg was preloaded using link preload but not used within a few seconds from the window's load event. Please make sure it has an appropriate `as` value and it is preloaded intentionally. @ http://localhost:3000/:0
[14157393ms] [LOG] [Fast Refresh] rebuilding @ http://localhost:3000/_next/static/chunks/node_modules_next_dist_f3530cac._.js:2297
[14157433ms] [LOG] [Fast Refresh] done in 141ms @ http://localhost:3000/_next/static/chunks/node_modules_next_dist_f3530cac._.js:2297
[14157575ms] [WARNING] The resource https://i.ytimg.com/vi/732dkRJZOLE/maxresdefault.jpg was preloaded using link preload but not used within a few seconds from the window's load event. Please make sure it has an appropriate `as` value and it is preloaded intentionally. @ http://localhost:3000/:0
[14157575ms] [WARNING] The resource https://i.ytimg.com/vi/-KnzDx8UV5M/maxresdefault.jpg was preloaded using link preload but not used within a few seconds from the window's load event. Please make sure it has an appropriate `as` value and it is preloaded intentionally. @ http://localhost:3000/:0
[14157575ms] [WARNING] The resource https://i.ytimg.com/vi/cXFQuxZF61Q/maxresdefault.jpg was preloaded using link preload but not used within a few seconds from the window's load event. Please make sure it has an appropriate `as` value and it is preloaded intentionally. @ http://localhost:3000/:0
[14157576ms] [WARNING] The resource https://i.ytimg.com/vi/haisvt45Kdc/maxresdefault.jpg was preloaded using link preload but not used within a few seconds from the window's load event. Please make sure it has an appropriate `as` value and it is preloaded intentionally. @ http://localhost:3000/:0
[14157576ms] [WARNING] The resource https://i.ytimg.com/vi/VKeF820DlGU/maxresdefault.jpg was preloaded using link preload but not used within a few seconds from the window's load event. Please make sure it has an appropriate `as` value and it is preloaded intentionally. @ http://localhost:3000/:0
[14181069ms] [WARNING] The resource https://i.ytimg.com/vi/732dkRJZOLE/maxresdefault.jpg was preloaded using link preload but not used within a few seconds from the window's load event. Please make sure it has an appropriate `as` value and it is preloaded intentionally. @ http://localhost:3000/:0
[14181069ms] [WARNING] The resource https://i.ytimg.com/vi/-KnzDx8UV5M/maxresdefault.jpg was preloaded using link preload but not used within a few seconds from the window's load event. Please make sure it has an appropriate `as` value and it is preloaded intentionally. @ http://localhost:3000/:0
[14181069ms] [WARNING] The resource https://i.ytimg.com/vi/cXFQuxZF61Q/maxresdefault.jpg was preloaded using link preload but not used within a few seconds from the window's load event. Please make sure it has an appropriate `as` value and it is preloaded intentionally. @ http://localhost:3000/:0
[14181069ms] [WARNING] The resource https://i.ytimg.com/vi/haisvt45Kdc/maxresdefault.jpg was preloaded using link preload but not used within a few seconds from the window's load event. Please make sure it has an appropriate `as` value and it is preloaded intentionally. @ http://localhost:3000/:0
[14181069ms] [WARNING] The resource https://i.ytimg.com/vi/VKeF820DlGU/maxresdefault.jpg was preloaded using link preload but not used within a few seconds from the window's load event. Please make sure it has an appropriate `as` value and it is preloaded intentionally. @ http://localhost:3000/:0
[14192993ms] [WARNING] The resource https://i.ytimg.com/vi/732dkRJZOLE/maxresdefault.jpg was preloaded using link preload but not used within a few seconds from the window's load event. Please make sure it has an appropriate `as` value and it is preloaded intentionally. @ http://localhost:3000/:0
[14192993ms] [WARNING] The resource https://i.ytimg.com/vi/-KnzDx8UV5M/maxresdefault.jpg was preloaded using link preload but not used within a few seconds from the window's load event. Please make sure it has an appropriate `as` value and it is preloaded intentionally. @ http://localhost:3000/:0
[14192993ms] [WARNING] The resource https://i.ytimg.com/vi/cXFQuxZF61Q/maxresdefault.jpg was preloaded using link preload but not used within a few seconds from the window's load event. Please make sure it has an appropriate `as` value and it is preloaded intentionally. @ http://localhost:3000/:0
[14192993ms] [WARNING] The resource https://i.ytimg.com/vi/haisvt45Kdc/maxresdefault.jpg was preloaded using link preload but not used within a few seconds from the window's load event. Please make sure it has an appropriate `as` value and it is preloaded intentionally. @ http://localhost:3000/:0
[14192993ms] [WARNING] The resource https://i.ytimg.com/vi/VKeF820DlGU/maxresdefault.jpg was preloaded using link preload but not used within a few seconds from the window's load event. Please make sure it has an appropriate `as` value and it is preloaded intentionally. @ http://localhost:3000/:0
[14216502ms] [WARNING] The resource https://i.ytimg.com/vi/732dkRJZOLE/maxresdefault.jpg was preloaded using link preload but not used within a few seconds from the window's load event. Please make sure it has an appropriate `as` value and it is preloaded intentionally. @ http://localhost:3000/:0
[14216502ms] [WARNING] The resource https://i.ytimg.com/vi/-KnzDx8UV5M/maxresdefault.jpg was preloaded using link preload but not used within a few seconds from the window's load event. Please make sure it has an appropriate `as` value and it is preloaded intentionally. @ http://localhost:3000/:0
[14216502ms] [WARNING] The resource https://i.ytimg.com/vi/cXFQuxZF61Q/maxresdefault.jpg was preloaded using link preload but not used within a few seconds from the window's load event. Please make sure it has an appropriate `as` value and it is preloaded intentionally. @ http://localhost:3000/:0
[14216502ms] [WARNING] The resource https://i.ytimg.com/vi/haisvt45Kdc/maxresdefault.jpg was preloaded using link preload but not used within a few seconds from the window's load event. Please make sure it has an appropriate `as` value and it is preloaded intentionally. @ http://localhost:3000/:0
[14216502ms] [WARNING] The resource https://i.ytimg.com/vi/VKeF820DlGU/maxresdefault.jpg was preloaded using link preload but not used within a few seconds from the window's load event. Please make sure it has an appropriate `as` value and it is preloaded intentionally. @ http://localhost:3000/:0
[14228448ms] [WARNING] The resource https://i.ytimg.com/vi/732dkRJZOLE/maxresdefault.jpg was preloaded using link preload but not used within a few seconds from the window's load event. Please make sure it has an appropriate `as` value and it is preloaded intentionally. @ http://localhost:3000/:0
[14228448ms] [WARNING] The resource https://i.ytimg.com/vi/-KnzDx8UV5M/maxresdefault.jpg was preloaded using link preload but not used within a few seconds from the window's load event. Please make sure it has an appropriate `as` value and it is preloaded intentionally. @ http://localhost:3000/:0
[14228448ms] [WARNING] The resource https://i.ytimg.com/vi/cXFQuxZF61Q/maxresdefault.jpg was preloaded using link preload but not used within a few seconds from the window's load event. Please make sure it has an appropriate `as` value and it is preloaded intentionally. @ http://localhost:3000/:0
[14228449ms] [WARNING] The resource https://i.ytimg.com/vi/haisvt45Kdc/maxresdefault.jpg was preloaded using link preload but not used within a few seconds from the window's load event. Please make sure it has an appropriate `as` value and it is preloaded intentionally. @ http://localhost:3000/:0
[14228449ms] [WARNING] The resource https://i.ytimg.com/vi/VKeF820DlGU/maxresdefault.jpg was preloaded using link preload but not used within a few seconds from the window's load event. Please make sure it has an appropriate `as` value and it is preloaded intentionally. @ http://localhost:3000/:0
[14251946ms] [WARNING] The resource https://i.ytimg.com/vi/732dkRJZOLE/maxresdefault.jpg was preloaded using link preload but not used within a few seconds from the window's load event. Please make sure it has an appropriate `as` value and it is preloaded intentionally. @ http://localhost:3000/:0
[14251946ms] [WARNING] The resource https://i.ytimg.com/vi/-KnzDx8UV5M/maxresdefault.jpg was preloaded using link preload but not used within a few seconds from the window's load event. Please make sure it has an appropriate `as` value and it is preloaded intentionally. @ http://localhost:3000/:0
[14251946ms] [WARNING] The resource https://i.ytimg.com/vi/cXFQuxZF61Q/maxresdefault.jpg was preloaded using link preload but not used within a few seconds from the window's load event. Please make sure it has an appropriate `as` value and it is preloaded intentionally. @ http://localhost:3000/:0
[14251946ms] [WARNING] The resource https://i.ytimg.com/vi/haisvt45Kdc/maxresdefault.jpg was preloaded using link preload but not used within a few seconds from the window's load event. Please make sure it has an appropriate `as` value and it is preloaded intentionally. @ http://localhost:3000/:0
[14251946ms] [WARNING] The resource https://i.ytimg.com/vi/VKeF820DlGU/maxresdefault.jpg was preloaded using link preload but not used within a few seconds from the window's load event. Please make sure it has an appropriate `as` value and it is preloaded intentionally. @ http://localhost:3000/:0
[14263891ms] [WARNING] The resource https://i.ytimg.com/vi/732dkRJZOLE/maxresdefault.jpg was preloaded using link preload but not used within a few seconds from the window's load event. Please make sure it has an appropriate `as` value and it is preloaded intentionally. @ http://localhost:3000/:0
[14263891ms] [WARNING] The resource https://i.ytimg.com/vi/-KnzDx8UV5M/maxresdefault.jpg was preloaded using link preload but not used within a few seconds from the window's load event. Please make sure it has an appropriate `as` value and it is preloaded intentionally. @ http://localhost:3000/:0
[14263891ms] [WARNING] The resource https://i.ytimg.com/vi/cXFQuxZF61Q/maxresdefault.jpg was preloaded using link preload but not used within a few seconds from the window's load event. Please make sure it has an appropriate `as` value and it is preloaded intentionally. @ http://localhost:3000/:0
[14263892ms] [WARNING] The resource https://i.ytimg.com/vi/haisvt45Kdc/maxresdefault.jpg was preloaded using link preload but not used within a few seconds from the window's load event. Please make sure it has an appropriate `as` value and it is preloaded intentionally. @ http://localhost:3000/:0
[14263892ms] [WARNING] The resource https://i.ytimg.com/vi/VKeF820DlGU/maxresdefault.jpg was preloaded using link preload but not used within a few seconds from the window's load event. Please make sure it has an appropriate `as` value and it is preloaded intentionally. @ http://localhost:3000/:0
[14287376ms] [WARNING] The resource https://i.ytimg.com/vi/732dkRJZOLE/maxresdefault.jpg was preloaded using link preload but not used within a few seconds from the window's load event. Please make sure it has an appropriate `as` value and it is preloaded intentionally. @ http://localhost:3000/:0
[14287376ms] [WARNING] The resource https://i.ytimg.com/vi/-KnzDx8UV5M/maxresdefault.jpg was preloaded using link preload but not used within a few seconds from the window's load event. Please make sure it has an appropriate `as` value and it is preloaded intentionally. @ http://localhost:3000/:0
[14287376ms] [WARNING] The resource https://i.ytimg.com/vi/cXFQuxZF61Q/maxresdefault.jpg was preloaded using link preload but not used within a few seconds from the window's load event. Please make sure it has an appropriate `as` value and it is preloaded intentionally. @ http://localhost:3000/:0
[14287376ms] [WARNING] The resource https://i.ytimg.com/vi/haisvt45Kdc/maxresdefault.jpg was preloaded using link preload but not used within a few seconds from the window's load event. Please make sure it has an appropriate `as` value and it is preloaded intentionally. @ http://localhost:3000/:0
[14287376ms] [WARNING] The resource https://i.ytimg.com/vi/VKeF820DlGU/maxresdefault.jpg was preloaded using link preload but not used within a few seconds from the window's load event. Please make sure it has an appropriate `as` value and it is preloaded intentionally. @ http://localhost:3000/:0
[14299391ms] [WARNING] The resource https://i.ytimg.com/vi/732dkRJZOLE/maxresdefault.jpg was preloaded using link preload but not used within a few seconds from the window's load event. Please make sure it has an appropriate `as` value and it is preloaded intentionally. @ http://localhost:3000/:0
[14299391ms] [WARNING] The resource https://i.ytimg.com/vi/-KnzDx8UV5M/maxresdefault.jpg was preloaded using link preload but not used within a few seconds from the window's load event. Please make sure it has an appropriate `as` value and it is preloaded intentionally. @ http://localhost:3000/:0
[14299391ms] [WARNING] The resource https://i.ytimg.com/vi/cXFQuxZF61Q/maxresdefault.jpg was preloaded using link preload but not used within a few seconds from the window's load event. Please make sure it has an appropriate `as` value and it is preloaded intentionally. @ http://localhost:3000/:0
[14299391ms] [WARNING] The resource https://i.ytimg.com/vi/haisvt45Kdc/maxresdefault.jpg was preloaded using link preload but not used within a few seconds from the window's load event. Please make sure it has an appropriate `as` value and it is preloaded intentionally. @ http://localhost:3000/:0
[14299391ms] [WARNING] The resource https://i.ytimg.com/vi/VKeF820DlGU/maxresdefault.jpg was preloaded using link preload but not used within a few seconds from the window's load event. Please make sure it has an appropriate `as` value and it is preloaded intentionally. @ http://localhost:3000/:0
[14322901ms] [WARNING] The resource https://i.ytimg.com/vi/732dkRJZOLE/maxresdefault.jpg was preloaded using link preload but not used within a few seconds from the window's load event. Please make sure it has an appropriate `as` value and it is preloaded intentionally. @ http://localhost:3000/:0
[14322902ms] [WARNING] The resource https://i.ytimg.com/vi/-KnzDx8UV5M/maxresdefault.jpg was preloaded using link preload but not used within a few seconds from the window's load event. Please make sure it has an appropriate `as` value and it is preloaded intentionally. @ http://localhost:3000/:0
[14322902ms] [WARNING] The resource https://i.ytimg.com/vi/cXFQuxZF61Q/maxresdefault.jpg was preloaded using link preload but not used within a few seconds from the window's load event. Please make sure it has an appropriate `as` value and it is preloaded intentionally. @ http://localhost:3000/:0
[14322902ms] [WARNING] The resource https://i.ytimg.com/vi/haisvt45Kdc/maxresdefault.jpg was preloaded using link preload but not used within a few seconds from the window's load event. Please make sure it has an appropriate `as` value and it is preloaded intentionally. @ http://localhost:3000/:0
[14322902ms] [WARNING] The resource https://i.ytimg.com/vi/VKeF820DlGU/maxresdefault.jpg was preloaded using link preload but not used within a few seconds from the window's load event. Please make sure it has an appropriate `as` value and it is preloaded intentionally. @ http://localhost:3000/:0
[14334839ms] [WARNING] The resource https://i.ytimg.com/vi/732dkRJZOLE/maxresdefault.jpg was preloaded using link preload but not used within a few seconds from the window's load event. Please make sure it has an appropriate `as` value and it is preloaded intentionally. @ http://localhost:3000/:0
[14334839ms] [WARNING] The resource https://i.ytimg.com/vi/-KnzDx8UV5M/maxresdefault.jpg was preloaded using link preload but not used within a few seconds from the window's load event. Please make sure it has an appropriate `as` value and it is preloaded intentionally. @ http://localhost:3000/:0
[14334839ms] [WARNING] The resource https://i.ytimg.com/vi/cXFQuxZF61Q/maxresdefault.jpg was preloaded using link preload but not used within a few seconds from the window's load event. Please make sure it has an appropriate `as` value and it is preloaded intentionally. @ http://localhost:3000/:0
[14334839ms] [WARNING] The resource https://i.ytimg.com/vi/haisvt45Kdc/maxresdefault.jpg was preloaded using link preload but not used within a few seconds from the window's load event. Please make sure it has an appropriate `as` value and it is preloaded intentionally. @ http://localhost:3000/:0
[14334839ms] [WARNING] The resource https://i.ytimg.com/vi/VKeF820DlGU/maxresdefault.jpg was preloaded using link preload but not used within a few seconds from the window's load event. Please make sure it has an appropriate `as` value and it is preloaded intentionally. @ http://localhost:3000/:0
[14358350ms] [WARNING] The resource https://i.ytimg.com/vi/732dkRJZOLE/maxresdefault.jpg was preloaded using link preload but not used within a few seconds from the window's load event. Please make sure it has an appropriate `as` value and it is preloaded intentionally. @ http://localhost:3000/:0
[14358350ms] [WARNING] The resource https://i.ytimg.com/vi/-KnzDx8UV5M/maxresdefault.jpg was preloaded using link preload but not used within a few seconds from the window's load event. Please make sure it has an appropriate `as` value and it is preloaded intentionally. @ http://localhost:3000/:0
[14358350ms] [WARNING] The resource https://i.ytimg.com/vi/cXFQuxZF61Q/maxresdefault.jpg was preloaded using link preload but not used within a few seconds from the window's load event. Please make sure it has an appropriate `as` value and it is preloaded intentionally. @ http://localhost:3000/:0
[14358350ms] [WARNING] The resource https://i.ytimg.com/vi/haisvt45Kdc/maxresdefault.jpg was preloaded using link preload but not used within a few seconds from the window's load event. Please make sure it has an appropriate `as` value and it is preloaded intentionally. @ http://localhost:3000/:0
[14358350ms] [WARNING] The resource https://i.ytimg.com/vi/VKeF820DlGU/maxresdefault.jpg was preloaded using link preload but not used within a few seconds from the window's load event. Please make sure it has an appropriate `as` value and it is preloaded intentionally. @ http://localhost:3000/:0
[14370299ms] [WARNING] The resource https://i.ytimg.com/vi/732dkRJZOLE/maxresdefault.jpg was preloaded using link preload but not used within a few seconds from the window's load event. Please make sure it has an appropriate `as` value and it is preloaded intentionally. @ http://localhost:3000/:0
[14370299ms] [WARNING] The resource https://i.ytimg.com/vi/-KnzDx8UV5M/maxresdefault.jpg was preloaded using link preload but not used within a few seconds from the window's load event. Please make sure it has an appropriate `as` value and it is preloaded intentionally. @ http://localhost:3000/:0
[14370299ms] [WARNING] The resource https://i.ytimg.com/vi/cXFQuxZF61Q/maxresdefault.jpg was preloaded using link preload but not used within a few seconds from the window's load event. Please make sure it has an appropriate `as` value and it is preloaded intentionally. @ http://localhost:3000/:0
[14370299ms] [WARNING] The resource https://i.ytimg.com/vi/haisvt45Kdc/maxresdefault.jpg was preloaded using link preload but not used within a few seconds from the window's load event. Please make sure it has an appropriate `as` value and it is preloaded intentionally. @ http://localhost:3000/:0
[14370299ms] [WARNING] The resource https://i.ytimg.com/vi/VKeF820DlGU/maxresdefault.jpg was preloaded using link preload but not used within a few seconds from the window's load event. Please make sure it has an appropriate `as` value and it is preloaded intentionally. @ http://localhost:3000/:0
[14393817ms] [WARNING] The resource https://i.ytimg.com/vi/732dkRJZOLE/maxresdefault.jpg was preloaded using link preload but not used within a few seconds from the window's load event. Please make sure it has an appropriate `as` value and it is preloaded intentionally. @ http://localhost:3000/:0
[14393817ms] [WARNING] The resource https://i.ytimg.com/vi/-KnzDx8UV5M/maxresdefault.jpg was preloaded using link preload but not used within a few seconds from the window's load event. Please make sure it has an appropriate `as` value and it is preloaded intentionally. @ http://localhost:3000/:0
[14393817ms] [WARNING] The resource https://i.ytimg.com/vi/cXFQuxZF61Q/maxresdefault.jpg was preloaded using link preload but not used within a few seconds from the window's load event. Please make sure it has an appropriate `as` value and it is preloaded intentionally. @ http://localhost:3000/:0
[14393817ms] [WARNING] The resource https://i.ytimg.com/vi/haisvt45Kdc/maxresdefault.jpg was preloaded using link preload but not used within a few seconds from the window's load event. Please make sure it has an appropriate `as` value and it is preloaded intentionally. @ http://localhost:3000/:0
[14393817ms] [WARNING] The resource https://i.ytimg.com/vi/VKeF820DlGU/maxresdefault.jpg was preloaded using link preload but not used within a few seconds from the window's load event. Please make sure it has an appropriate `as` value and it is preloaded intentionally. @ http://localhost:3000/:0
[14405760ms] [WARNING] The resource https://i.ytimg.com/vi/732dkRJZOLE/maxresdefault.jpg was preloaded using link preload but not used within a few seconds from the window's load event. Please make sure it has an appropriate `as` value and it is preloaded intentionally. @ http://localhost:3000/:0
[14405760ms] [WARNING] The resource https://i.ytimg.com/vi/-KnzDx8UV5M/maxresdefault.jpg was preloaded using link preload but not used within a few seconds from the window's load event. Please make sure it has an appropriate `as` value and it is preloaded intentionally. @ http://localhost:3000/:0
[14405760ms] [WARNING] The resource https://i.ytimg.com/vi/cXFQuxZF61Q/maxresdefault.jpg was preloaded using link preload but not used within a few seconds from the window's load event. Please make sure it has an appropriate `as` value and it is preloaded intentionally. @ http://localhost:3000/:0
[14405760ms] [WARNING] The resource https://i.ytimg.com/vi/haisvt45Kdc/maxresdefault.jpg was preloaded using link preload but not used within a few seconds from the window's load event. Please make sure it has an appropriate `as` value and it is preloaded intentionally. @ http://localhost:3000/:0
[14405760ms] [WARNING] The resource https://i.ytimg.com/vi/VKeF820DlGU/maxresdefault.jpg was preloaded using link preload but not used within a few seconds from the window's load event. Please make sure it has an appropriate `as` value and it is preloaded intentionally. @ http://localhost:3000/:0
[14429273ms] [WARNING] The resource https://i.ytimg.com/vi/732dkRJZOLE/maxresdefault.jpg was preloaded using link preload but not used within a few seconds from the window's load event. Please make sure it has an appropriate `as` value and it is preloaded intentionally. @ http://localhost:3000/:0
[14429273ms] [WARNING] The resource https://i.ytimg.com/vi/-KnzDx8UV5M/maxresdefault.jpg was preloaded using link preload but not used within a few seconds from the window's load event. Please make sure it has an appropriate `as` value and it is preloaded intentionally. @ http://localhost:3000/:0
[14429273ms] [WARNING] The resource https://i.ytimg.com/vi/cXFQuxZF61Q/maxresdefault.jpg was preloaded using link preload but not used within a few seconds from the window's load event. Please make sure it has an appropriate `as` value and it is preloaded intentionally. @ http://localhost:3000/:0
[14429273ms] [WARNING] The resource https://i.ytimg.com/vi/haisvt45Kdc/maxresdefault.jpg was preloaded using link preload but not used within a few seconds from the window's load event. Please make sure it has an appropriate `as` value and it is preloaded intentionally. @ http://localhost:3000/:0
[14429274ms] [WARNING] The resource https://i.ytimg.com/vi/VKeF820DlGU/maxresdefault.jpg was preloaded using link preload but not used within a few seconds from the window's load event. Please make sure it has an appropriate `as` value and it is preloaded intentionally. @ http://localhost:3000/:0
[14441230ms] [WARNING] The resource https://i.ytimg.com/vi/732dkRJZOLE/maxresdefault.jpg was preloaded using link preload but not used within a few seconds from the window's load event. Please make sure it has an appropriate `as` value and it is preloaded intentionally. @ http://localhost:3000/:0
[14441230ms] [WARNING] The resource https://i.ytimg.com/vi/-KnzDx8UV5M/maxresdefault.jpg was preloaded using link preload but not used within a few seconds from the window's load event. Please make sure it has an appropriate `as` value and it is preloaded intentionally. @ http://localhost:3000/:0
[14441230ms] [WARNING] The resource https://i.ytimg.com/vi/cXFQuxZF61Q/maxresdefault.jpg was preloaded using link preload but not used within a few seconds from the window's load event. Please make sure it has an appropriate `as` value and it is preloaded intentionally. @ http://localhost:3000/:0
[14441230ms] [WARNING] The resource https://i.ytimg.com/vi/haisvt45Kdc/maxresdefault.jpg was preloaded using link preload but not used within a few seconds from the window's load event. Please make sure it has an appropriate `as` value and it is preloaded intentionally. @ http://localhost:3000/:0
[14441230ms] [WARNING] The resource https://i.ytimg.com/vi/VKeF820DlGU/maxresdefault.jpg was preloaded using link preload but not used within a few seconds from the window's load event. Please make sure it has an appropriate `as` value and it is preloaded intentionally. @ http://localhost:3000/:0
[14464747ms] [WARNING] The resource https://i.ytimg.com/vi/732dkRJZOLE/maxresdefault.jpg was preloaded using link preload but not used within a few seconds from the window's load event. Please make sure it has an appropriate `as` value and it is preloaded intentionally. @ http://localhost:3000/:0
[14464747ms] [WARNING] The resource https://i.ytimg.com/vi/-KnzDx8UV5M/maxresdefault.jpg was preloaded using link preload but not used within a few seconds from the window's load event. Please make sure it has an appropriate `as` value and it is preloaded intentionally. @ http://localhost:3000/:0
[14464747ms] [WARNING] The resource https://i.ytimg.com/vi/cXFQuxZF61Q/maxresdefault.jpg was preloaded using link preload but not used within a few seconds from the window's load event. Please make sure it has an appropriate `as` value and it is preloaded intentionally. @ http://localhost:3000/:0
[14464747ms] [WARNING] The resource https://i.ytimg.com/vi/haisvt45Kdc/maxresdefault.jpg was preloaded using link preload but not used within a few seconds from the window's load event. Please make sure it has an appropriate `as` value and it is preloaded intentionally. @ http://localhost:3000/:0
[14464747ms] [WARNING] The resource https://i.ytimg.com/vi/VKeF820DlGU/maxresdefault.jpg was preloaded using link preload but not used within a few seconds from the window's load event. Please make sure it has an appropriate `as` value and it is preloaded intentionally. @ http://localhost:3000/:0
[14476721ms] [WARNING] The resource https://i.ytimg.com/vi/732dkRJZOLE/maxresdefault.jpg was preloaded using link preload but not used within a few seconds from the window's load event. Please make sure it has an appropriate `as` value and it is preloaded intentionally. @ http://localhost:3000/:0
[14476721ms] [WARNING] The resource https://i.ytimg.com/vi/-KnzDx8UV5M/maxresdefault.jpg was preloaded using link preload but not used within a few seconds from the window's load event. Please make sure it has an appropriate `as` value and it is preloaded intentionally. @ http://localhost:3000/:0
[14476721ms] [WARNING] The resource https://i.ytimg.com/vi/cXFQuxZF61Q/maxresdefault.jpg was preloaded using link preload but not used within a few seconds from the window's load event. Please make sure it has an appropriate `as` value and it is preloaded intentionally. @ http://localhost:3000/:0
[14476721ms] [WARNING] The resource https://i.ytimg.com/vi/haisvt45Kdc/maxresdefault.jpg was preloaded using link preload but not used within a few seconds from the window's load event. Please make sure it has an appropriate `as` value and it is preloaded intentionally. @ http://localhost:3000/:0
[14476721ms] [WARNING] The resource https://i.ytimg.com/vi/VKeF820DlGU/maxresdefault.jpg was preloaded using link preload but not used within a few seconds from the window's load event. Please make sure it has an appropriate `as` value and it is preloaded intentionally. @ http://localhost:3000/:0
[14500236ms] [WARNING] The resource https://i.ytimg.com/vi/732dkRJZOLE/maxresdefault.jpg was preloaded using link preload but not used within a few seconds from the window's load event. Please make sure it has an appropriate `as` value and it is preloaded intentionally. @ http://localhost:3000/:0
[14500236ms] [WARNING] The resource https://i.ytimg.com/vi/-KnzDx8UV5M/maxresdefault.jpg was preloaded using link preload but not used within a few seconds from the window's load event. Please make sure it has an appropriate `as` value and it is preloaded intentionally. @ http://localhost:3000/:0
[14500236ms] [WARNING] The resource https://i.ytimg.com/vi/cXFQuxZF61Q/maxresdefault.jpg was preloaded using link preload but not used within a few seconds from the window's load event. Please make sure it has an appropriate `as` value and it is preloaded intentionally. @ http://localhost:3000/:0
[14500236ms] [WARNING] The resource https://i.ytimg.com/vi/haisvt45Kdc/maxresdefault.jpg was preloaded using link preload but not used within a few seconds from the window's load event. Please make sure it has an appropriate `as` value and it is preloaded intentionally. @ http://localhost:3000/:0
[14500236ms] [WARNING] The resource https://i.ytimg.com/vi/VKeF820DlGU/maxresdefault.jpg was preloaded using link preload but not used within a few seconds from the window's load event. Please make sure it has an appropriate `as` value and it is preloaded intentionally. @ http://localhost:3000/:0
[14512171ms] [WARNING] The resource https://i.ytimg.com/vi/732dkRJZOLE/maxresdefault.jpg was preloaded using link preload but not used within a few seconds from the window's load event. Please make sure it has an appropriate `as` value and it is preloaded intentionally. @ http://localhost:3000/:0
[14512172ms] [WARNING] The resource https://i.ytimg.com/vi/-KnzDx8UV5M/maxresdefault.jpg was preloaded using link preload but not used within a few seconds from the window's load event. Please make sure it has an appropriate `as` value and it is preloaded intentionally. @ http://localhost:3000/:0
[14512172ms] [WARNING] The resource https://i.ytimg.com/vi/cXFQuxZF61Q/maxresdefault.jpg was preloaded using link preload but not used within a few seconds from the window's load event. Please make sure it has an appropriate `as` value and it is preloaded intentionally. @ http://localhost:3000/:0
[14512172ms] [WARNING] The resource https://i.ytimg.com/vi/haisvt45Kdc/maxresdefault.jpg was preloaded using link preload but not used within a few seconds from the window's load event. Please make sure it has an appropriate `as` value and it is preloaded intentionally. @ http://localhost:3000/:0
[14512172ms] [WARNING] The resource https://i.ytimg.com/vi/VKeF820DlGU/maxresdefault.jpg was preloaded using link preload but not used within a few seconds from the window's load event. Please make sure it has an appropriate `as` value and it is preloaded intentionally. @ http://localhost:3000/:0
[14535740ms] [WARNING] The resource https://i.ytimg.com/vi/732dkRJZOLE/maxresdefault.jpg was preloaded using link preload but not used within a few seconds from the window's load event. Please make sure it has an appropriate `as` value and it is preloaded intentionally. @ http://localhost:3000/:0
[14535740ms] [WARNING] The resource https://i.ytimg.com/vi/-KnzDx8UV5M/maxresdefault.jpg was preloaded using link preload but not used within a few seconds from the window's load event. Please make sure it has an appropriate `as` value and it is preloaded intentionally. @ http://localhost:3000/:0
[14535740ms] [WARNING] The resource https://i.ytimg.com/vi/cXFQuxZF61Q/maxresdefault.jpg was preloaded using link preload but not used within a few seconds from the window's load event. Please make sure it has an appropriate `as` value and it is preloaded intentionally. @ http://localhost:3000/:0
[14535740ms] [WARNING] The resource https://i.ytimg.com/vi/haisvt45Kdc/maxresdefault.jpg was preloaded using link preload but not used within a few seconds from the window's load event. Please make sure it has an appropriate `as` value and it is preloaded intentionally. @ http://localhost:3000/:0
[14535740ms] [WARNING] The resource https://i.ytimg.com/vi/VKeF820DlGU/maxresdefault.jpg was preloaded using link preload but not used within a few seconds from the window's load event. Please make sure it has an appropriate `as` value and it is preloaded intentionally. @ http://localhost:3000/:0
[14547670ms] [WARNING] The resource https://i.ytimg.com/vi/732dkRJZOLE/maxresdefault.jpg was preloaded using link preload but not used within a few seconds from the window's load event. Please make sure it has an appropriate `as` value and it is preloaded intentionally. @ http://localhost:3000/:0
[14547670ms] [WARNING] The resource https://i.ytimg.com/vi/-KnzDx8UV5M/maxresdefault.jpg was preloaded using link preload but not used within a few seconds from the window's load event. Please make sure it has an appropriate `as` value and it is preloaded intentionally. @ http://localhost:3000/:0
[14547670ms] [WARNING] The resource https://i.ytimg.com/vi/cXFQuxZF61Q/maxresdefault.jpg was preloaded using link preload but not used within a few seconds from the window's load event. Please make sure it has an appropriate `as` value and it is preloaded intentionally. @ http://localhost:3000/:0
[14547670ms] [WARNING] The resource https://i.ytimg.com/vi/haisvt45Kdc/maxresdefault.jpg was preloaded using link preload but not used within a few seconds from the window's load event. Please make sure it has an appropriate `as` value and it is preloaded intentionally. @ http://localhost:3000/:0
[14547670ms] [WARNING] The resource https://i.ytimg.com/vi/VKeF820DlGU/maxresdefault.jpg was preloaded using link preload but not used within a few seconds from the window's load event. Please make sure it has an appropriate `as` value and it is preloaded intentionally. @ http://localhost:3000/:0
[14571165ms] [WARNING] The resource https://i.ytimg.com/vi/732dkRJZOLE/maxresdefault.jpg was preloaded using link preload but not used within a few seconds from the window's load event. Please make sure it has an appropriate `as` value and it is preloaded intentionally. @ http://localhost:3000/:0
[14571165ms] [WARNING] The resource https://i.ytimg.com/vi/-KnzDx8UV5M/maxresdefault.jpg was preloaded using link preload but not used within a few seconds from the window's load event. Please make sure it has an appropriate `as` value and it is preloaded intentionally. @ http://localhost:3000/:0
[14571165ms] [WARNING] The resource https://i.ytimg.com/vi/cXFQuxZF61Q/maxresdefault.jpg was preloaded using link preload but not used within a few seconds from the window's load event. Please make sure it has an appropriate `as` value and it is preloaded intentionally. @ http://localhost:3000/:0
[14571165ms] [WARNING] The resource https://i.ytimg.com/vi/haisvt45Kdc/maxresdefault.jpg was preloaded using link preload but not used within a few seconds from the window's load event. Please make sure it has an appropriate `as` value and it is preloaded intentionally. @ http://localhost:3000/:0
[14571165ms] [WARNING] The resource https://i.ytimg.com/vi/VKeF820DlGU/maxresdefault.jpg was preloaded using link preload but not used within a few seconds from the window's load event. Please make sure it has an appropriate `as` value and it is preloaded intentionally. @ http://localhost:3000/:0
[14583103ms] [WARNING] The resource https://i.ytimg.com/vi/732dkRJZOLE/maxresdefault.jpg was preloaded using link preload but not used within a few seconds from the window's load event. Please make sure it has an appropriate `as` value and it is preloaded intentionally. @ http://localhost:3000/:0
[14583103ms] [WARNING] The resource https://i.ytimg.com/vi/-KnzDx8UV5M/maxresdefault.jpg was preloaded using link preload but not used within a few seconds from the window's load event. Please make sure it has an appropriate `as` value and it is preloaded intentionally. @ http://localhost:3000/:0
[14583103ms] [WARNING] The resource https://i.ytimg.com/vi/cXFQuxZF61Q/maxresdefault.jpg was preloaded using link preload but not used within a few seconds from the window's load event. Please make sure it has an appropriate `as` value and it is preloaded intentionally. @ http://localhost:3000/:0
[14583103ms] [WARNING] The resource https://i.ytimg.com/vi/haisvt45Kdc/maxresdefault.jpg was preloaded using link preload but not used within a few seconds from the window's load event. Please make sure it has an appropriate `as` value and it is preloaded intentionally. @ http://localhost:3000/:0
[14583103ms] [WARNING] The resource https://i.ytimg.com/vi/VKeF820DlGU/maxresdefault.jpg was preloaded using link preload but not used within a few seconds from the window's load event. Please make sure it has an appropriate `as` value and it is preloaded intentionally. @ http://localhost:3000/:0
[14606582ms] [WARNING] The resource https://i.ytimg.com/vi/732dkRJZOLE/maxresdefault.jpg was preloaded using link preload but not used within a few seconds from the window's load event. Please make sure it has an appropriate `as` value and it is preloaded intentionally. @ http://localhost:3000/:0
[14606582ms] [WARNING] The resource https://i.ytimg.com/vi/-KnzDx8UV5M/maxresdefault.jpg was preloaded using link preload but not used within a few seconds from the window's load event. Please make sure it has an appropriate `as` value and it is preloaded intentionally. @ http://localhost:3000/:0
[14606582ms] [WARNING] The resource https://i.ytimg.com/vi/cXFQuxZF61Q/maxresdefault.jpg was preloaded using link preload but not used within a few seconds from the window's load event. Please make sure it has an appropriate `as` value and it is preloaded intentionally. @ http://localhost:3000/:0
[14606582ms] [WARNING] The resource https://i.ytimg.com/vi/haisvt45Kdc/maxresdefault.jpg was preloaded using link preload but not used within a few seconds from the window's load event. Please make sure it has an appropriate `as` value and it is preloaded intentionally. @ http://localhost:3000/:0
[14606583ms] [WARNING] The resource https://i.ytimg.com/vi/VKeF820DlGU/maxresdefault.jpg was preloaded using link preload but not used within a few seconds from the window's load event. Please make sure it has an appropriate `as` value and it is preloaded intentionally. @ http://localhost:3000/:0
[14618527ms] [WARNING] The resource https://i.ytimg.com/vi/732dkRJZOLE/maxresdefault.jpg was preloaded using link preload but not used within a few seconds from the window's load event. Please make sure it has an appropriate `as` value and it is preloaded intentionally. @ http://localhost:3000/:0
[14618527ms] [WARNING] The resource https://i.ytimg.com/vi/-KnzDx8UV5M/maxresdefault.jpg was preloaded using link preload but not used within a few seconds from the window's load event. Please make sure it has an appropriate `as` value and it is preloaded intentionally. @ http://localhost:3000/:0
[14618527ms] [WARNING] The resource https://i.ytimg.com/vi/cXFQuxZF61Q/maxresdefault.jpg was preloaded using link preload but not used within a few seconds from the window's load event. Please make sure it has an appropriate `as` value and it is preloaded intentionally. @ http://localhost:3000/:0
[14618527ms] [WARNING] The resource https://i.ytimg.com/vi/haisvt45Kdc/maxresdefault.jpg was preloaded using link preload but not used within a few seconds from the window's load event. Please make sure it has an appropriate `as` value and it is preloaded intentionally. @ http://localhost:3000/:0
[14618527ms] [WARNING] The resource https://i.ytimg.com/vi/VKeF820DlGU/maxresdefault.jpg was preloaded using link preload but not used within a few seconds from the window's load event. Please make sure it has an appropriate `as` value and it is preloaded intentionally. @ http://localhost:3000/:0
[14642033ms] [WARNING] The resource https://i.ytimg.com/vi/732dkRJZOLE/maxresdefault.jpg was preloaded using link preload but not used within a few seconds from the window's load event. Please make sure it has an appropriate `as` value and it is preloaded intentionally. @ http://localhost:3000/:0
[14642034ms] [WARNING] The resource https://i.ytimg.com/vi/-KnzDx8UV5M/maxresdefault.jpg was preloaded using link preload but not used within a few seconds from the window's load event. Please make sure it has an appropriate `as` value and it is preloaded intentionally. @ http://localhost:3000/:0
[14642034ms] [WARNING] The resource https://i.ytimg.com/vi/cXFQuxZF61Q/maxresdefault.jpg was preloaded using link preload but not used within a few seconds from the window's load event. Please make sure it has an appropriate `as` value and it is preloaded intentionally. @ http://localhost:3000/:0
[14642034ms] [WARNING] The resource https://i.ytimg.com/vi/haisvt45Kdc/maxresdefault.jpg was preloaded using link preload but not used within a few seconds from the window's load event. Please make sure it has an appropriate `as` value and it is preloaded intentionally. @ http://localhost:3000/:0
[14642034ms] [WARNING] The resource https://i.ytimg.com/vi/VKeF820DlGU/maxresdefault.jpg was preloaded using link preload but not used within a few seconds from the window's load event. Please make sure it has an appropriate `as` value and it is preloaded intentionally. @ http://localhost:3000/:0
[14653986ms] [WARNING] The resource https://i.ytimg.com/vi/732dkRJZOLE/maxresdefault.jpg was preloaded using link preload but not used within a few seconds from the window's load event. Please make sure it has an appropriate `as` value and it is preloaded intentionally. @ http://localhost:3000/:0
[14653986ms] [WARNING] The resource https://i.ytimg.com/vi/-KnzDx8UV5M/maxresdefault.jpg was preloaded using link preload but not used within a few seconds from the window's load event. Please make sure it has an appropriate `as` value and it is preloaded intentionally. @ http://localhost:3000/:0
[14653986ms] [WARNING] The resource https://i.ytimg.com/vi/cXFQuxZF61Q/maxresdefault.jpg was preloaded using link preload but not used within a few seconds from the window's load event. Please make sure it has an appropriate `as` value and it is preloaded intentionally. @ http://localhost:3000/:0
[14653986ms] [WARNING] The resource https://i.ytimg.com/vi/haisvt45Kdc/maxresdefault.jpg was preloaded using link preload but not used within a few seconds from the window's load event. Please make sure it has an appropriate `as` value and it is preloaded intentionally. @ http://localhost:3000/:0
[14653986ms] [WARNING] The resource https://i.ytimg.com/vi/VKeF820DlGU/maxresdefault.jpg was preloaded using link preload but not used within a few seconds from the window's load event. Please make sure it has an appropriate `as` value and it is preloaded intentionally. @ http://localhost:3000/:0
[14677504ms] [WARNING] The resource https://i.ytimg.com/vi/732dkRJZOLE/maxresdefault.jpg was preloaded using link preload but not used within a few seconds from the window's load event. Please make sure it has an appropriate `as` value and it is preloaded intentionally. @ http://localhost:3000/:0
[14677504ms] [WARNING] The resource https://i.ytimg.com/vi/-KnzDx8UV5M/maxresdefault.jpg was preloaded using link preload but not used within a few seconds from the window's load event. Please make sure it has an appropriate `as` value and it is preloaded intentionally. @ http://localhost:3000/:0
[14677504ms] [WARNING] The resource https://i.ytimg.com/vi/cXFQuxZF61Q/maxresdefault.jpg was preloaded using link preload but not used within a few seconds from the window's load event. Please make sure it has an appropriate `as` value and it is preloaded intentionally. @ http://localhost:3000/:0
[14677504ms] [WARNING] The resource https://i.ytimg.com/vi/haisvt45Kdc/maxresdefault.jpg was preloaded using link preload but not used within a few seconds from the window's load event. Please make sure it has an appropriate `as` value and it is preloaded intentionally. @ http://localhost:3000/:0
[14677504ms] [WARNING] The resource https://i.ytimg.com/vi/VKeF820DlGU/maxresdefault.jpg was preloaded using link preload but not used within a few seconds from the window's load event. Please make sure it has an appropriate `as` value and it is preloaded intentionally. @ http://localhost:3000/:0
[14682473ms] [LOG] [Fast Refresh] rebuilding @ http://localhost:3000/_next/static/chunks/node_modules_next_dist_f3530cac._.js:2297
[14683230ms] [LOG] [Fast Refresh] done in 865ms @ http://localhost:3000/_next/static/chunks/node_modules_next_dist_f3530cac._.js:2297
[14685415ms] [LOG] [Fast Refresh] rebuilding @ http://localhost:3000/_next/static/chunks/node_modules_next_dist_f3530cac._.js:2297
[14685753ms] [LOG] [Fast Refresh] done in 441ms @ http://localhost:3000/_next/static/chunks/node_modules_next_dist_f3530cac._.js:2297
[14689452ms] [WARNING] The resource https://i.ytimg.com/vi/732dkRJZOLE/maxresdefault.jpg was preloaded using link preload but not used within a few seconds from the window's load event. Please make sure it has an appropriate `as` value and it is preloaded intentionally. @ http://localhost:3000/:0
[14689452ms] [WARNING] The resource https://i.ytimg.com/vi/-KnzDx8UV5M/maxresdefault.jpg was preloaded using link preload but not used within a few seconds from the window's load event. Please make sure it has an appropriate `as` value and it is preloaded intentionally. @ http://localhost:3000/:0
[14689452ms] [WARNING] The resource https://i.ytimg.com/vi/cXFQuxZF61Q/maxresdefault.jpg was preloaded using link preload but not used within a few seconds from the window's load event. Please make sure it has an appropriate `as` value and it is preloaded intentionally. @ http://localhost:3000/:0
[14689452ms] [WARNING] The resource https://i.ytimg.com/vi/haisvt45Kdc/maxresdefault.jpg was preloaded using link preload but not used within a few seconds from the window's load event. Please make sure it has an appropriate `as` value and it is preloaded intentionally. @ http://localhost:3000/:0
[14689452ms] [WARNING] The resource https://i.ytimg.com/vi/VKeF820DlGU/maxresdefault.jpg was preloaded using link preload but not used within a few seconds from the window's load event. Please make sure it has an appropriate `as` value and it is preloaded intentionally. @ http://localhost:3000/:0
[14702220ms] [LOG] [Fast Refresh] rebuilding @ http://localhost:3000/_next/static/chunks/node_modules_next_dist_f3530cac._.js:2297
[14703808ms] [LOG] [Fast Refresh] done in 1322ms @ http://localhost:3000/_next/static/chunks/node_modules_next_dist_f3530cac._.js:2297
[14707101ms] [WARNING] The resource https://i.ytimg.com/vi/732dkRJZOLE/maxresdefault.jpg was preloaded using link preload but not used within a few seconds from the window's load event. Please make sure it has an appropriate `as` value and it is preloaded intentionally. @ http://localhost:3000/:0
[14707101ms] [WARNING] The resource https://i.ytimg.com/vi/-KnzDx8UV5M/maxresdefault.jpg was preloaded using link preload but not used within a few seconds from the window's load event. Please make sure it has an appropriate `as` value and it is preloaded intentionally. @ http://localhost:3000/:0
[14707101ms] [WARNING] The resource https://i.ytimg.com/vi/cXFQuxZF61Q/maxresdefault.jpg was preloaded using link preload but not used within a few seconds from the window's load event. Please make sure it has an appropriate `as` value and it is preloaded intentionally. @ http://localhost:3000/:0
[14707101ms] [WARNING] The resource https://i.ytimg.com/vi/haisvt45Kdc/maxresdefault.jpg was preloaded using link preload but not used within a few seconds from the window's load event. Please make sure it has an appropriate `as` value and it is preloaded intentionally. @ http://localhost:3000/:0
[14707101ms] [WARNING] The resource https://i.ytimg.com/vi/VKeF820DlGU/maxresdefault.jpg was preloaded using link preload but not used within a few seconds from the window's load event. Please make sure it has an appropriate `as` value and it is preloaded intentionally. @ http://localhost:3000/:0
[14712962ms] [WARNING] The resource https://i.ytimg.com/vi/732dkRJZOLE/maxresdefault.jpg was preloaded using link preload but not used within a few seconds from the window's load event. Please make sure it has an appropriate `as` value and it is preloaded intentionally. @ http://localhost:3000/:0
[14712962ms] [WARNING] The resource https://i.ytimg.com/vi/-KnzDx8UV5M/maxresdefault.jpg was preloaded using link preload but not used within a few seconds from the window's load event. Please make sure it has an appropriate `as` value and it is preloaded intentionally. @ http://localhost:3000/:0
[14712962ms] [WARNING] The resource https://i.ytimg.com/vi/cXFQuxZF61Q/maxresdefault.jpg was preloaded using link preload but not used within a few seconds from the window's load event. Please make sure it has an appropriate `as` value and it is preloaded intentionally. @ http://localhost:3000/:0
[14712962ms] [WARNING] The resource https://i.ytimg.com/vi/haisvt45Kdc/maxresdefault.jpg was preloaded using link preload but not used within a few seconds from the window's load event. Please make sure it has an appropriate `as` value and it is preloaded intentionally. @ http://localhost:3000/:0
[14712962ms] [WARNING] The resource https://i.ytimg.com/vi/VKeF820DlGU/maxresdefault.jpg was preloaded using link preload but not used within a few seconds from the window's load event. Please make sure it has an appropriate `as` value and it is preloaded intentionally. @ http://localhost:3000/:0
[14723282ms] [LOG] [Fast Refresh] rebuilding @ http://localhost:3000/_next/static/chunks/node_modules_next_dist_f3530cac._.js:2297
[14723550ms] [LOG] [Fast Refresh] done in 368ms @ http://localhost:3000/_next/static/chunks/node_modules_next_dist_f3530cac._.js:2297
[14724913ms] [WARNING] The resource https://i.ytimg.com/vi/732dkRJZOLE/maxresdefault.jpg was preloaded using link preload but not used within a few seconds from the window's load event. Please make sure it has an appropriate `as` value and it is preloaded intentionally. @ http://localhost:3000/:0
[14724913ms] [WARNING] The resource https://i.ytimg.com/vi/-KnzDx8UV5M/maxresdefault.jpg was preloaded using link preload but not used within a few seconds from the window's load event. Please make sure it has an appropriate `as` value and it is preloaded intentionally. @ http://localhost:3000/:0
[14724913ms] [WARNING] The resource https://i.ytimg.com/vi/cXFQuxZF61Q/maxresdefault.jpg was preloaded using link preload but not used within a few seconds from the window's load event. Please make sure it has an appropriate `as` value and it is preloaded intentionally. @ http://localhost:3000/:0
[14724913ms] [WARNING] The resource https://i.ytimg.com/vi/haisvt45Kdc/maxresdefault.jpg was preloaded using link preload but not used within a few seconds from the window's load event. Please make sure it has an appropriate `as` value and it is preloaded intentionally. @ http://localhost:3000/:0
[14724913ms] [WARNING] The resource https://i.ytimg.com/vi/VKeF820DlGU/maxresdefault.jpg was preloaded using link preload but not used within a few seconds from the window's load event. Please make sure it has an appropriate `as` value and it is preloaded intentionally. @ http://localhost:3000/:0
[14727656ms] [LOG] [Fast Refresh] rebuilding @ http://localhost:3000/_next/static/chunks/node_modules_next_dist_f3530cac._.js:2297
[14727783ms] [LOG] [Fast Refresh] done in 229ms @ http://localhost:3000/_next/static/chunks/node_modules_next_dist_f3530cac._.js:2297
[14728371ms] [LOG] [Fast Refresh] rebuilding @ http://localhost:3000/_next/static/chunks/node_modules_next_dist_f3530cac._.js:2297
[14728637ms] [LOG] [Fast Refresh] done in 373ms @ http://localhost:3000/_next/static/chunks/node_modules_next_dist_f3530cac._.js:2297
[14733885ms] [LOG] [Fast Refresh] rebuilding @ http://localhost:3000/_next/static/chunks/node_modules_next_dist_f3530cac._.js:2297
[14734079ms] [LOG] [Fast Refresh] done in 304ms @ http://localhost:3000/_next/static/chunks/node_modules_next_dist_f3530cac._.js:2297
[14744803ms] [LOG] [Fast Refresh] rebuilding @ http://localhost:3000/_next/static/chunks/node_modules_next_dist_f3530cac._.js:2297
[14745235ms] [LOG] [Fast Refresh] done in 535ms @ http://localhost:3000/_next/static/chunks/node_modules_next_dist_f3530cac._.js:2297
[14748568ms] [WARNING] The resource https://i.ytimg.com/vi/732dkRJZOLE/maxresdefault.jpg was preloaded using link preload but not used within a few seconds from the window's load event. Please make sure it has an appropriate `as` value and it is preloaded intentionally. @ http://localhost:3000/:0
[14748568ms] [WARNING] The resource https://i.ytimg.com/vi/-KnzDx8UV5M/maxresdefault.jpg was preloaded using link preload but not used within a few seconds from the window's load event. Please make sure it has an appropriate `as` value and it is preloaded intentionally. @ http://localhost:3000/:0
[14748568ms] [WARNING] The resource https://i.ytimg.com/vi/cXFQuxZF61Q/maxresdefault.jpg was preloaded using link preload but not used within a few seconds from the window's load event. Please make sure it has an appropriate `as` value and it is preloaded intentionally. @ http://localhost:3000/:0
[14748568ms] [WARNING] The resource https://i.ytimg.com/vi/haisvt45Kdc/maxresdefault.jpg was preloaded using link preload but not used within a few seconds from the window's load event. Please make sure it has an appropriate `as` value and it is preloaded intentionally. @ http://localhost:3000/:0
[14748568ms] [WARNING] The resource https://i.ytimg.com/vi/VKeF820DlGU/maxresdefault.jpg was preloaded using link preload but not used within a few seconds from the window's load event. Please make sure it has an appropriate `as` value and it is preloaded intentionally. @ http://localhost:3000/:0
[14754289ms] [LOG] [Fast Refresh] rebuilding @ http://localhost:3000/_next/static/chunks/node_modules_next_dist_f3530cac._.js:2297
[14754503ms] [LOG] [Fast Refresh] done in 319ms @ http://localhost:3000/_next/static/chunks/node_modules_next_dist_f3530cac._.js:2297
[14761103ms] [WARNING] The resource https://i.ytimg.com/vi/732dkRJZOLE/maxresdefault.jpg was preloaded using link preload but not used within a few seconds from the window's load event. Please make sure it has an appropriate `as` value and it is preloaded intentionally. @ http://localhost:3000/:0
[14761103ms] [WARNING] The resource https://i.ytimg.com/vi/-KnzDx8UV5M/maxresdefault.jpg was preloaded using link preload but not used within a few seconds from the window's load event. Please make sure it has an appropriate `as` value and it is preloaded intentionally. @ http://localhost:3000/:0
[14761103ms] [WARNING] The resource https://i.ytimg.com/vi/cXFQuxZF61Q/maxresdefault.jpg was preloaded using link preload but not used within a few seconds from the window's load event. Please make sure it has an appropriate `as` value and it is preloaded intentionally. @ http://localhost:3000/:0
[14761103ms] [WARNING] The resource https://i.ytimg.com/vi/haisvt45Kdc/maxresdefault.jpg was preloaded using link preload but not used within a few seconds from the window's load event. Please make sure it has an appropriate `as` value and it is preloaded intentionally. @ http://localhost:3000/:0
[14761103ms] [WARNING] The resource https://i.ytimg.com/vi/VKeF820DlGU/maxresdefault.jpg was preloaded using link preload but not used within a few seconds from the window's load event. Please make sure it has an appropriate `as` value and it is preloaded intentionally. @ http://localhost:3000/:0
[14763657ms] [LOG] [Fast Refresh] rebuilding @ http://localhost:3000/_next/static/chunks/node_modules_next_dist_f3530cac._.js:2297
[14763697ms] [LOG] [Fast Refresh] done in 148ms @ http://localhost:3000/_next/static/chunks/node_modules_next_dist_f3530cac._.js:2297
[14783877ms] [WARNING] The resource https://i.ytimg.com/vi/732dkRJZOLE/maxresdefault.jpg was preloaded using link preload but not used within a few seconds from the window's load event. Please make sure it has an appropriate `as` value and it is preloaded intentionally. @ http://localhost:3000/:0
[14783877ms] [WARNING] The resource https://i.ytimg.com/vi/-KnzDx8UV5M/maxresdefault.jpg was preloaded using link preload but not used within a few seconds from the window's load event. Please make sure it has an appropriate `as` value and it is preloaded intentionally. @ http://localhost:3000/:0
[14783877ms] [WARNING] The resource https://i.ytimg.com/vi/cXFQuxZF61Q/maxresdefault.jpg was preloaded using link preload but not used within a few seconds from the window's load event. Please make sure it has an appropriate `as` value and it is preloaded intentionally. @ http://localhost:3000/:0
[14783877ms] [WARNING] The resource https://i.ytimg.com/vi/haisvt45Kdc/maxresdefault.jpg was preloaded using link preload but not used within a few seconds from the window's load event. Please make sure it has an appropriate `as` value and it is preloaded intentionally. @ http://localhost:3000/:0
[14783877ms] [WARNING] The resource https://i.ytimg.com/vi/VKeF820DlGU/maxresdefault.jpg was preloaded using link preload but not used within a few seconds from the window's load event. Please make sure it has an appropriate `as` value and it is preloaded intentionally. @ http://localhost:3000/:0
[14795800ms] [WARNING] The resource https://i.ytimg.com/vi/732dkRJZOLE/maxresdefault.jpg was preloaded using link preload but not used within a few seconds from the window's load event. Please make sure it has an appropriate `as` value and it is preloaded intentionally. @ http://localhost:3000/:0
[14795800ms] [WARNING] The resource https://i.ytimg.com/vi/-KnzDx8UV5M/maxresdefault.jpg was preloaded using link preload but not used within a few seconds from the window's load event. Please make sure it has an appropriate `as` value and it is preloaded intentionally. @ http://localhost:3000/:0
[14795800ms] [WARNING] The resource https://i.ytimg.com/vi/cXFQuxZF61Q/maxresdefault.jpg was preloaded using link preload but not used within a few seconds from the window's load event. Please make sure it has an appropriate `as` value and it is preloaded intentionally. @ http://localhost:3000/:0
[14795800ms] [WARNING] The resource https://i.ytimg.com/vi/haisvt45Kdc/maxresdefault.jpg was preloaded using link preload but not used within a few seconds from the window's load event. Please make sure it has an appropriate `as` value and it is preloaded intentionally. @ http://localhost:3000/:0
[14795800ms] [WARNING] The resource https://i.ytimg.com/vi/VKeF820DlGU/maxresdefault.jpg was preloaded using link preload but not used within a few seconds from the window's load event. Please make sure it has an appropriate `as` value and it is preloaded intentionally. @ http://localhost:3000/:0
[14819301ms] [WARNING] The resource https://i.ytimg.com/vi/732dkRJZOLE/maxresdefault.jpg was preloaded using link preload but not used within a few seconds from the window's load event. Please make sure it has an appropriate `as` value and it is preloaded intentionally. @ http://localhost:3000/:0
[14819301ms] [WARNING] The resource https://i.ytimg.com/vi/-KnzDx8UV5M/maxresdefault.jpg was preloaded using link preload but not used within a few seconds from the window's load event. Please make sure it has an appropriate `as` value and it is preloaded intentionally. @ http://localhost:3000/:0
[14819301ms] [WARNING] The resource https://i.ytimg.com/vi/cXFQuxZF61Q/maxresdefault.jpg was preloaded using link preload but not used within a few seconds from the window's load event. Please make sure it has an appropriate `as` value and it is preloaded intentionally. @ http://localhost:3000/:0
[14819301ms] [WARNING] The resource https://i.ytimg.com/vi/haisvt45Kdc/maxresdefault.jpg was preloaded using link preload but not used within a few seconds from the window's load event. Please make sure it has an appropriate `as` value and it is preloaded intentionally. @ http://localhost:3000/:0
[14819301ms] [WARNING] The resource https://i.ytimg.com/vi/VKeF820DlGU/maxresdefault.jpg was preloaded using link preload but not used within a few seconds from the window's load event. Please make sure it has an appropriate `as` value and it is preloaded intentionally. @ http://localhost:3000/:0
[14831246ms] [WARNING] The resource https://i.ytimg.com/vi/732dkRJZOLE/maxresdefault.jpg was preloaded using link preload but not used within a few seconds from the window's load event. Please make sure it has an appropriate `as` value and it is preloaded intentionally. @ http://localhost:3000/:0
[14831246ms] [WARNING] The resource https://i.ytimg.com/vi/-KnzDx8UV5M/maxresdefault.jpg was preloaded using link preload but not used within a few seconds from the window's load event. Please make sure it has an appropriate `as` value and it is preloaded intentionally. @ http://localhost:3000/:0
[14831246ms] [WARNING] The resource https://i.ytimg.com/vi/cXFQuxZF61Q/maxresdefault.jpg was preloaded using link preload but not used within a few seconds from the window's load event. Please make sure it has an appropriate `as` value and it is preloaded intentionally. @ http://localhost:3000/:0
[14831246ms] [WARNING] The resource https://i.ytimg.com/vi/haisvt45Kdc/maxresdefault.jpg was preloaded using link preload but not used within a few seconds from the window's load event. Please make sure it has an appropriate `as` value and it is preloaded intentionally. @ http://localhost:3000/:0
[14831246ms] [WARNING] The resource https://i.ytimg.com/vi/VKeF820DlGU/maxresdefault.jpg was preloaded using link preload but not used within a few seconds from the window's load event. Please make sure it has an appropriate `as` value and it is preloaded intentionally. @ http://localhost:3000/:0
[14847368ms] [LOG] [Fast Refresh] rebuilding @ http://localhost:3000/_next/static/chunks/node_modules_next_dist_f3530cac._.js:2297
[14847685ms] [LOG] [Fast Refresh] done in 380ms @ http://localhost:3000/_next/static/chunks/node_modules_next_dist_f3530cac._.js:2297
[14850686ms] [WARNING] The resource https://i.ytimg.com/vi/732dkRJZOLE/maxresdefault.jpg was preloaded using link preload but not used within a few seconds from the window's load event. Please make sure it has an appropriate `as` value and it is preloaded intentionally. @ http://localhost:3000/:0
[14850686ms] [WARNING] The resource https://i.ytimg.com/vi/-KnzDx8UV5M/maxresdefault.jpg was preloaded using link preload but not used within a few seconds from the window's load event. Please make sure it has an appropriate `as` value and it is preloaded intentionally. @ http://localhost:3000/:0
[14850686ms] [WARNING] The resource https://i.ytimg.com/vi/cXFQuxZF61Q/maxresdefault.jpg was preloaded using link preload but not used within a few seconds from the window's load event. Please make sure it has an appropriate `as` value and it is preloaded intentionally. @ http://localhost:3000/:0
[14850686ms] [WARNING] The resource https://i.ytimg.com/vi/haisvt45Kdc/maxresdefault.jpg was preloaded using link preload but not used within a few seconds from the window's load event. Please make sure it has an appropriate `as` value and it is preloaded intentionally. @ http://localhost:3000/:0
[14850686ms] [WARNING] The resource https://i.ytimg.com/vi/VKeF820DlGU/maxresdefault.jpg was preloaded using link preload but not used within a few seconds from the window's load event. Please make sure it has an appropriate `as` value and it is preloaded intentionally. @ http://localhost:3000/:0
[14854743ms] [WARNING] The resource https://i.ytimg.com/vi/732dkRJZOLE/maxresdefault.jpg was preloaded using link preload but not used within a few seconds from the window's load event. Please make sure it has an appropriate `as` value and it is preloaded intentionally. @ http://localhost:3000/:0
[14854743ms] [WARNING] The resource https://i.ytimg.com/vi/-KnzDx8UV5M/maxresdefault.jpg was preloaded using link preload but not used within a few seconds from the window's load event. Please make sure it has an appropriate `as` value and it is preloaded intentionally. @ http://localhost:3000/:0
[14854743ms] [WARNING] The resource https://i.ytimg.com/vi/cXFQuxZF61Q/maxresdefault.jpg was preloaded using link preload but not used within a few seconds from the window's load event. Please make sure it has an appropriate `as` value and it is preloaded intentionally. @ http://localhost:3000/:0
[14854743ms] [WARNING] The resource https://i.ytimg.com/vi/haisvt45Kdc/maxresdefault.jpg was preloaded using link preload but not used within a few seconds from the window's load event. Please make sure it has an appropriate `as` value and it is preloaded intentionally. @ http://localhost:3000/:0
[14854743ms] [WARNING] The resource https://i.ytimg.com/vi/VKeF820DlGU/maxresdefault.jpg was preloaded using link preload but not used within a few seconds from the window's load event. Please make sure it has an appropriate `as` value and it is preloaded intentionally. @ http://localhost:3000/:0
[14866732ms] [WARNING] The resource https://i.ytimg.com/vi/732dkRJZOLE/maxresdefault.jpg was preloaded using link preload but not used within a few seconds from the window's load event. Please make sure it has an appropriate `as` value and it is preloaded intentionally. @ http://localhost:3000/:0
[14866733ms] [WARNING] The resource https://i.ytimg.com/vi/-KnzDx8UV5M/maxresdefault.jpg was preloaded using link preload but not used within a few seconds from the window's load event. Please make sure it has an appropriate `as` value and it is preloaded intentionally. @ http://localhost:3000/:0
[14866733ms] [WARNING] The resource https://i.ytimg.com/vi/cXFQuxZF61Q/maxresdefault.jpg was preloaded using link preload but not used within a few seconds from the window's load event. Please make sure it has an appropriate `as` value and it is preloaded intentionally. @ http://localhost:3000/:0
[14866733ms] [WARNING] The resource https://i.ytimg.com/vi/haisvt45Kdc/maxresdefault.jpg was preloaded using link preload but not used within a few seconds from the window's load event. Please make sure it has an appropriate `as` value and it is preloaded intentionally. @ http://localhost:3000/:0
[14866733ms] [WARNING] The resource https://i.ytimg.com/vi/VKeF820DlGU/maxresdefault.jpg was preloaded using link preload but not used within a few seconds from the window's load event. Please make sure it has an appropriate `as` value and it is preloaded intentionally. @ http://localhost:3000/:0
[14890191ms] [WARNING] The resource https://i.ytimg.com/vi/732dkRJZOLE/maxresdefault.jpg was preloaded using link preload but not used within a few seconds from the window's load event. Please make sure it has an appropriate `as` value and it is preloaded intentionally. @ http://localhost:3000/:0
[14890191ms] [WARNING] The resource https://i.ytimg.com/vi/-KnzDx8UV5M/maxresdefault.jpg was preloaded using link preload but not used within a few seconds from the window's load event. Please make sure it has an appropriate `as` value and it is preloaded intentionally. @ http://localhost:3000/:0
[14890191ms] [WARNING] The resource https://i.ytimg.com/vi/cXFQuxZF61Q/maxresdefault.jpg was preloaded using link preload but not used within a few seconds from the window's load event. Please make sure it has an appropriate `as` value and it is preloaded intentionally. @ http://localhost:3000/:0
[14890191ms] [WARNING] The resource https://i.ytimg.com/vi/haisvt45Kdc/maxresdefault.jpg was preloaded using link preload but not used within a few seconds from the window's load event. Please make sure it has an appropriate `as` value and it is preloaded intentionally. @ http://localhost:3000/:0
[14890192ms] [WARNING] The resource https://i.ytimg.com/vi/VKeF820DlGU/maxresdefault.jpg was preloaded using link preload but not used within a few seconds from the window's load event. Please make sure it has an appropriate `as` value and it is preloaded intentionally. @ http://localhost:3000/:0
[14902126ms] [WARNING] The resource https://i.ytimg.com/vi/732dkRJZOLE/maxresdefault.jpg was preloaded using link preload but not used within a few seconds from the window's load event. Please make sure it has an appropriate `as` value and it is preloaded intentionally. @ http://localhost:3000/:0
[14902126ms] [WARNING] The resource https://i.ytimg.com/vi/-KnzDx8UV5M/maxresdefault.jpg was preloaded using link preload but not used within a few seconds from the window's load event. Please make sure it has an appropriate `as` value and it is preloaded intentionally. @ http://localhost:3000/:0
[14902126ms] [WARNING] The resource https://i.ytimg.com/vi/cXFQuxZF61Q/maxresdefault.jpg was preloaded using link preload but not used within a few seconds from the window's load event. Please make sure it has an appropriate `as` value and it is preloaded intentionally. @ http://localhost:3000/:0
[14902126ms] [WARNING] The resource https://i.ytimg.com/vi/haisvt45Kdc/maxresdefault.jpg was preloaded using link preload but not used within a few seconds from the window's load event. Please make sure it has an appropriate `as` value and it is preloaded intentionally. @ http://localhost:3000/:0
[14902126ms] [WARNING] The resource https://i.ytimg.com/vi/VKeF820DlGU/maxresdefault.jpg was preloaded using link preload but not used within a few seconds from the window's load event. Please make sure it has an appropriate `as` value and it is preloaded intentionally. @ http://localhost:3000/:0
[14906596ms] [LOG] [Fast Refresh] rebuilding @ http://localhost:3000/_next/static/chunks/node_modules_next_dist_f3530cac._.js:2297
[14907274ms] [LOG] [Fast Refresh] done in 405ms @ http://localhost:3000/_next/static/chunks/node_modules_next_dist_f3530cac._.js:2297
[14910421ms] [WARNING] The resource https://i.ytimg.com/vi/732dkRJZOLE/maxresdefault.jpg was preloaded using link preload but not used within a few seconds from the window's load event. Please make sure it has an appropriate `as` value and it is preloaded intentionally. @ http://localhost:3000/:0
[14910421ms] [WARNING] The resource https://i.ytimg.com/vi/-KnzDx8UV5M/maxresdefault.jpg was preloaded using link preload but not used within a few seconds from the window's load event. Please make sure it has an appropriate `as` value and it is preloaded intentionally. @ http://localhost:3000/:0
[14910421ms] [WARNING] The resource https://i.ytimg.com/vi/cXFQuxZF61Q/maxresdefault.jpg was preloaded using link preload but not used within a few seconds from the window's load event. Please make sure it has an appropriate `as` value and it is preloaded intentionally. @ http://localhost:3000/:0
[14910421ms] [WARNING] The resource https://i.ytimg.com/vi/haisvt45Kdc/maxresdefault.jpg was preloaded using link preload but not used within a few seconds from the window's load event. Please make sure it has an appropriate `as` value and it is preloaded intentionally. @ http://localhost:3000/:0
[14910421ms] [WARNING] The resource https://i.ytimg.com/vi/VKeF820DlGU/maxresdefault.jpg was preloaded using link preload but not used within a few seconds from the window's load event. Please make sure it has an appropriate `as` value and it is preloaded intentionally. @ http://localhost:3000/:0
[14925655ms] [WARNING] The resource https://i.ytimg.com/vi/732dkRJZOLE/maxresdefault.jpg was preloaded using link preload but not used within a few seconds from the window's load event. Please make sure it has an appropriate `as` value and it is preloaded intentionally. @ http://localhost:3000/:0
[14925655ms] [WARNING] The resource https://i.ytimg.com/vi/-KnzDx8UV5M/maxresdefault.jpg was preloaded using link preload but not used within a few seconds from the window's load event. Please make sure it has an appropriate `as` value and it is preloaded intentionally. @ http://localhost:3000/:0
[14925655ms] [WARNING] The resource https://i.ytimg.com/vi/cXFQuxZF61Q/maxresdefault.jpg was preloaded using link preload but not used within a few seconds from the window's load event. Please make sure it has an appropriate `as` value and it is preloaded intentionally. @ http://localhost:3000/:0
[14925655ms] [WARNING] The resource https://i.ytimg.com/vi/haisvt45Kdc/maxresdefault.jpg was preloaded using link preload but not used within a few seconds from the window's load event. Please make sure it has an appropriate `as` value and it is preloaded intentionally. @ http://localhost:3000/:0
[14925655ms] [WARNING] The resource https://i.ytimg.com/vi/VKeF820DlGU/maxresdefault.jpg was preloaded using link preload but not used within a few seconds from the window's load event. Please make sure it has an appropriate `as` value and it is preloaded intentionally. @ http://localhost:3000/:0
[14927044ms] [LOG] [Fast Refresh] rebuilding @ http://localhost:3000/_next/static/chunks/node_modules_next_dist_f3530cac._.js:2297
[14927128ms] [LOG] [Fast Refresh] done in 187ms @ http://localhost:3000/_next/static/chunks/node_modules_next_dist_f3530cac._.js:2297
[14928663ms] [LOG] [Fast Refresh] rebuilding @ http://localhost:3000/_next/static/chunks/node_modules_next_dist_f3530cac._.js:2297
[14929008ms] [LOG] [Fast Refresh] done in 448ms @ http://localhost:3000/_next/static/chunks/node_modules_next_dist_f3530cac._.js:2297
[14931969ms] [WARNING] The resource https://i.ytimg.com/vi/732dkRJZOLE/maxresdefault.jpg was preloaded using link preload but not used within a few seconds from the window's load event. Please make sure it has an appropriate `as` value and it is preloaded intentionally. @ http://localhost:3000/:0
[14931970ms] [WARNING] The resource https://i.ytimg.com/vi/-KnzDx8UV5M/maxresdefault.jpg was preloaded using link preload but not used within a few seconds from the window's load event. Please make sure it has an appropriate `as` value and it is preloaded intentionally. @ http://localhost:3000/:0
[14931970ms] [WARNING] The resource https://i.ytimg.com/vi/cXFQuxZF61Q/maxresdefault.jpg was preloaded using link preload but not used within a few seconds from the window's load event. Please make sure it has an appropriate `as` value and it is preloaded intentionally. @ http://localhost:3000/:0
[14931970ms] [WARNING] The resource https://i.ytimg.com/vi/haisvt45Kdc/maxresdefault.jpg was preloaded using link preload but not used within a few seconds from the window's load event. Please make sure it has an appropriate `as` value and it is preloaded intentionally. @ http://localhost:3000/:0
[14931970ms] [WARNING] The resource https://i.ytimg.com/vi/VKeF820DlGU/maxresdefault.jpg was preloaded using link preload but not used within a few seconds from the window's load event. Please make sure it has an appropriate `as` value and it is preloaded intentionally. @ http://localhost:3000/:0
[14937588ms] [WARNING] The resource https://i.ytimg.com/vi/732dkRJZOLE/maxresdefault.jpg was preloaded using link preload but not used within a few seconds from the window's load event. Please make sure it has an appropriate `as` value and it is preloaded intentionally. @ http://localhost:3000/:0
[14937588ms] [WARNING] The resource https://i.ytimg.com/vi/-KnzDx8UV5M/maxresdefault.jpg was preloaded using link preload but not used within a few seconds from the window's load event. Please make sure it has an appropriate `as` value and it is preloaded intentionally. @ http://localhost:3000/:0
[14937588ms] [WARNING] The resource https://i.ytimg.com/vi/cXFQuxZF61Q/maxresdefault.jpg was preloaded using link preload but not used within a few seconds from the window's load event. Please make sure it has an appropriate `as` value and it is preloaded intentionally. @ http://localhost:3000/:0
[14937588ms] [WARNING] The resource https://i.ytimg.com/vi/haisvt45Kdc/maxresdefault.jpg was preloaded using link preload but not used within a few seconds from the window's load event. Please make sure it has an appropriate `as` value and it is preloaded intentionally. @ http://localhost:3000/:0
[14937588ms] [WARNING] The resource https://i.ytimg.com/vi/VKeF820DlGU/maxresdefault.jpg was preloaded using link preload but not used within a few seconds from the window's load event. Please make sure it has an appropriate `as` value and it is preloaded intentionally. @ http://localhost:3000/:0
[14961106ms] [WARNING] The resource https://i.ytimg.com/vi/732dkRJZOLE/maxresdefault.jpg was preloaded using link preload but not used within a few seconds from the window's load event. Please make sure it has an appropriate `as` value and it is preloaded intentionally. @ http://localhost:3000/:0
[14961106ms] [WARNING] The resource https://i.ytimg.com/vi/-KnzDx8UV5M/maxresdefault.jpg was preloaded using link preload but not used within a few seconds from the window's load event. Please make sure it has an appropriate `as` value and it is preloaded intentionally. @ http://localhost:3000/:0
[14961106ms] [WARNING] The resource https://i.ytimg.com/vi/cXFQuxZF61Q/maxresdefault.jpg was preloaded using link preload but not used within a few seconds from the window's load event. Please make sure it has an appropriate `as` value and it is preloaded intentionally. @ http://localhost:3000/:0
[14961106ms] [WARNING] The resource https://i.ytimg.com/vi/haisvt45Kdc/maxresdefault.jpg was preloaded using link preload but not used within a few seconds from the window's load event. Please make sure it has an appropriate `as` value and it is preloaded intentionally. @ http://localhost:3000/:0
[14961106ms] [WARNING] The resource https://i.ytimg.com/vi/VKeF820DlGU/maxresdefault.jpg was preloaded using link preload but not used within a few seconds from the window's load event. Please make sure it has an appropriate `as` value and it is preloaded intentionally. @ http://localhost:3000/:0
[14973781ms] [WARNING] The resource https://i.ytimg.com/vi/732dkRJZOLE/maxresdefault.jpg was preloaded using link preload but not used within a few seconds from the window's load event. Please make sure it has an appropriate `as` value and it is preloaded intentionally. @ http://localhost:3000/:0
[14973781ms] [WARNING] The resource https://i.ytimg.com/vi/-KnzDx8UV5M/maxresdefault.jpg was preloaded using link preload but not used within a few seconds from the window's load event. Please make sure it has an appropriate `as` value and it is preloaded intentionally. @ http://localhost:3000/:0
[14973781ms] [WARNING] The resource https://i.ytimg.com/vi/cXFQuxZF61Q/maxresdefault.jpg was preloaded using link preload but not used within a few seconds from the window's load event. Please make sure it has an appropriate `as` value and it is preloaded intentionally. @ http://localhost:3000/:0
[14973781ms] [WARNING] The resource https://i.ytimg.com/vi/haisvt45Kdc/maxresdefault.jpg was preloaded using link preload but not used within a few seconds from the window's load event. Please make sure it has an appropriate `as` value and it is preloaded intentionally. @ http://localhost:3000/:0
[14973781ms] [WARNING] The resource https://i.ytimg.com/vi/VKeF820DlGU/maxresdefault.jpg was preloaded using link preload but not used within a few seconds from the window's load event. Please make sure it has an appropriate `as` value and it is preloaded intentionally. @ http://localhost:3000/:0
[14996543ms] [WARNING] The resource https://i.ytimg.com/vi/732dkRJZOLE/maxresdefault.jpg was preloaded using link preload but not used within a few seconds from the window's load event. Please make sure it has an appropriate `as` value and it is preloaded intentionally. @ http://localhost:3000/:0
[14996543ms] [WARNING] The resource https://i.ytimg.com/vi/-KnzDx8UV5M/maxresdefault.jpg was preloaded using link preload but not used within a few seconds from the window's load event. Please make sure it has an appropriate `as` value and it is preloaded intentionally. @ http://localhost:3000/:0
[14996543ms] [WARNING] The resource https://i.ytimg.com/vi/cXFQuxZF61Q/maxresdefault.jpg was preloaded using link preload but not used within a few seconds from the window's load event. Please make sure it has an appropriate `as` value and it is preloaded intentionally. @ http://localhost:3000/:0
[14996543ms] [WARNING] The resource https://i.ytimg.com/vi/haisvt45Kdc/maxresdefault.jpg was preloaded using link preload but not used within a few seconds from the window's load event. Please make sure it has an appropriate `as` value and it is preloaded intentionally. @ http://localhost:3000/:0
[14996543ms] [WARNING] The resource https://i.ytimg.com/vi/VKeF820DlGU/maxresdefault.jpg was preloaded using link preload but not used within a few seconds from the window's load event. Please make sure it has an appropriate `as` value and it is preloaded intentionally. @ http://localhost:3000/:0
